record_id,customer_id,payment_id,customer_payment_count,customer_success_rate,customer_previous_failures,payment_amount,currency,payment_method,failure_reason,attempt_number,hours_since_failure,action_taken,previous_action,previous_attempt_count,recovered,amount_recovered,recovery_time_hours
rec_b1cbc263f0b0e7,cust_4499d0a61500,pay_20e4dbfe470367,2,0.923,0,6798.14,INR,upi,insufficient_funds,1,1.33,REMINDER,,0,False,0.0,0.0
rec_610256376f0230,cust_c36b9a0a41e0,pay_44f760a8bb9095,22,0.883,3,38478.12,INR,card,insufficient_funds,1,1.35,REMINDER,,0,True,38478.12,1.78
rec_608d4b5419130b,cust_4d8131f52719,pay_1fe72d214526ed,14,0.418,8,2114.14,INR,upi,insufficient_funds,1,0.27,REMINDER,,0,True,2114.14,2.28
rec_4563cafe8d31df,cust_c82f78fd936c,pay_c8613afa1ae175,42,0.895,4,18678.44,INR,upi,insufficient_funds,1,1.66,REMINDER,,0,False,0.0,0.0
rec_ce5b961f585d40,cust_c82f78fd936c,pay_c8613afa1ae175,42,0.895,4,18678.44,INR,upi,insufficient_funds,2,13.38,ESCALATE,REMINDER,1,True,18678.44,15.75
rec_a3a22f35b9b513,cust_deaf0fa924a6,pay_e1cc233c9838d1,29,0.782,6,7291.76,INR,card,bank_timeout,1,1.08,RETRY,,0,True,7291.76,2.93
rec_d063d3e7ec7ef0,cust_ae38cf4647f8,pay_9bd3f580ad9f83,34,0.762,8,1480.8,INR,upi,insufficient_funds,1,0.99,RETRY,,0,False,0.0,0.0
rec_ceefd2c97e2b73,cust_d03bcbfcdca7,pay_4e3fd50bf28c63,14,0.9,1,1074.66,INR,card,bank_timeout,1,1.49,RETRY,,0,True,1074.66,3.36
rec_b3dd0cfb6ccb6a,cust_3a2516fe8a27,pay_bb15894aeeb47b,9,0.787,2,1592.85,INR,upi,network_error,1,1.11,RETRY,,0,True,1592.85,3.2
rec_e75f58ba86052b,cust_73d92aceb746,pay_a942b4d7bd2dff,10,0.832,2,43287.16,INR,netbanking,authentication_failed,1,1.26,RETRY,,0,False,0.0,0.0
rec_0d08367ef3d5f7,cust_73d92aceb746,pay_a942b4d7bd2dff,10,0.832,2,43287.16,INR,netbanking,authentication_failed,2,6.86,PAYMENT_LINK,RETRY,1,False,0.0,0.0
rec_37abaaf864c460,cust_80499bbf76f6,pay_1cfcdf01f8401e,4,0.905,0,2100.38,INR,netbanking,technical_error,1,1.73,RETRY,,0,True,2100.38,1.79
rec_5ac2a17666edef,cust_a2fba345a84c,pay_0911e215e4b708,63,0.742,16,45913.98,INR,netbanking,bank_timeout,1,0.11,RETRY,,0,True,45913.98,1.02
rec_89534e152ea37b,cust_2e7d952b785b,pay_8772df4a15b1c4,37,0.917,3,629.39,INR,card,authentication_failed,1,0.4,PAYMENT_LINK,,0,True,629.39,1.18
rec_e6a7caf754ca68,cust_59a1120e1bb4,pay_d6e0217ca801f1,11,0.884,1,590.65,INR,upi,bank_timeout,1,1.78,RETRY,,0,True,590.65,2.16
rec_b9dac7798079cd,cust_5c39b57dbc0d,pay_f5aed2e97ab313,15,0.617,6,5392.2,INR,upi,authentication_failed,1,1.62,PAYMENT_LINK,,0,False,0.0,0.0
rec_caef3c9e1b9dff,cust_5c39b57dbc0d,pay_f5aed2e97ab313,15,0.617,6,5392.2,INR,upi,authentication_failed,2,18.4,ESCALATE,PAYMENT_LINK,1,False,0.0,0.0
rec_2709f5b29e1be5,cust_46426c458d03,pay_c4735700037e7f,28,0.36,18,3468.36,INR,netbanking,insufficient_funds,1,1.23,REMINDER,,0,True,3468.36,1.48
rec_304c9c7b2e625a,cust_711c76738535,pay_1d71f339c44842,9,0.742,2,11948.31,INR,card,technical_error,1,0.48,PAYMENT_LINK,,0,False,0.0,0.0
rec_66ba7e5121de23,cust_711c76738535,pay_1d71f339c44842,9,0.742,2,11948.31,INR,card,technical_error,2,18.36,REMINDER,PAYMENT_LINK,1,False,0.0,0.0
rec_0d394b57a4d4df,cust_27b608dc589d,pay_0485742a6d2231,10,0.931,1,3818.42,INR,card,insufficient_funds,1,0.68,PAYMENT_LINK,,0,True,3818.42,1.9
rec_2f51aca66e4ff4,cust_34879e411a9c,pay_59dcbe0ff1685d,1,0.938,0,5222.72,INR,netbanking,bank_timeout,1,0.1,RETRY,,0,True,5222.72,0.84
rec_3cfe18e95f20ac,cust_d5759337549c,pay_1c8d23b44dea52,16,0.708,5,237.25,INR,upi,technical_error,1,0.73,RETRY,,0,False,0.0,0.0
rec_a12ac11c21677d,cust_d5759337549c,pay_1c8d23b44dea52,16,0.708,5,237.25,INR,upi,technical_error,2,13.13,PAYMENT_LINK,RETRY,1,False,0.0,0.0
rec_b884590288973a,cust_50ee7a92a091,pay_e9846baaf7e47c,10,0.875,1,10356.68,INR,card,insufficient_funds,1,0.29,REMINDER,,0,True,10356.68,1.5
rec_7b9a21c4115558,cust_4f11d8dc5cd3,pay_b62b9f628ced48,9,0.819,2,2654.81,INR,netbanking,payment_method_issue,1,1.95,PAYMENT_LINK,,0,False,0.0,0.0
rec_462e9af3996222,cust_4f11d8dc5cd3,pay_b62b9f628ced48,9,0.819,2,2654.81,INR,netbanking,payment_method_issue,2,10.65,STOP,PAYMENT_LINK,1,False,0.0,0.0
rec_6257ae9c826011,cust_19474d1a63d3,pay_0ba24c4f4a26eb,12,0.708,4,14311.03,INR,wallet,bank_timeout,1,1.65,RETRY,,0,True,14311.03,1.88
rec_4bde7d883867f6,cust_c09c2ebe80da,pay_34f902b74580a4,8,0.711,2,647.01,INR,card,network_error,1,1.77,RETRY,,0,True,647.01,3.11
rec_88db369235c0c0,cust_0770d18fc916,pay_0bad4234395370,1,0.959,0,1016.16,INR,upi,payment_method_issue,1,0.63,RETRY,,0,True,1016.16,3.08
rec_02aa1c76d0e046,cust_cd32e7120c76,pay_f8e351ea9aebbc,16,0.5,8,432.09,INR,upi,authentication_failed,1,1.47,REMINDER,,0,False,0.0,0.0
rec_0400e249f8bb16,cust_cd32e7120c76,pay_f8e351ea9aebbc,16,0.5,8,432.09,INR,upi,authentication_failed,2,16.65,PAYMENT_LINK,REMINDER,1,False,0.0,0.0
rec_cec79642a13a9d,cust_eca04629e05b,pay_1b3fd4b095509b,13,0.786,3,9193.04,INR,wallet,bank_timeout,1,1.29,RETRY,,0,True,9193.04,2.13
rec_48340d51a5c6c5,cust_2dc091587b83,pay_bad4f3e03b5235,14,0.816,3,6317.76,INR,netbanking,bank_timeout,1,0.44,PAYMENT_LINK,,0,True,6317.76,1.69
rec_ced89c97c01d1c,cust_1b84edc3d8e0,pay_64ea1dd3d147a0,26,0.832,4,4690.63,INR,card,insufficient_funds,1,0.96,PAYMENT_LINK,,0,False,0.0,0.0
rec_a4fcc79cd49cc5,cust_1b84edc3d8e0,pay_64ea1dd3d147a0,26,0.832,4,4690.63,INR,card,insufficient_funds,2,3.15,PAYMENT_LINK,PAYMENT_LINK,1,True,4690.63,3.47
rec_c279d9137afd29,cust_9acb394acd1f,pay_44852295156684,6,0.971,0,1955.68,INR,card,unknown,1,1.92,PAYMENT_LINK,,0,True,1955.68,3.7
rec_d623c671e2eed6,cust_13f392894dcc,pay_54edfb704eb0c8,21,0.711,6,881.66,INR,upi,insufficient_funds,1,1.13,PAYMENT_LINK,,0,False,0.0,0.0
rec_fda2f9a02b6838,cust_b38a088ca65e,pay_3a0761d90624eb,3,0.707,1,611.65,INR,upi,bank_timeout,1,1.77,PAYMENT_LINK,,0,False,0.0,0.0
rec_2674d1ff6cdcd3,cust_5cae9610c72c,pay_5b7887ed4824fa,17,0.909,2,1133.43,INR,card,payment_method_issue,1,0.26,PAYMENT_LINK,,0,True,1133.43,1.13
rec_c71cdac2260d76,cust_1c3efda4689b,pay_49793220d14bc7,35,0.967,1,489.98,INR,netbanking,network_error,1,1.87,RETRY,,0,True,489.98,1.93
rec_51beadc15a4491,cust_38e59b2716dc,pay_b8a9f704725aa1,18,0.89,2,11787.05,INR,netbanking,bank_timeout,1,0.91,RETRY,,0,True,11787.05,1.27
rec_1567f88e6276ee,cust_e606d7c21e18,pay_9a0bd63d69f841,5,0.825,1,6001.19,INR,netbanking,authentication_failed,1,0.57,PAYMENT_LINK,,0,True,6001.19,1.92
rec_596ed71ce94f03,cust_bcd2e8eb3f55,pay_b18925a6c6cec5,3,0.948,0,4974.01,INR,card,insufficient_funds,1,0.49,PAYMENT_LINK,,0,True,4974.01,0.87
rec_bbab3b0e60a145,cust_d0713f73582a,pay_75dc037d4b7148,16,0.878,2,2588.27,INR,wallet,payment_method_issue,1,0.56,PAYMENT_LINK,,0,True,2588.27,2.97
rec_c3f26a392653de,cust_02b3c9484db6,pay_1b2375d0b38f10,20,0.802,4,3663.93,INR,netbanking,technical_error,1,0.16,RETRY,,0,True,3663.93,1.6
rec_80d7f8052c6fc0,cust_798b07573036,pay_b2d515d18706f7,48,0.809,9,29867.07,INR,upi,insufficient_funds,1,1.33,PAYMENT_LINK,,0,True,29867.07,2.95
rec_f37985dffa5960,cust_3ad24ac8bf70,pay_f2bffc3fae0e28,15,0.939,1,7987.4,INR,netbanking,payment_method_issue,1,1.05,PAYMENT_LINK,,0,True,7987.4,3.48
rec_2a31edfd61667c,cust_47c68688ecf3,pay_380a402d0e55ce,27,0.713,8,2502.01,INR,wallet,authentication_failed,1,0.25,PAYMENT_LINK,,0,False,0.0,0.0
rec_9a6aabb15cda03,cust_47c68688ecf3,pay_380a402d0e55ce,27,0.713,8,2502.01,INR,wallet,authentication_failed,2,3.12,PAYMENT_LINK,PAYMENT_LINK,1,True,2502.01,3.83
rec_0b7ce5c6909686,cust_57bcad3ad0a1,pay_29aaaa7e483eb6,7,0.946,0,381.89,INR,upi,network_error,1,0.69,RETRY,,0,True,381.89,1.4
rec_18ede297acb83f,cust_3e4c943a3dab,pay_508855810c4cee,3,0.732,1,1063.09,INR,wallet,network_error,1,1.92,RETRY,,0,True,1063.09,2.84
rec_17e1e8f6a03e70,cust_6cfbf1736b4d,pay_ceb7f2d6808ead,1,0.617,0,3213.17,INR,upi,insufficient_funds,1,1.75,PAYMENT_LINK,,0,False,0.0,0.0
rec_21962a11c90cd1,cust_6544e3136ea0,pay_ae742530ceb6bf,4,0.752,1,9919.43,INR,card,unknown,1,1.08,PAYMENT_LINK,,0,False,0.0,0.0
rec_b6779a11e40399,cust_6544e3136ea0,pay_ae742530ceb6bf,4,0.752,1,9919.43,INR,card,unknown,2,8.5,PAYMENT_LINK,PAYMENT_LINK,1,False,0.0,0.0
rec_16509f14e5278e,cust_f27f3ad74890,pay_9c425665ff3c03,10,0.901,1,11622.14,INR,upi,unknown,1,0.29,REMINDER,,0,True,11622.14,2.47
rec_ec95ccf1a6798a,cust_25e4240364f2,pay_4bacfa4aef1e4a,11,0.762,3,983.33,INR,card,bank_timeout,1,0.44,RETRY,,0,True,983.33,1.12
rec_8185716a69c718,cust_fdb1429e7010,pay_0a22be567cfe8a,16,0.748,4,1001.55,INR,upi,authentication_failed,1,1.39,PAYMENT_LINK,,0,True,1001.55,2.21
rec_636295093919e3,cust_aa5f8dfca0b3,pay_a4d47431fa38f5,20,0.499,10,2412.65,INR,upi,authentication_failed,1,0.39,PAYMENT_LINK,,0,False,0.0,0.0
rec_108134dc542709,cust_c8ee46bf571f,pay_77eee00f7743c1,12,0.763,3,11101.14,INR,upi,bank_timeout,1,1.49,REMINDER,,0,False,0.0,0.0
rec_1d447f4179e984,cust_c8ee46bf571f,pay_77eee00f7743c1,12,0.763,3,11101.14,INR,upi,bank_timeout,2,8.57,STOP,REMINDER,1,False,0.0,0.0
rec_79315fc6fa82f6,cust_466534972fe9,pay_27dea64c8b8a71,1,0.748,0,17530.23,INR,card,authentication_failed,1,1.98,PAYMENT_LINK,,0,False,0.0,0.0
rec_a2bc67154087be,cust_466534972fe9,pay_27dea64c8b8a71,1,0.748,0,17530.23,INR,card,authentication_failed,2,7.39,PAYMENT_LINK,PAYMENT_LINK,1,True,17530.23,9.3
rec_4c01f701c0d025,cust_65f202f983f0,pay_14eae37c67b291,1,0.712,0,2193.18,INR,netbanking,authentication_failed,1,1.37,REMINDER,,0,True,2193.18,3.63
rec_13eb459932d4d3,cust_a8535961632d,pay_79ba547e7b4bca,3,0.905,0,2393.8,INR,wallet,insufficient_funds,1,1.83,RETRY,,0,False,0.0,0.0
rec_be2a85c6bbfecb,cust_a8535961632d,pay_79ba547e7b4bca,3,0.905,0,2393.8,INR,wallet,insufficient_funds,2,15.39,REMINDER,RETRY,1,True,2393.8,17.07
rec_a261078d202f00,cust_73bb84e533f7,pay_e58118d1268794,31,0.71,9,611.96,INR,netbanking,bank_timeout,1,1.94,RETRY,,0,True,611.96,3.09
rec_5ec91fdc03add1,cust_031eef965f71,pay_bee6b06e37f7a9,6,0.939,0,27966.85,INR,upi,bank_timeout,1,0.82,REMINDER,,0,False,0.0,0.0
rec_1d0678b755f8bb,cust_b92da22b21df,pay_8088a7de4e9549,1,0.887,0,4122.71,INR,upi,unknown,1,0.89,REMINDER,,0,False,0.0,0.0
rec_1966d047db642c,cust_15f7ef61da4e,pay_8d8142152d4900,21,0.805,4,1718.74,INR,upi,technical_error,1,1.41,RETRY,,0,False,0.0,0.0
rec_1a8a76f369499f,cust_15f7ef61da4e,pay_8d8142152d4900,21,0.805,4,1718.74,INR,upi,technical_error,2,19.34,RETRY,RETRY,1,True,1718.74,20.98
rec_78360477db3945,cust_c78e0272c43b,pay_1986133d8b73ab,10,0.284,7,7530.25,INR,netbanking,network_error,1,1.72,PAYMENT_LINK,,0,False,0.0,0.0
rec_e71594ffd6a6e6,cust_8325bd9ebf98,pay_76c53d2be9fdd3,8,0.816,1,2496.17,INR,upi,network_error,1,0.11,RETRY,,0,True,2496.17,2.32
rec_3de8a4cd6e15c5,cust_29d0c613b0c7,pay_e672abf5011078,5,0.859,1,13242.57,INR,card,network_error,1,1.7,RETRY,,0,True,13242.57,2.17
rec_3b20d1546ff98c,cust_dff47c515ed1,pay_64b078a7a4f9a6,28,0.882,3,10211.98,INR,upi,bank_timeout,1,1.31,RETRY,,0,False,0.0,0.0
rec_c31db215d7d0dc,cust_dff47c515ed1,pay_64b078a7a4f9a6,28,0.882,3,10211.98,INR,upi,bank_timeout,2,4.9,RETRY,RETRY,1,True,10211.98,6.5
rec_be09f835067965,cust_3d175712d8b2,pay_f2de05fd28b7b5,14,0.896,1,460.11,INR,card,bank_timeout,1,1.56,RETRY,,0,True,460.11,3.99
rec_ef5a9491153d16,cust_b2a0f778809d,pay_5badd755c7101f,5,0.851,1,2026.06,INR,card,bank_timeout,1,1.7,PAYMENT_LINK,,0,True,2026.06,2.39
rec_19c59f2d640b7b,cust_14fcdd549e8f,pay_ddefb7bb945094,2,0.358,1,1484.56,INR,upi,bank_timeout,1,0.64,RETRY,,0,True,1484.56,1.58
rec_9b4dbb90a19733,cust_0cd620c20ea2,pay_f58f41b07c8c65,42,0.852,6,4892.66,INR,upi,payment_method_issue,1,1.3,PAYMENT_LINK,,0,True,4892.66,3.56
rec_375fdd57270026,cust_dedab0276550,pay_58c6d166fe65b7,23,0.865,3,1918.21,INR,upi,bank_timeout,1,1.51,RETRY,,0,True,1918.21,1.62
rec_bec5104077902d,cust_8f0881ee8011,pay_53d9a4dd078d27,17,0.806,3,432.64,INR,upi,bank_timeout,1,0.62,RETRY,,0,False,0.0,0.0
rec_34b16488cb4a1b,cust_5115d7ee3b90,pay_ec1f015566629b,13,0.922,1,683.29,INR,upi,payment_method_issue,1,0.63,PAYMENT_LINK,,0,False,0.0,0.0
rec_2ad0d57e730c19,cust_ed56c7145a96,pay_6c7a0c9d723764,12,0.847,2,959.69,INR,card,bank_timeout,1,0.83,RETRY,,0,False,0.0,0.0
rec_a82e2d6137164f,cust_eb22ec1d4df6,pay_4b21151268e931,14,0.86,2,10895.27,INR,wallet,authentication_failed,1,0.86,REMINDER,,0,True,10895.27,1.37
rec_8f9afd511a58fa,cust_ba1082170ad7,pay_02774ef31f4f4a,12,0.893,1,229.52,INR,card,insufficient_funds,1,1.61,REMINDER,,0,True,229.52,3.13
rec_6bd63443464017,cust_974ebb877ea4,pay_dc233c06ceb380,8,0.473,4,8165.54,INR,upi,network_error,1,0.93,RETRY,,0,True,8165.54,2.19
rec_09795e75671e9b,cust_bf67de423a0a,pay_9756fd3353ae10,21,0.943,1,1812.96,INR,card,authentication_failed,1,1.73,RETRY,,0,False,0.0,0.0
rec_d471104f1859c5,cust_bf67de423a0a,pay_9756fd3353ae10,21,0.943,1,1812.96,INR,card,authentication_failed,2,18.06,RETRY,RETRY,1,True,1812.96,19.69
rec_1f14eb34e914ae,cust_90ebba129412,pay_c0f1fa3a513357,15,0.514,7,422.35,INR,upi,authentication_failed,1,0.19,ESCALATE,,0,False,0.0,0.0
rec_e7232e8ad0ef0c,cust_d8914adf341c,pay_0c3edd5c395901,7,0.932,0,4248.61,INR,wallet,technical_error,1,1.48,RETRY,,0,False,0.0,0.0
rec_ecc385552b9b4f,cust_12476f57a5e5,pay_0d700c8bde3639,6,0.775,1,2396.84,INR,card,payment_method_issue,1,0.24,REMINDER,,0,False,0.0,0.0
rec_5268c87947d193,cust_ab132032b2e1,pay_dca524f251bfc9,4,0.904,0,1834.56,INR,netbanking,payment_method_issue,1,1.31,PAYMENT_LINK,,0,True,1834.56,2.53
rec_aba5d1c9035c5d,cust_01aec50599a0,pay_c425d02043892f,11,0.815,2,430.82,INR,upi,technical_error,1,1.35,RETRY,,0,True,430.82,3.78
rec_eaacabb4380248,cust_a93e7b5b1e4a,pay_5727bd831ac2c9,3,0.801,1,1852.46,INR,upi,technical_error,1,1.54,RETRY,,0,True,1852.46,2.83
rec_043f1b5f3d9580,cust_e13a14ca5911,pay_33f92a87837261,11,0.716,3,4691.58,INR,card,bank_timeout,1,0.68,RETRY,,0,True,4691.58,2.88
rec_190a40d65ea9f2,cust_720b274b82a7,pay_a971540479eae4,2,0.863,0,1184.48,INR,card,authentication_failed,1,0.77,PAYMENT_LINK,,0,True,1184.48,1.64
rec_1d7cf46d383661,cust_942130904368,pay_31a580d76c2ec0,15,0.932,1,1326.54,INR,upi,authentication_failed,1,1.04,REMINDER,,0,False,0.0,0.0
rec_e1f217be39f99c,cust_942130904368,pay_31a580d76c2ec0,15,0.932,1,1326.54,INR,upi,authentication_failed,2,3.89,PAYMENT_LINK,REMINDER,1,True,1326.54,4.1
rec_182047f700cb9c,cust_f97a822c15e5,pay_19ef13bf649423,12,0.875,2,2506.39,INR,upi,authentication_failed,1,0.42,REMINDER,,0,False,0.0,0.0
rec_558492ba6d8c55,cust_d0096b2a0041,pay_4e29b9dabd350d,10,0.955,0,9191.42,INR,card,network_error,1,0.42,RETRY,,0,False,0.0,0.0
rec_d5da16fd4a6899,cust_00a854738242,pay_ade03e6c2bb4a4,2,0.902,0,3087.6,INR,card,insufficient_funds,1,0.1,REMINDER,,0,True,3087.6,0.19
rec_4d171ebc5a45b8,cust_ec3b9258f943,pay_c67736bc258675,21,0.888,2,1051.89,INR,upi,insufficient_funds,1,1.5,PAYMENT_LINK,,0,True,1051.89,2.44
rec_5b7117bd244211,cust_5e5b2ad8b473,pay_dd7902fcdb617a,10,0.974,0,34638.06,INR,card,network_error,1,1.48,REMINDER,,0,False,0.0,0.0
rec_f5538cd3fcc1c4,cust_a0b8575544ca,pay_f9299271b22058,18,0.837,3,776.66,INR,card,payment_method_issue,1,0.82,PAYMENT_LINK,,0,True,776.66,2.21
rec_9110c9fd747cb1,cust_4588fc1bb238,pay_594de8d7add74b,8,0.851,1,6519.24,INR,upi,unknown,1,0.69,PAYMENT_LINK,,0,True,6519.24,2.24
rec_03fddd084b7336,cust_55327432b118,pay_f82f2dc31c3573,2,0.903,0,2795.25,INR,card,network_error,1,1.09,RETRY,,0,True,2795.25,2.33
rec_8f8d4107c4d5ac,cust_1a7167c76875,pay_1f997c8097d38a,2,0.826,0,1055.3,INR,upi,network_error,1,0.1,RETRY,,0,True,1055.3,2.25
rec_f7873461662c4f,cust_49a23a89e6b5,pay_fef43c9c248455,4,0.703,1,6888.46,INR,netbanking,insufficient_funds,1,0.16,PAYMENT_LINK,,0,False,0.0,0.0
rec_905c3fd92c5d84,cust_49a23a89e6b5,pay_fef43c9c248455,4,0.703,1,6888.46,INR,netbanking,insufficient_funds,2,16.63,ESCALATE,PAYMENT_LINK,1,False,0.0,0.0
rec_3312de73c48563,cust_49a23a89e6b5,pay_fef43c9c248455,4,0.703,1,6888.46,INR,netbanking,insufficient_funds,3,25.6,STOP,ESCALATE,2,False,0.0,0.0
rec_b1b2b9c6712072,cust_13f3cade7a10,pay_3313f36c8de58a,4,0.897,0,438.67,INR,upi,authentication_failed,1,1.14,RETRY,,0,False,0.0,0.0
rec_c960b8514d696e,cust_ff1b654d6c65,pay_5aac72b177e7ad,9,0.774,2,1376.42,INR,upi,bank_timeout,1,1.16,RETRY,,0,False,0.0,0.0
rec_0db4897a4b188a,cust_ff1b654d6c65,pay_5aac72b177e7ad,9,0.774,2,1376.42,INR,upi,bank_timeout,2,7.04,REMINDER,RETRY,1,True,1376.42,8.42
rec_7b417aed90c0e6,cust_157511addbea,pay_01862029ab8a50,2,0.834,0,2335.39,INR,upi,technical_error,1,0.26,ESCALATE,,0,True,2335.39,1.77
rec_4d074581279f5d,cust_f36cb62b892e,pay_aca6549295a97d,4,0.754,1,2206.46,INR,upi,authentication_failed,1,1.17,PAYMENT_LINK,,0,False,0.0,0.0
rec_b01200ab9fa870,cust_f36cb62b892e,pay_aca6549295a97d,4,0.754,1,2206.46,INR,upi,authentication_failed,2,13.22,REMINDER,PAYMENT_LINK,1,False,0.0,0.0
rec_344c96cc3f48e5,cust_f36cb62b892e,pay_aca6549295a97d,4,0.754,1,2206.46,INR,upi,authentication_failed,3,18.43,PAYMENT_LINK,REMINDER,2,True,2206.46,20.64
rec_a87d2106dbfbfe,cust_902059e4ff9a,pay_6405d362719dea,5,0.72,1,540.07,INR,upi,unknown,1,1.66,PAYMENT_LINK,,0,False,0.0,0.0
rec_be9e01a9d18c7f,cust_902059e4ff9a,pay_6405d362719dea,5,0.72,1,540.07,INR,upi,unknown,2,13.53,REMINDER,PAYMENT_LINK,1,False,0.0,0.0
rec_7affd9bd79e584,cust_902059e4ff9a,pay_6405d362719dea,5,0.72,1,540.07,INR,upi,unknown,3,26.05,PAYMENT_LINK,REMINDER,2,False,0.0,0.0
rec_4d81c859949e24,cust_8e8c71d8359d,pay_7e32e5d096b939,2,0.978,0,969.51,INR,upi,network_error,1,0.98,RETRY,,0,True,969.51,1.32
rec_35f5afea80d215,cust_bc633d6c6eaf,pay_71c966b39eb039,17,0.734,5,2738.76,INR,wallet,insufficient_funds,1,1.47,ESCALATE,,0,False,0.0,0.0
rec_64d88360ec68fc,cust_63021daa5ba3,pay_10116af48356ed,14,0.928,1,622.93,INR,upi,authentication_failed,1,0.97,PAYMENT_LINK,,0,False,0.0,0.0
rec_a8b260709b1872,cust_63021daa5ba3,pay_10116af48356ed,14,0.928,1,622.93,INR,upi,authentication_failed,2,4.06,ESCALATE,PAYMENT_LINK,1,False,0.0,0.0
rec_2121cc4f425ca2,cust_63021daa5ba3,pay_10116af48356ed,14,0.928,1,622.93,INR,upi,authentication_failed,3,8.95,ESCALATE,ESCALATE,2,False,0.0,0.0
rec_3b45d977c2896a,cust_d4e20134389a,pay_95a15905591cc4,5,0.295,4,6633.96,INR,card,technical_error,1,0.4,RETRY,,0,False,0.0,0.0
rec_c36b0890710802,cust_c891c9c68952,pay_3c92f1abcbacc3,3,0.259,2,2665.12,INR,upi,insufficient_funds,1,1.95,PAYMENT_LINK,,0,True,2665.12,2.09
rec_bdfdcc7b33815e,cust_b6ac20488430,pay_2c8fabbcec6dd4,12,0.723,3,2155.43,INR,card,unknown,1,1.19,RETRY,,0,False,0.0,0.0
rec_aeaf39512f701b,cust_3de667f9bfc4,pay_16054b9e313a4c,2,0.81,0,1960.52,INR,upi,bank_timeout,1,1.64,RETRY,,0,True,1960.52,3.03
rec_91b3f921122461,cust_2bde3c78a931,pay_30accfda7f055b,34,0.767,8,8133.33,INR,upi,insufficient_funds,1,1.28,PAYMENT_LINK,,0,True,8133.33,2.38
rec_f7d65f6a2869b5,cust_026f05f619ce,pay_1e307f1019d56f,6,0.834,1,343.14,INR,upi,bank_timeout,1,1.66,PAYMENT_LINK,,0,True,343.14,2.59
rec_0843280a07aca3,cust_9d2ce51b37e8,pay_848be725da6b00,3,0.74,1,31001.79,INR,upi,bank_timeout,1,1.43,RETRY,,0,False,0.0,0.0
rec_b3fdc2b89c2912,cust_23204ff5b538,pay_c3c5bbb5e355ce,5,0.907,0,770.85,INR,netbanking,insufficient_funds,1,1.54,PAYMENT_LINK,,0,True,770.85,3.56
rec_59aa7cd5a67c7b,cust_4c618a436f04,pay_121d87acfb267d,19,0.836,3,34729.41,INR,upi,bank_timeout,1,1.15,RETRY,,0,True,34729.41,1.29
rec_c403b430631a9c,cust_032a461adf9b,pay_f8b1f902e05f03,7,0.777,2,2806.49,INR,card,network_error,1,0.47,RETRY,,0,True,2806.49,0.56
rec_69bea8c93a24ec,cust_da003f16b946,pay_8caef9ec6d44f7,1,0.89,0,1425.27,INR,netbanking,unknown,1,0.8,PAYMENT_LINK,,0,True,1425.27,1.42
rec_ff82bf843e86cc,cust_899a5349cb93,pay_0bb8382f916ba2,11,0.718,3,12567.12,INR,upi,technical_error,1,0.25,RETRY,,0,True,12567.12,1.16
rec_f1015bfe4d7efc,cust_e27bb6c44d94,pay_1f540e96a85759,8,0.856,1,3687.4,INR,netbanking,bank_timeout,1,1.44,PAYMENT_LINK,,0,False,0.0,0.0
rec_447d30b8e49a3c,cust_e27bb6c44d94,pay_1f540e96a85759,8,0.856,1,3687.4,INR,netbanking,bank_timeout,2,9.31,REMINDER,PAYMENT_LINK,1,False,0.0,0.0
rec_9f32fd3ef35820,cust_e27bb6c44d94,pay_1f540e96a85759,8,0.856,1,3687.4,INR,netbanking,bank_timeout,3,16.41,REMINDER,REMINDER,2,True,3687.4,17.31
rec_c3a215ffa66060,cust_dd81b7f57d59,pay_d767a6da231b0c,4,0.864,1,20760.9,INR,upi,bank_timeout,1,0.81,RETRY,,0,False,0.0,0.0
rec_9696e8334728dd,cust_dd81b7f57d59,pay_d767a6da231b0c,4,0.864,1,20760.9,INR,upi,bank_timeout,2,10.07,PAYMENT_LINK,RETRY,1,False,0.0,0.0
rec_04d340e87ecfbf,cust_dd81b7f57d59,pay_d767a6da231b0c,4,0.864,1,20760.9,INR,upi,bank_timeout,3,18.22,ESCALATE,PAYMENT_LINK,2,True,20760.9,18.95
rec_ec35fb0c561266,cust_47e321c2a4ba,pay_34aababd397574,9,0.746,2,2046.79,INR,upi,network_error,1,0.16,REMINDER,,0,False,0.0,0.0
rec_5748218a070017,cust_47e321c2a4ba,pay_34aababd397574,9,0.746,2,2046.79,INR,upi,network_error,2,15.41,PAYMENT_LINK,REMINDER,1,False,0.0,0.0
rec_bc441fbcedb688,cust_47e321c2a4ba,pay_34aababd397574,9,0.746,2,2046.79,INR,upi,network_error,3,29.02,ESCALATE,PAYMENT_LINK,2,False,0.0,0.0
rec_fe1be3e9bee1dc,cust_4c618a436f04,pay_f3d54f3e635b36,19,0.836,3,9101.73,INR,netbanking,payment_method_issue,1,0.98,PAYMENT_LINK,,0,True,9101.73,1.43
rec_cf6d2a9da72d0b,cust_9acb394acd1f,pay_ccb1dc1e47dbf6,6,0.971,0,5469.54,INR,wallet,network_error,1,0.66,RETRY,,0,True,5469.54,1.37
rec_689ab92d37c486,cust_ce88cb2dd4e8,pay_a928a5b291855a,5,0.96,0,939.65,INR,card,insufficient_funds,1,0.94,RETRY,,0,False,0.0,0.0
rec_f40b077950640a,cust_ce88cb2dd4e8,pay_a928a5b291855a,5,0.96,0,939.65,INR,card,insufficient_funds,2,3.88,RETRY,RETRY,1,False,0.0,0.0
rec_dc4e557f81b859,cust_225aed6cf045,pay_46b1654ac96782,5,0.489,3,1584.8,INR,card,bank_timeout,1,1.76,RETRY,,0,False,0.0,0.0
rec_b6ecb84ef3a2dc,cust_225aed6cf045,pay_46b1654ac96782,5,0.489,3,1584.8,INR,card,bank_timeout,2,10.8,PAYMENT_LINK,RETRY,1,False,0.0,0.0
rec_d29c0131d44260,cust_373aedf8431e,pay_db847c06d84d64,38,0.705,11,7863.97,INR,card,bank_timeout,1,0.31,RETRY,,0,True,7863.97,0.86
rec_5e4908c8290a42,cust_6f96288295d8,pay_4878383ae037e9,8,0.957,0,1113.31,INR,upi,insufficient_funds,1,0.88,REMINDER,,0,False,0.0,0.0
rec_362387b49be9ec,cust_6f96288295d8,pay_4878383ae037e9,8,0.957,0,1113.31,INR,upi,insufficient_funds,2,3.59,STOP,REMINDER,1,False,0.0,0.0
rec_13caaeb6f486a2,cust_899a5349cb93,pay_c7e75797b73c91,11,0.718,3,10051.2,INR,upi,payment_method_issue,1,0.82,REMINDER,,0,True,10051.2,2.74
rec_44e928ac5122f0,cust_23a13e207fd2,pay_930e7347ff70ab,15,0.6,6,9605.56,INR,upi,bank_timeout,1,1.77,RETRY,,0,False,0.0,0.0
rec_c4844743cc8ba7,cust_23a13e207fd2,pay_930e7347ff70ab,15,0.6,6,9605.56,INR,upi,bank_timeout,2,6.89,REMINDER,RETRY,1,False,0.0,0.0
rec_3db538c9b16d3d,cust_23a13e207fd2,pay_930e7347ff70ab,15,0.6,6,9605.56,INR,upi,bank_timeout,3,24.53,PAYMENT_LINK,REMINDER,2,False,0.0,0.0
rec_3eb4a52789a132,cust_085606848a6f,pay_8f7a1e435a1ba9,11,0.924,1,2759.98,INR,upi,authentication_failed,1,0.95,PAYMENT_LINK,,0,False,0.0,0.0
rec_cbbd373242a1a4,cust_085606848a6f,pay_8f7a1e435a1ba9,11,0.924,1,2759.98,INR,upi,authentication_failed,2,15.37,REMINDER,PAYMENT_LINK,1,False,0.0,0.0
rec_ee1caec8b61d1f,cust_b676291d4e32,pay_6bc822f46893a3,12,0.771,3,614.52,INR,upi,payment_method_issue,1,0.48,PAYMENT_LINK,,0,True,614.52,1.56
rec_3dcead918e93ab,cust_5bb5c40c03cd,pay_d577c13108b92e,4,0.885,0,2131.13,INR,wallet,bank_timeout,1,1.75,REMINDER,,0,False,0.0,0.0
rec_9bd7871c976b1a,cust_5bb5c40c03cd,pay_d577c13108b92e,4,0.885,0,2131.13,INR,wallet,bank_timeout,2,15.14,PAYMENT_LINK,REMINDER,1,False,0.0,0.0
rec_f32de5305ade80,cust_5bb5c40c03cd,pay_d577c13108b92e,4,0.885,0,2131.13,INR,wallet,bank_timeout,3,27.01,STOP,PAYMENT_LINK,2,False,0.0,0.0
rec_e545fcc626fa46,cust_36fea0b438cd,pay_73230f23a17e34,9,0.383,6,6921.21,INR,upi,network_error,1,1.49,RETRY,,0,False,0.0,0.0
rec_70473d9d520826,cust_36fea0b438cd,pay_73230f23a17e34,9,0.383,6,6921.21,INR,upi,network_error,2,3.61,REMINDER,RETRY,1,False,0.0,0.0
rec_c1de6d58518e58,cust_f9fc9c3f3206,pay_c5e3be15f1dc52,9,0.628,3,1031.58,INR,card,authentication_failed,1,1.8,REMINDER,,0,False,0.0,0.0
rec_bb21d347fd3c90,cust_f9fc9c3f3206,pay_c5e3be15f1dc52,9,0.628,3,1031.58,INR,card,authentication_failed,2,6.65,PAYMENT_LINK,REMINDER,1,False,0.0,0.0
rec_c0e354e79b2df8,cust_ab310bfef5dd,pay_9d8feee1e12c66,27,0.832,5,1171.57,INR,card,insufficient_funds,1,1.02,PAYMENT_LINK,,0,False,0.0,0.0
rec_d288b06ad51f03,cust_6544e3136ea0,pay_1891e25c2418c7,4,0.752,1,2547.61,INR,upi,bank_timeout,1,1.81,RETRY,,0,False,0.0,0.0
rec_71e007b0bb6a36,cust_6544e3136ea0,pay_1891e25c2418c7,4,0.752,1,2547.61,INR,upi,bank_timeout,2,4.22,PAYMENT_LINK,RETRY,1,False,0.0,0.0
rec_1eb46d3bd84126,cust_6544e3136ea0,pay_1891e25c2418c7,4,0.752,1,2547.61,INR,upi,bank_timeout,3,14.55,ESCALATE,PAYMENT_LINK,2,True,2547.61,14.87
rec_a170920c741638,cust_355cca9cfb6b,pay_dd500d6b163cb5,1,0.916,0,978.67,INR,upi,unknown,1,1.63,RETRY,,0,True,978.67,2.06
rec_f2fda085091f73,cust_277fecc6196b,pay_b01cad4eb4f17c,5,0.842,1,2788.24,INR,upi,payment_method_issue,1,1.61,REMINDER,,0,False,0.0,0.0
rec_db6ea0ba842ca5,cust_5cabcc97663f,pay_604f3c8d961a99,10,0.864,1,4981.89,INR,card,insufficient_funds,1,1.02,REMINDER,,0,True,4981.89,2.63
rec_f44f5031a82d48,cust_3b6dca0d6fe5,pay_7d9def75113808,16,0.973,0,782.93,INR,card,insufficient_funds,1,0.6,REMINDER,,0,False,0.0,0.0
rec_498a9d9dc39159,cust_afe3af138917,pay_4ac81bdae0028f,10,0.61,4,7412.0,INR,upi,authentication_failed,1,1.13,PAYMENT_LINK,,0,False,0.0,0.0
rec_afedc6c3697905,cust_698f546d5f29,pay_6cc3f8aaa9943d,6,0.978,0,1500.26,INR,card,bank_timeout,1,1.42,PAYMENT_LINK,,0,True,1500.26,3.44
rec_44b0703f0dfc73,cust_f68c62e6e2a4,pay_e3caa0c4371132,17,0.975,0,6681.05,INR,upi,insufficient_funds,1,1.38,RETRY,,0,False,0.0,0.0
rec_928fbbae38a7c6,cust_f68c62e6e2a4,pay_e3caa0c4371132,17,0.975,0,6681.05,INR,upi,insufficient_funds,2,11.15,PAYMENT_LINK,RETRY,1,True,6681.05,11.31
rec_c4196c8ac44fc2,cust_546fcba3b336,pay_1c3da4eba012c6,13,0.542,6,35305.32,INR,card,authentication_failed,1,0.14,REMINDER,,0,True,35305.32,1.92
rec_f0a4be8a3fab0c,cust_5aff459440dd,pay_5cb2703335e0ed,7,0.885,1,2957.61,INR,netbanking,insufficient_funds,1,1.46,PAYMENT_LINK,,0,True,2957.61,2.52
rec_a7c02a5960bb38,cust_63f2ae24fc3d,pay_1a3ecc7186cc55,3,0.716,1,2414.76,INR,card,insufficient_funds,1,0.15,REMINDER,,0,True,2414.76,2.04
rec_cae9250b9693ff,cust_da5a8bc37331,pay_15bd18badcaaf6,3,0.895,0,1611.63,INR,upi,network_error,1,0.14,RETRY,,0,False,0.0,0.0
rec_8329bd1a6cd6ce,cust_da5a8bc37331,pay_15bd18badcaaf6,3,0.895,0,1611.63,INR,upi,network_error,2,8.4,RETRY,RETRY,1,False,0.0,0.0
rec_81b01ca488800d,cust_140ff5896c62,pay_198493ce33e1f6,50,0.606,20,2035.94,INR,upi,insufficient_funds,1,0.28,REMINDER,,0,False,0.0,0.0
rec_c34055005f6bbc,cust_140ff5896c62,pay_198493ce33e1f6,50,0.606,20,2035.94,INR,upi,insufficient_funds,2,6.19,PAYMENT_LINK,REMINDER,1,False,0.0,0.0
rec_72742e763b6bec,cust_140ff5896c62,pay_198493ce33e1f6,50,0.606,20,2035.94,INR,upi,insufficient_funds,3,16.94,PAYMENT_LINK,PAYMENT_LINK,2,True,2035.94,19.38
rec_b918a6e885fde9,cust_0a76bd919e7f,pay_551a7dcd4f8420,14,0.299,10,1962.76,INR,card,authentication_failed,1,0.49,PAYMENT_LINK,,0,True,1962.76,1.53
rec_7d1d3494cb712e,cust_c47dd6784d31,pay_7e50a000c474e1,13,0.719,4,1071.07,INR,card,bank_timeout,1,0.71,RETRY,,0,True,1071.07,2.45
rec_bf86ad63851ab9,cust_2c56e0cda5ba,pay_5263f8e03c5969,19,0.702,6,1551.39,INR,upi,network_error,1,1.49,RETRY,,0,True,1551.39,1.85
rec_b84e2f114b523d,cust_7688d11fce47,pay_1d191f64f8cf81,8,0.382,5,1386.71,INR,card,technical_error,1,1.03,RETRY,,0,True,1386.71,1.81
rec_767f509578dc34,cust_e0354d75a90d,pay_9d7739b25287e5,28,0.877,3,8074.29,INR,card,insufficient_funds,1,1.4,RETRY,,0,False,0.0,0.0
rec_22a597cfed8707,cust_e0354d75a90d,pay_9d7739b25287e5,28,0.877,3,8074.29,INR,card,insufficient_funds,2,6.77,PAYMENT_LINK,RETRY,1,False,0.0,0.0
rec_267d46e72de1bd,cust_e0354d75a90d,pay_9d7739b25287e5,28,0.877,3,8074.29,INR,card,insufficient_funds,3,11.4,ESCALATE,PAYMENT_LINK,2,False,0.0,0.0
rec_3150e60ded8982,cust_451b4cf36123,pay_3303343c300b6e,12,0.904,1,7839.58,INR,card,bank_timeout,1,0.99,RETRY,,0,True,7839.58,1.59
rec_904c01a1434fe1,cust_304630085fa7,pay_5e05b8b14e45a7,7,0.765,2,6629.42,INR,card,authentication_failed,1,1.35,PAYMENT_LINK,,0,False,0.0,0.0
rec_c88a9a7400af08,cust_08cac260b3f5,pay_c41c233da51396,12,0.886,1,1810.84,INR,netbanking,authentication_failed,1,1.94,REMINDER,,0,False,0.0,0.0
rec_2a3189ba24b17e,cust_08cac260b3f5,pay_c41c233da51396,12,0.886,1,1810.84,INR,netbanking,authentication_failed,2,7.65,PAYMENT_LINK,REMINDER,1,False,0.0,0.0
rec_5ae0bb5a797763,cust_1a3d1fa7bc89,pay_f84791e0e55d32,13,0.777,3,1631.77,INR,upi,network_error,1,0.72,RETRY,,0,True,1631.77,1.69
rec_8ed2de161ec809,cust_13ad3ead816e,pay_e21f01671404e4,20,0.78,4,4925.09,INR,card,authentication_failed,1,0.63,PAYMENT_LINK,,0,True,4925.09,2.38
rec_eee5b33e2dd34f,cust_2fb504019d26,pay_ddbb3fa40679c4,10,0.912,1,1504.01,INR,upi,network_error,1,0.51,ESCALATE,,0,False,0.0,0.0
rec_96107189016ff4,cust_2fb504019d26,pay_ddbb3fa40679c4,10,0.912,1,1504.01,INR,upi,network_error,2,14.47,PAYMENT_LINK,ESCALATE,1,False,0.0,0.0
rec_f89cad3f0ea66d,cust_acc216a01bbc,pay_40f66fdeea7255,14,0.93,1,235.38,INR,card,authentication_failed,1,1.32,ESCALATE,,0,False,0.0,0.0
rec_b4a4cb80273793,cust_8f5486b7c7b5,pay_7886f504ed758b,28,0.77,6,36024.86,INR,upi,insufficient_funds,1,1.76,RETRY,,0,True,36024.86,1.88
rec_d6578ecb552988,cust_c73323044822,pay_d8868de4d5853f,6,0.683,2,1440.46,INR,upi,insufficient_funds,1,1.73,RETRY,,0,False,0.0,0.0
rec_ba9cee3d25c379,cust_0e88c8ece651,pay_e7dd93a52b5194,27,0.742,7,39440.71,INR,card,bank_timeout,1,1.36,RETRY,,0,True,39440.71,1.88
rec_160a5654b24034,cust_b474634949fc,pay_9bc88efe4688d6,10,0.972,0,1614.3,INR,card,network_error,1,1.69,RETRY,,0,True,1614.3,2.58
rec_b96a33aae09012,cust_98dbf732dde4,pay_172f0d9beb02c6,6,0.294,4,440.97,INR,card,authentication_failed,1,0.14,PAYMENT_LINK,,0,False,0.0,0.0
rec_45d62ecd3030d7,cust_9adfe9816ab1,pay_f151ff15a46ee9,44,0.931,3,19261.89,INR,upi,bank_timeout,1,0.2,RETRY,,0,True,19261.89,1.02
rec_d5b07c12f31d40,cust_c1836315330f,pay_b2932bfb426507,7,0.636,3,457.75,INR,card,insufficient_funds,1,1.57,RETRY,,0,False,0.0,0.0
rec_58cfd9666f1104,cust_c1836315330f,pay_b2932bfb426507,7,0.636,3,457.75,INR,card,insufficient_funds,2,12.93,PAYMENT_LINK,RETRY,1,False,0.0,0.0
rec_a190aa44a88875,cust_3c70dfcafba2,pay_57992f42351b3e,2,0.906,0,7533.89,INR,netbanking,network_error,1,0.27,RETRY,,0,True,7533.89,0.4
rec_19a7361be729b0,cust_94f79dbac581,pay_5f4dec1d52af89,19,0.905,2,2042.25,INR,netbanking,insufficient_funds,1,0.3,RETRY,,0,True,2042.25,1.51
rec_99d754775f8b00,cust_72e588e94b4f,pay_8bf9a66d7782e8,10,0.917,1,259.9,INR,netbanking,insufficient_funds,1,1.19,PAYMENT_LINK,,0,False,0.0,0.0
rec_ef4c113dc35f4e,cust_72e588e94b4f,pay_8bf9a66d7782e8,10,0.917,1,259.9,INR,netbanking,insufficient_funds,2,8.6,REMINDER,PAYMENT_LINK,1,True,259.9,11.03
rec_c0793f649167ad,cust_28b58db58c46,pay_c6299ca66d0767,10,0.816,2,1815.97,INR,upi,bank_timeout,1,0.42,RETRY,,0,True,1815.97,1.75
rec_2f4187bc149379,cust_3b5e2d657ce7,pay_0dc5d7d9f5bce0,11,0.89,1,23752.78,INR,upi,technical_error,1,0.97,RETRY,,0,True,23752.78,3.18
rec_d4d328086054a5,cust_91ddb9bf613d,pay_3ea6ca65b960df,11,0.743,3,1753.98,INR,upi,bank_timeout,1,0.4,RETRY,,0,True,1753.98,0.97
rec_ab7d09b27d01d7,cust_22b5f4571860,pay_63380b421887fa,4,0.684,1,2335.52,INR,card,network_error,1,1.81,RETRY,,0,True,2335.52,2.82
rec_361352a00b53d4,cust_99487f821831,pay_9bc81ea5e2b5e7,34,0.915,3,857.44,INR,card,authentication_failed,1,0.1,PAYMENT_LINK,,0,True,857.44,0.71
rec_ce65050b77052c,cust_171e16cc5da3,pay_2e0c5488a76f7d,16,0.676,5,996.9,INR,upi,technical_error,1,0.17,RETRY,,0,True,996.9,1.89
rec_4d8e6d5e0df473,cust_83601fb5b45b,pay_dcca9a71a7e701,2,0.899,0,2458.36,INR,card,bank_timeout,1,1.06,RETRY,,0,True,2458.36,2.75
rec_c275da34881e40,cust_9642b0525379,pay_ce9fbfeb9a87e4,14,0.918,1,7052.43,INR,card,insufficient_funds,1,0.74,PAYMENT_LINK,,0,False,0.0,0.0
rec_4201938b971444,cust_9642b0525379,pay_ce9fbfeb9a87e4,14,0.918,1,7052.43,INR,card,insufficient_funds,2,8.88,REMINDER,PAYMENT_LINK,1,True,7052.43,9.76
rec_d1b51519c44f37,cust_096765693cb2,pay_747a2ecddf48d6,10,0.728,3,1500.34,INR,card,technical_error,1,0.97,RETRY,,0,True,1500.34,2.06
rec_250768f2ba0ebd,cust_3e19fc1d9f6a,pay_6ac475a55b5cd6,1,0.858,0,1107.97,INR,upi,authentication_failed,1,0.78,REMINDER,,0,True,1107.97,1.04
rec_fa1267979bfe97,cust_2e7d952b785b,pay_f8cb57ff586b3c,37,0.917,3,1927.28,INR,netbanking,payment_method_issue,1,1.87,PAYMENT_LINK,,0,True,1927.28,2.72
rec_e98f8c8ad63c04,cust_9b2e18c05a24,pay_833bde7861c50c,11,0.846,2,14993.91,INR,netbanking,network_error,1,0.9,REMINDER,,0,True,14993.91,2.55
rec_c73f41d2b05958,cust_2bffe17b5324,pay_42cf4e6d92262e,15,0.732,4,35391.86,INR,upi,network_error,1,1.42,RETRY,,0,True,35391.86,3.76
rec_18deabfe5172e4,cust_0ceaaf73aced,pay_660f475f9ac88b,5,0.736,1,37771.56,INR,card,insufficient_funds,1,0.14,PAYMENT_LINK,,0,True,37771.56,1.66
rec_57314c4657cb9e,cust_23e2fcb472d8,pay_10501d6538973d,5,0.359,3,9553.48,INR,upi,insufficient_funds,1,0.9,REMINDER,,0,False,0.0,0.0
rec_b29e21268840e7,cust_23e2fcb472d8,pay_10501d6538973d,5,0.359,3,9553.48,INR,upi,insufficient_funds,2,8.01,ESCALATE,REMINDER,1,True,9553.48,10.15
rec_7395734b50b9ff,cust_2d6b8a4e18a7,pay_a923895d08429e,24,0.818,4,11709.51,INR,upi,authentication_failed,1,0.76,ESCALATE,,0,False,0.0,0.0
rec_21b6eb84899fad,cust_6e06809725e9,pay_2aaf196695be6c,29,0.934,2,8084.03,INR,upi,network_error,1,1.53,RETRY,,0,False,0.0,0.0
rec_4764a95699685a,cust_fb7d9f1c57eb,pay_3618187c37e2dc,2,0.729,1,33688.17,INR,card,bank_timeout,1,1.58,RETRY,,0,True,33688.17,3.47
rec_730f8b28ecaf54,cust_e2ba9fceaebb,pay_e27f7dc7aa0b46,29,0.874,4,8698.1,INR,upi,authentication_failed,1,1.11,PAYMENT_LINK,,0,False,0.0,0.0
rec_2379750a3964af,cust_a6fd0cb116e6,pay_885cc79300dab7,40,0.881,5,9866.41,INR,upi,network_error,1,0.29,RETRY,,0,True,9866.41,0.8
rec_63abbef5a77426,cust_ec3b9258f943,pay_9211d6cc997d4c,21,0.888,2,11509.4,INR,card,bank_timeout,1,1.18,RETRY,,0,True,11509.4,3.05
rec_758daaee760fdd,cust_1139fa1234c1,pay_753057b9295026,7,0.947,0,2648.02,INR,card,payment_method_issue,1,1.85,PAYMENT_LINK,,0,False,0.0,0.0
rec_01c31adc11e12e,cust_7f85c4e71177,pay_cbf80a9f3dec16,12,0.728,3,1490.94,INR,upi,technical_error,1,1.69,REMINDER,,0,False,0.0,0.0
rec_dcb71b1f785fa1,cust_7f85c4e71177,pay_cbf80a9f3dec16,12,0.728,3,1490.94,INR,upi,technical_error,2,15.67,REMINDER,REMINDER,1,False,0.0,0.0
rec_1ef8aca7898f35,cust_7f85c4e71177,pay_cbf80a9f3dec16,12,0.728,3,1490.94,INR,upi,technical_error,3,23.84,ESCALATE,REMINDER,2,False,0.0,0.0
rec_70a6d78ba64e23,cust_78460474927c,pay_b6fac9b988bf6b,2,0.885,0,1545.26,INR,upi,insufficient_funds,1,0.86,REMINDER,,0,True,1545.26,2.67
rec_a45c7178547c90,cust_632dbb5e486b,pay_4333240ad8d99a,7,0.744,2,8218.31,INR,upi,network_error,1,0.8,RETRY,,0,True,8218.31,2.03
rec_859353fa25e4e6,cust_ec993c800b7d,pay_c0a400887dd7fc,12,0.445,7,927.0,INR,card,insufficient_funds,1,1.6,REMINDER,,0,False,0.0,0.0
rec_b74112a5f1dde1,cust_ec993c800b7d,pay_c0a400887dd7fc,12,0.445,7,927.0,INR,card,insufficient_funds,2,8.21,PAYMENT_LINK,REMINDER,1,True,927.0,9.15
rec_9590690125fb24,cust_9e35836f66aa,pay_709ad1abb68c55,44,0.896,5,4389.97,INR,netbanking,bank_timeout,1,1.25,RETRY,,0,True,4389.97,3.38
rec_a5fc00b57c3911,cust_823c7ef9cd85,pay_dec78f9ebed649,4,0.612,2,27422.28,INR,upi,bank_timeout,1,0.75,PAYMENT_LINK,,0,True,27422.28,1.72
rec_75961b937fb0b7,cust_d7825ea3bbff,pay_e5aa8c5a7be752,4,0.879,0,2071.49,INR,card,bank_timeout,1,0.49,RETRY,,0,True,2071.49,0.83
rec_f62f197d8da40d,cust_0d5740850f0a,pay_bf0aabdfd708bd,15,0.772,3,10047.79,INR,upi,bank_timeout,1,0.48,RETRY,,0,True,10047.79,1.34
rec_74c0bea3b7a63c,cust_6cfbf1736b4d,pay_f86e92d61456a8,1,0.617,0,7019.7,INR,upi,bank_timeout,1,1.61,REMINDER,,0,False,0.0,0.0
rec_89747baf19283c,cust_fdf02450585b,pay_176350f54708b4,1,0.4,1,9600.04,INR,netbanking,payment_method_issue,1,0.35,PAYMENT_LINK,,0,True,9600.04,2.27
rec_b850b4401c8cd4,cust_0a4e5b70a6d9,pay_12b3b3eba247a4,100,0.882,12,524.94,INR,card,bank_timeout,1,1.13,RETRY,,0,True,524.94,2.61
rec_4cb50736a5310b,cust_887fe19cf7ba,pay_ce46abf396c49c,7,0.361,4,9799.89,INR,wallet,bank_timeout,1,0.87,RETRY,,0,True,9799.89,2.1
rec_2dc5852129c2f1,cust_a9151364778a,pay_ad8716e146794c,41,0.556,18,1063.65,INR,upi,unknown,1,1.9,RETRY,,0,False,0.0,0.0
rec_57a99ae7717572,cust_a9151364778a,pay_ad8716e146794c,41,0.556,18,1063.65,INR,upi,unknown,2,4.95,PAYMENT_LINK,RETRY,1,False,0.0,0.0
rec_2793b627ac00cd,cust_f7aeede80a11,pay_c75ee63d318f79,8,0.881,1,848.05,INR,card,insufficient_funds,1,1.56,REMINDER,,0,False,0.0,0.0
rec_2839d888a99f8c,cust_f7aeede80a11,pay_c75ee63d318f79,8,0.881,1,848.05,INR,card,insufficient_funds,2,8.74,PAYMENT_LINK,REMINDER,1,True,848.05,9.21
rec_50ba8eddbec657,cust_6c936f698269,pay_9860f848a74b29,19,0.819,3,10017.79,INR,card,payment_method_issue,1,1.0,PAYMENT_LINK,,0,True,10017.79,1.87
rec_b777dcb9a97c69,cust_c41001080256,pay_6ac89d70c33ffe,1,0.667,0,2830.96,INR,card,insufficient_funds,1,1.33,REMINDER,,0,True,2830.96,3.39
rec_b8a4c19ff105c2,cust_abf390964a68,pay_ca79bb306d7088,33,0.453,18,1761.59,INR,upi,network_error,1,1.27,RETRY,,0,True,1761.59,1.71
rec_ec7172e77028eb,cust_63b4c08b6b8e,pay_b013b95163db2b,7,0.816,1,38846.16,INR,card,unknown,1,1.21,RETRY,,0,False,0.0,0.0
rec_a9230810c34604,cust_29ede7602334,pay_12f0ed7dbff49c,15,0.939,1,2369.68,INR,upi,bank_timeout,1,0.39,RETRY,,0,True,2369.68,1.04
rec_2f23cd0c36fdf9,cust_161d6acf1eb6,pay_05981489b087ab,22,0.531,10,2354.74,INR,netbanking,network_error,1,1.5,RETRY,,0,False,0.0,0.0
rec_b43d4bf9f8b034,cust_161d6acf1eb6,pay_05981489b087ab,22,0.531,10,2354.74,INR,netbanking,network_error,2,8.64,PAYMENT_LINK,RETRY,1,False,0.0,0.0
rec_6928cf38a469db,cust_161d6acf1eb6,pay_05981489b087ab,22,0.531,10,2354.74,INR,netbanking,network_error,3,14.78,ESCALATE,PAYMENT_LINK,2,False,0.0,0.0
rec_e9b9339e0f6eed,cust_161d6acf1eb6,pay_05981489b087ab,22,0.531,10,2354.74,INR,netbanking,network_error,4,23.62,STOP,ESCALATE,3,False,0.0,0.0
rec_c7d4a10f8eec22,cust_0ffa23664b4f,pay_6feccac290d2ab,1,0.428,1,48471.03,INR,netbanking,insufficient_funds,1,1.12,PAYMENT_LINK,,0,True,48471.03,1.36
rec_26f6ed64bd2af2,cust_b048faa112ae,pay_d9fafbb9d8a712,8,0.551,4,2781.99,INR,upi,unknown,1,1.53,PAYMENT_LINK,,0,True,2781.99,2.69
rec_39a8ab5e022f8a,cust_409d36025084,pay_56fdc5049341dd,35,0.492,18,2386.12,INR,upi,payment_method_issue,1,1.79,PAYMENT_LINK,,0,False,0.0,0.0
rec_539d5223c48d27,cust_409d36025084,pay_56fdc5049341dd,35,0.492,18,2386.12,INR,upi,payment_method_issue,2,8.95,PAYMENT_LINK,PAYMENT_LINK,1,False,0.0,0.0
rec_0a199083d83e26,cust_4ce6929f7a44,pay_d24f7225c519fd,9,0.822,2,1192.01,INR,netbanking,technical_error,1,0.39,RETRY,,0,True,1192.01,0.5
rec_2326e3d006fce6,cust_caf0f4421020,pay_53d47caf11bb79,3,0.866,0,11356.19,INR,upi,bank_timeout,1,0.41,RETRY,,0,False,0.0,0.0
rec_be7301e9de16a0,cust_caf0f4421020,pay_53d47caf11bb79,3,0.866,0,11356.19,INR,upi,bank_timeout,2,16.45,RETRY,RETRY,1,True,11356.19,18.82
rec_35aad597c1b0f4,cust_f5948a545f80,pay_70449b5172624b,9,0.368,6,774.77,INR,upi,technical_error,1,0.28,REMINDER,,0,False,0.0,0.0
rec_cdac6327614996,cust_1e42d2b80067,pay_bfeb32a45bbf78,3,0.898,0,27775.03,INR,card,bank_timeout,1,1.06,RETRY,,0,False,0.0,0.0
rec_d627224e4f5af6,cust_1e42d2b80067,pay_bfeb32a45bbf78,3,0.898,0,27775.03,INR,card,bank_timeout,2,9.78,STOP,RETRY,1,False,0.0,0.0
rec_0b9d55cd52c1e2,cust_e893be3d7354,pay_a6e997aed909f4,12,0.763,3,2998.18,INR,card,authentication_failed,1,0.84,RETRY,,0,False,0.0,0.0
rec_7845a524b1f01f,cust_e893be3d7354,pay_a6e997aed909f4,12,0.763,3,2998.18,INR,card,authentication_failed,2,5.09,PAYMENT_LINK,RETRY,1,True,2998.18,5.45
rec_e10b37815d7518,cust_96ef2ad6b97e,pay_ddc8ca3735b721,18,0.761,4,5637.76,INR,upi,technical_error,1,0.9,RETRY,,0,True,5637.76,2.93
rec_24f384efdf3d3d,cust_83d1677a79a6,pay_343e623f7f5fca,21,0.873,3,1949.87,INR,netbanking,insufficient_funds,1,0.71,PAYMENT_LINK,,0,False,0.0,0.0
rec_19a12723287dff,cust_83d1677a79a6,pay_343e623f7f5fca,21,0.873,3,1949.87,INR,netbanking,insufficient_funds,2,17.33,PAYMENT_LINK,PAYMENT_LINK,1,True,1949.87,18.85
rec_e648d7ae78304c,cust_ee9bf3e11d27,pay_10fab909fcfa1e,4,0.929,0,1530.93,INR,wallet,technical_error,1,1.12,RETRY,,0,False,0.0,0.0
rec_150a5643a8c1fb,cust_fffe77c839fe,pay_5d96d4598a3c87,3,0.965,0,37400.08,INR,card,authentication_failed,1,1.68,PAYMENT_LINK,,0,True,37400.08,3.7
rec_44482593e2327c,cust_6e8d0018a04d,pay_9d719800e30d0d,2,0.444,1,832.43,INR,card,authentication_failed,1,0.72,REMINDER,,0,False,0.0,0.0
rec_d9caa609ef438b,cust_6e8d0018a04d,pay_9d719800e30d0d,2,0.444,1,832.43,INR,card,authentication_failed,2,14.88,PAYMENT_LINK,REMINDER,1,True,832.43,16.55
rec_de993ecda0f354,cust_e9917f60a8c4,pay_cb505aa30c4aef,3,0.81,1,709.08,INR,card,bank_timeout,1,1.61,RETRY,,0,True,709.08,2.85
rec_ce96cc5e574aa9,cust_64f8f2268304,pay_36ff812dfe2181,10,0.888,1,934.85,INR,upi,network_error,1,1.35,RETRY,,0,False,0.0,0.0
rec_84e1f69ec3659e,cust_64f8f2268304,pay_36ff812dfe2181,10,0.888,1,934.85,INR,upi,network_error,2,17.3,RETRY,RETRY,1,True,934.85,17.59
rec_8da4f9166fa873,cust_107380cb46d9,pay_068187e9a46d4b,25,0.782,5,16797.42,INR,card,insufficient_funds,1,0.31,PAYMENT_LINK,,0,False,0.0,0.0
rec_d1ed43ba65c65e,cust_107380cb46d9,pay_068187e9a46d4b,25,0.782,5,16797.42,INR,card,insufficient_funds,2,18.06,PAYMENT_LINK,PAYMENT_LINK,1,False,0.0,0.0
rec_8a19de1f5cd708,cust_34a63e763217,pay_ae3a1f32d70b14,2,0.809,0,245.81,INR,upi,insufficient_funds,1,1.24,RETRY,,0,False,0.0,0.0
rec_47469fb733c320,cust_161d6acf1eb6,pay_19a2a60228a3d3,22,0.531,10,8714.17,INR,netbanking,bank_timeout,1,1.87,RETRY,,0,False,0.0,0.0
rec_f8d592a7859150,cust_161d6acf1eb6,pay_19a2a60228a3d3,22,0.531,10,8714.17,INR,netbanking,bank_timeout,2,4.65,STOP,RETRY,1,False,0.0,0.0
rec_c152caf60f2930,cust_9e3bf1b34330,pay_52696eeb77cf1e,1,0.914,0,2825.8,INR,card,bank_timeout,1,1.16,REMINDER,,0,False,0.0,0.0
rec_46b636eaf2f4f2,cust_4447ceab84ef,pay_c3bc5ca7290656,44,0.839,7,49104.34,INR,wallet,insufficient_funds,1,0.4,REMINDER,,0,True,49104.34,1.31
rec_3b7039b0789a9f,cust_953b0f1fea3e,pay_95ff7d9dbd5a07,1,0.78,0,17770.85,INR,upi,network_error,1,1.55,RETRY,,0,True,17770.85,1.85
rec_776e3a29a07c68,cust_436e3c49770e,pay_be2f76858a8ffb,27,0.825,5,4383.09,INR,netbanking,network_error,1,1.47,REMINDER,,0,True,4383.09,3.57
rec_b39bfeb6d63291,cust_f8d8b7f1c86c,pay_dd91cf6bb10202,14,0.833,2,9826.14,INR,card,bank_timeout,1,2.0,RETRY,,0,True,9826.14,4.18
rec_ce55754eb68d6f,cust_bcd2e8eb3f55,pay_dd7b99a61aedbc,3,0.948,0,10580.92,INR,upi,payment_method_issue,1,1.32,REMINDER,,0,True,10580.92,2.24
rec_1b98a0e39a068a,cust_5c75352c45cd,pay_6f0b5b2b97514f,5,0.31,3,3935.69,INR,upi,network_error,1,1.17,RETRY,,0,True,3935.69,3.49
rec_c9c34dd8a5a797,cust_4a7d6fa11d9d,pay_935c31d1193c53,10,0.606,4,2905.84,INR,card,authentication_failed,1,1.45,REMINDER,,0,False,0.0,0.0
rec_d02b4c3a6610ba,cust_4a7d6fa11d9d,pay_935c31d1193c53,10,0.606,4,2905.84,INR,card,authentication_failed,2,10.49,REMINDER,REMINDER,1,False,0.0,0.0
rec_5bcc7bfb40e64e,cust_06dee37b7d15,pay_e8780458ab4810,2,0.709,1,1786.4,INR,card,payment_method_issue,1,0.29,REMINDER,,0,False,0.0,0.0
rec_c8a134aa722d83,cust_06dee37b7d15,pay_e8780458ab4810,2,0.709,1,1786.4,INR,card,payment_method_issue,2,15.38,PAYMENT_LINK,REMINDER,1,False,0.0,0.0
rec_291c9094cb2c0e,cust_06dee37b7d15,pay_e8780458ab4810,2,0.709,1,1786.4,INR,card,payment_method_issue,3,18.14,REMINDER,PAYMENT_LINK,2,False,0.0,0.0
rec_d4249390510861,cust_e80d9169c244,pay_5266cd86a5f621,19,0.807,4,9779.87,INR,upi,bank_timeout,1,1.05,RETRY,,0,True,9779.87,3.07
rec_52a0628b2b25a5,cust_3cc56af30eac,pay_501bcf4467f3e4,6,0.864,1,8755.28,INR,upi,bank_timeout,1,1.73,RETRY,,0,True,8755.28,2.67
rec_da2a5b5f67964b,cust_f6ba745ba558,pay_8191086be8a91a,7,0.914,1,8044.37,INR,upi,authentication_failed,1,0.86,PAYMENT_LINK,,0,True,8044.37,2.38
rec_714a0ae0398e1f,cust_f97a822c15e5,pay_6591d99b5a929d,12,0.875,2,1277.67,INR,netbanking,network_error,1,1.77,RETRY,,0,False,0.0,0.0
rec_d54fbd023976c6,cust_f97a822c15e5,pay_6591d99b5a929d,12,0.875,2,1277.67,INR,netbanking,network_error,2,16.99,PAYMENT_LINK,RETRY,1,True,1277.67,19.47
rec_31369512916e10,cust_2b64777c6177,pay_70bb2a0e39d02b,29,0.502,14,4943.71,INR,card,bank_timeout,1,0.14,PAYMENT_LINK,,0,False,0.0,0.0
rec_e6ffee2ae37b8f,cust_2b64777c6177,pay_70bb2a0e39d02b,29,0.502,14,4943.71,INR,card,bank_timeout,2,8.74,ESCALATE,PAYMENT_LINK,1,False,0.0,0.0
rec_fc7b427fd3d39f,cust_9339304b9a8c,pay_fb5edc15cbfae8,3,0.899,0,2443.83,INR,upi,insufficient_funds,1,1.86,REMINDER,,0,True,2443.83,3.61
rec_f9fb722da51c7d,cust_a9eb0bf9850e,pay_18bc2e3b20f6b8,5,0.89,1,41799.74,INR,upi,insufficient_funds,1,0.7,REMINDER,,0,False,0.0,0.0
rec_75d236e30d9e9c,cust_a9eb0bf9850e,pay_18bc2e3b20f6b8,5,0.89,1,41799.74,INR,upi,insufficient_funds,2,11.57,STOP,REMINDER,1,False,0.0,0.0
rec_10bee3e85abac3,cust_4f7f963ed3c5,pay_6fa9c57c974fe6,7,0.754,2,2987.21,INR,card,insufficient_funds,1,1.34,REMINDER,,0,False,0.0,0.0
rec_7da5b648990564,cust_4f7f963ed3c5,pay_6fa9c57c974fe6,7,0.754,2,2987.21,INR,card,insufficient_funds,2,18.62,PAYMENT_LINK,REMINDER,1,True,2987.21,20.87
rec_faecfb4c8a240d,cust_a45ca94a3452,pay_65706108fc7809,1,0.783,0,1464.91,INR,upi,network_error,1,0.73,PAYMENT_LINK,,0,False,0.0,0.0
rec_9662f8835bbccb,cust_a45ca94a3452,pay_65706108fc7809,1,0.783,0,1464.91,INR,upi,network_error,2,13.63,PAYMENT_LINK,PAYMENT_LINK,1,True,1464.91,15.17
rec_54f0327b1e978e,cust_2cd94cbbc19a,pay_69e8fe2a879f22,94,0.775,21,9593.01,INR,card,authentication_failed,1,1.54,PAYMENT_LINK,,0,False,0.0,0.0
rec_173a603d7feb25,cust_60885550f74f,pay_af734c45f2f39f,26,0.503,13,1340.21,INR,upi,bank_timeout,1,0.75,RETRY,,0,False,0.0,0.0
rec_f6ae793600714e,cust_953b0f1fea3e,pay_fc52a46859e849,1,0.78,0,3734.12,INR,upi,bank_timeout,1,0.59,RETRY,,0,True,3734.12,2.31
rec_aee4f488df41c1,cust_ce88cb2dd4e8,pay_4e674f72627f34,5,0.96,0,2733.41,INR,upi,technical_error,1,1.92,RETRY,,0,True,2733.41,2.51
rec_f0d1fa72cb2c7b,cust_1e850f8015c2,pay_e43533352d4b2c,9,0.823,2,2567.72,INR,upi,authentication_failed,1,1.65,REMINDER,,0,False,0.0,0.0
rec_2e2fcae7aedb30,cust_1e850f8015c2,pay_e43533352d4b2c,9,0.823,2,2567.72,INR,upi,authentication_failed,2,5.57,STOP,REMINDER,1,False,0.0,0.0
rec_10c238ba8df136,cust_b0e8b2fa4fc3,pay_19875a42e67583,1,0.656,0,1888.81,INR,wallet,payment_method_issue,1,1.88,PAYMENT_LINK,,0,True,1888.81,3.03
rec_1949ab8a975481,cust_d5ee25876c98,pay_d14d4890f5dbed,1,0.917,0,2422.35,INR,card,bank_timeout,1,1.97,PAYMENT_LINK,,0,False,0.0,0.0
rec_9338e35d90208d,cust_d5ee25876c98,pay_d14d4890f5dbed,1,0.917,0,2422.35,INR,card,bank_timeout,2,17.53,PAYMENT_LINK,PAYMENT_LINK,1,False,0.0,0.0
rec_7bee45828fae46,cust_4ab05699fd88,pay_a4a8a8448bdfa2,1,0.747,0,1095.89,INR,upi,bank_timeout,1,1.89,RETRY,,0,True,1095.89,2.0
rec_a41425de2c613d,cust_6552ac5309ed,pay_c54f447ec94ee2,4,0.87,1,2114.35,INR,card,technical_error,1,0.46,PAYMENT_LINK,,0,False,0.0,0.0
rec_0b72d0efb2fdaa,cust_ab3b4d37560c,pay_f77e1ee60c15cb,3,0.822,1,726.07,INR,wallet,bank_timeout,1,1.67,RETRY,,0,True,726.07,2.16
rec_01368f984a5a62,cust_5560db22c96b,pay_e47172b12f8a63,14,0.867,2,1095.87,INR,upi,authentication_failed,1,1.19,PAYMENT_LINK,,0,True,1095.87,3.45
rec_ae2e69e26c3f48,cust_b22f2e910411,pay_54ac13ced4d057,5,0.704,1,49508.27,INR,netbanking,insufficient_funds,1,1.69,PAYMENT_LINK,,0,True,49508.27,3.38
rec_a064bc2a02ab85,cust_b35b9f78f55f,pay_e0f13db6f0b5b7,19,0.855,3,11223.63,INR,upi,bank_timeout,1,1.66,PAYMENT_LINK,,0,True,11223.63,3.62
rec_b70bc594ae4fd4,cust_e2add909c521,pay_20fed1f372fa10,4,0.702,1,5006.77,INR,upi,bank_timeout,1,1.81,RETRY,,0,True,5006.77,4.17
rec_fedceb6584aa6e,cust_b9787c4b09aa,pay_48e26a53495410,7,0.762,2,5353.49,INR,upi,insufficient_funds,1,1.78,PAYMENT_LINK,,0,False,0.0,0.0
rec_80ed319cef016e,cust_bbb71494b7e7,pay_09bc6a803a887b,4,0.954,0,4660.3,INR,upi,technical_error,1,0.56,RETRY,,0,True,4660.3,2.07
rec_2731660c6149ee,cust_497ec6d1081f,pay_51634a91b993b6,62,0.28,45,238.79,INR,card,technical_error,1,0.58,RETRY,,0,False,0.0,0.0
rec_1c82780f0e84c0,cust_d88423547613,pay_a091129b2f1835,8,0.833,1,2041.43,INR,upi,technical_error,1,0.23,RETRY,,0,True,2041.43,0.63
rec_1ea0dd2d9123f2,cust_085606848a6f,pay_9e5baabf047860,11,0.924,1,9516.71,INR,card,bank_timeout,1,1.81,RETRY,,0,True,9516.71,2.0
rec_7d957e47aed14c,cust_2ce27ec95501,pay_8bab4c1b904aa1,15,0.972,0,2015.82,INR,netbanking,payment_method_issue,1,1.33,REMINDER,,0,False,0.0,0.0
rec_e1c6a7c241d893,cust_73d92aceb746,pay_7479d994a2fe9c,10,0.832,2,2715.01,INR,upi,technical_error,1,0.53,RETRY,,0,False,0.0,0.0
rec_75e8abfe6af011,cust_d88675455025,pay_4cc378c3ce3200,18,0.829,3,1486.81,INR,upi,authentication_failed,1,0.53,REMINDER,,0,True,1486.81,2.89
rec_9e6eac9cc8bc77,cust_13f392894dcc,pay_5d12490e76a90f,21,0.711,6,2062.05,INR,card,authentication_failed,1,0.57,PAYMENT_LINK,,0,False,0.0,0.0
rec_a4dd2fe15ff3fb,cust_13f392894dcc,pay_5d12490e76a90f,21,0.711,6,2062.05,INR,card,authentication_failed,2,8.38,REMINDER,PAYMENT_LINK,1,False,0.0,0.0
rec_6e896265847aef,cust_157511addbea,pay_8af6d2681bd07f,2,0.834,0,5702.88,INR,netbanking,network_error,1,1.28,RETRY,,0,True,5702.88,1.71
rec_77f4d7f9510588,cust_5c65a65c0f8a,pay_62cef95934da1f,9,0.285,6,681.55,INR,wallet,network_error,1,1.56,RETRY,,0,False,0.0,0.0
rec_eeda69bc9c406c,cust_5c65a65c0f8a,pay_62cef95934da1f,9,0.285,6,681.55,INR,wallet,network_error,2,7.49,REMINDER,RETRY,1,False,0.0,0.0
rec_f53ca48b268de9,cust_e4db04c8a817,pay_09098704e03c11,3,0.726,1,10082.66,INR,card,bank_timeout,1,1.74,PAYMENT_LINK,,0,True,10082.66,4.0
rec_1e521d486a499f,cust_43bfd9313605,pay_50c49c2be8c451,12,0.965,0,2518.11,INR,upi,network_error,1,0.65,RETRY,,0,False,0.0,0.0
rec_22b6995e0a14b3,cust_3c73013b99ea,pay_8d64ec218fc937,7,0.534,3,9298.76,INR,card,technical_error,1,0.57,REMINDER,,0,False,0.0,0.0
rec_58052a559118b0,cust_2d54ff2b10ee,pay_c463299a2ba321,7,0.977,0,2125.74,INR,netbanking,payment_method_issue,1,1.21,RETRY,,0,False,0.0,0.0
rec_caf3c094b61ed8,cust_61ee6c5bdeef,pay_2d5f4dd311a2c6,11,0.748,3,1039.29,INR,upi,bank_timeout,1,1.99,RETRY,,0,False,0.0,0.0
rec_9f325c4c0415a9,cust_61ee6c5bdeef,pay_2d5f4dd311a2c6,11,0.748,3,1039.29,INR,upi,bank_timeout,2,19.17,PAYMENT_LINK,RETRY,1,False,0.0,0.0
rec_fb66bcaf47be30,cust_61ee6c5bdeef,pay_2d5f4dd311a2c6,11,0.748,3,1039.29,INR,upi,bank_timeout,3,35.43,REMINDER,PAYMENT_LINK,2,True,1039.29,37.57
rec_553a2bad148ae2,cust_ab73295b344a,pay_2ab8c610e7e399,7,0.846,1,867.65,INR,card,insufficient_funds,1,0.92,REMINDER,,0,False,0.0,0.0
rec_da8746db8338b8,cust_3be79df472ec,pay_9fc9953aed3210,4,0.78,1,1805.23,INR,card,bank_timeout,1,0.99,RETRY,,0,True,1805.23,1.96
rec_dc89e59a5190ae,cust_02b3c9484db6,pay_21e10ae85795be,20,0.802,4,39326.01,INR,upi,authentication_failed,1,0.61,RETRY,,0,False,0.0,0.0
rec_3e32b1b41b679a,cust_02b3c9484db6,pay_21e10ae85795be,20,0.802,4,39326.01,INR,upi,authentication_failed,2,10.75,PAYMENT_LINK,RETRY,1,False,0.0,0.0
rec_134e2bd9dd1ad0,cust_02b3c9484db6,pay_21e10ae85795be,20,0.802,4,39326.01,INR,upi,authentication_failed,3,13.94,REMINDER,PAYMENT_LINK,2,True,39326.01,15.95
rec_b44304e90e60ec,cust_a8e56e0c20de,pay_dec2c77557549c,8,0.913,1,14675.4,INR,upi,unknown,1,1.94,RETRY,,0,False,0.0,0.0
rec_f38e6bc3b7df85,cust_a8e56e0c20de,pay_dec2c77557549c,8,0.913,1,14675.4,INR,upi,unknown,2,6.16,RETRY,RETRY,1,False,0.0,0.0
rec_bb47d3a449be87,cust_ba6dbed8a110,pay_35d0ea433baada,8,0.787,2,421.35,INR,card,authentication_failed,1,1.0,ESCALATE,,0,False,0.0,0.0
rec_5247a092d93eeb,cust_96ef2ad6b97e,pay_019dc12d81f10d,18,0.761,4,2926.73,INR,card,technical_error,1,1.19,RETRY,,0,False,0.0,0.0
rec_480d0cf3406d53,cust_b00ac64c949c,pay_d606be66a2a2d1,1,0.843,0,1883.35,INR,upi,insufficient_funds,1,0.91,REMINDER,,0,True,1883.35,2.56
rec_969040b0518288,cust_6a8a616fc3b2,pay_581f03df7e71bd,10,0.978,0,14296.23,INR,upi,insufficient_funds,1,1.38,PAYMENT_LINK,,0,False,0.0,0.0
rec_10dd6f06f5946d,cust_6a8a616fc3b2,pay_581f03df7e71bd,10,0.978,0,14296.23,INR,upi,insufficient_funds,2,15.72,STOP,PAYMENT_LINK,1,False,0.0,0.0
rec_68e438e05a5753,cust_8505d91df28b,pay_51ae2d48d6f83a,5,0.944,0,2277.14,INR,upi,authentication_failed,1,1.55,ESCALATE,,0,True,2277.14,3.04
rec_5114ca97c9cbc1,cust_f1f71605a79e,pay_d8b304a4cbd725,5,0.873,1,27323.38,INR,netbanking,insufficient_funds,1,0.39,PAYMENT_LINK,,0,False,0.0,0.0
rec_a969e4fcd14170,cust_f1f71605a79e,pay_d8b304a4cbd725,5,0.873,1,27323.38,INR,netbanking,insufficient_funds,2,8.49,ESCALATE,PAYMENT_LINK,1,True,27323.38,9.44
rec_30a04e0b3a4d1f,cust_2c913a7ca340,pay_378ce7b72f14b3,27,0.563,12,1294.62,INR,card,insufficient_funds,1,0.14,PAYMENT_LINK,,0,False,0.0,0.0
rec_f17e993d84cda1,cust_e04872dc744d,pay_f28446fa6f6335,40,0.817,7,7386.08,INR,upi,insufficient_funds,1,0.3,REMINDER,,0,False,0.0,0.0
rec_a165c37d56ad36,cust_e04872dc744d,pay_f28446fa6f6335,40,0.817,7,7386.08,INR,upi,insufficient_funds,2,10.21,PAYMENT_LINK,REMINDER,1,True,7386.08,12.6
rec_f1cfc83f359ee8,cust_3c73013b99ea,pay_995fa7981f3163,7,0.534,3,988.31,INR,upi,technical_error,1,1.74,REMINDER,,0,True,988.31,2.89
rec_a1f76e1cc8169e,cust_637ddcd698d3,pay_50026d68e70dc8,4,0.482,2,11116.56,INR,upi,insufficient_funds,1,0.75,REMINDER,,0,False,0.0,0.0
rec_d1d50a53d035dd,cust_637ddcd698d3,pay_50026d68e70dc8,4,0.482,2,11116.56,INR,upi,insufficient_funds,2,11.91,STOP,REMINDER,1,False,0.0,0.0
rec_112206a244190e,cust_aa1d3fc65f31,pay_e3fb8c1d7841b3,33,0.883,4,1629.69,INR,card,network_error,1,1.28,RETRY,,0,True,1629.69,3.51
rec_45d3708ac89f88,cust_887fe19cf7ba,pay_46b5b8f6c51b29,7,0.361,4,6274.04,INR,upi,insufficient_funds,1,0.52,PAYMENT_LINK,,0,False,0.0,0.0
rec_810e9d40cc8155,cust_b3292925b107,pay_e21a47b99ad246,7,0.888,1,2506.58,INR,upi,payment_method_issue,1,1.24,REMINDER,,0,False,0.0,0.0
rec_a03a51967259f4,cust_fe4cefed6f55,pay_d18ee31bb35d8a,3,0.885,0,5683.59,INR,card,insufficient_funds,1,0.15,PAYMENT_LINK,,0,True,5683.59,2.1
rec_5397ff39de240e,cust_f2d3f7610ba3,pay_506801b9c22a89,23,0.931,2,964.95,INR,card,network_error,1,0.96,RETRY,,0,False,0.0,0.0
rec_918b2860c1a96b,cust_481186e91625,pay_b872c503d4f121,32,0.92,3,270.3,INR,upi,insufficient_funds,1,0.44,REMINDER,,0,False,0.0,0.0
rec_105a4d407f2632,cust_481186e91625,pay_b872c503d4f121,32,0.92,3,270.3,INR,upi,insufficient_funds,2,3.07,REMINDER,REMINDER,1,False,0.0,0.0
rec_6a961ac0865162,cust_94f79dbac581,pay_29d3629185d4f2,19,0.905,2,20931.05,INR,upi,unknown,1,0.74,REMINDER,,0,False,0.0,0.0
rec_28b82fa172d0c6,cust_94f79dbac581,pay_29d3629185d4f2,19,0.905,2,20931.05,INR,upi,unknown,2,13.01,PAYMENT_LINK,REMINDER,1,True,20931.05,15.08
rec_802643c4233e8b,cust_23204ff5b538,pay_a50ee5e70e77b6,5,0.907,0,3218.03,INR,upi,network_error,1,1.01,PAYMENT_LINK,,0,False,0.0,0.0
rec_5971116a01d4bc,cust_f27f3ad74890,pay_6553b96bab965b,10,0.901,1,2342.5,INR,upi,network_error,1,1.42,RETRY,,0,True,2342.5,1.98
rec_9b8ce31bc11161,cust_7d9704fe8dca,pay_e609456a825790,17,0.752,4,6574.63,INR,card,bank_timeout,1,1.29,RETRY,,0,True,6574.63,2.29
rec_eede901cbe2904,cust_8e85140d0f9a,pay_64838f5b42a5c3,2,0.762,0,998.07,INR,card,authentication_failed,1,1.34,PAYMENT_LINK,,0,True,998.07,1.49
rec_82d768c637809a,cust_e8b3d763f4ff,pay_bf4d493dbc5700,10,0.943,1,2130.3,INR,card,authentication_failed,1,0.68,REMINDER,,0,True,2130.3,2.91
rec_490c344298c3fa,cust_ce88cb2dd4e8,pay_dc406c3b2e50b7,5,0.96,0,1597.86,INR,upi,network_error,1,0.97,PAYMENT_LINK,,0,False,0.0,0.0
rec_f611c0ec916fb7,cust_7dffe27d9b12,pay_13e2738a3f9ee7,17,0.736,4,10959.71,INR,netbanking,authentication_failed,1,1.73,RETRY,,0,False,0.0,0.0
rec_5f7131e1e05ead,cust_7dffe27d9b12,pay_13e2738a3f9ee7,17,0.736,4,10959.71,INR,netbanking,authentication_failed,2,6.28,PAYMENT_LINK,RETRY,1,True,10959.71,6.8
rec_07c62bd3caf27c,cust_edb68b81cec6,pay_c53bcc3a4c26fd,5,0.741,1,535.21,INR,card,insufficient_funds,1,1.87,RETRY,,0,True,535.21,3.48
rec_ad92abbf65c51c,cust_2a9edda7761a,pay_160a56e11cd27c,5,0.785,1,7097.2,INR,netbanking,network_error,1,0.62,RETRY,,0,True,7097.2,2.36
rec_abd68d74063fec,cust_b27c40266703,pay_7738381cd49873,16,0.787,3,2923.14,INR,upi,bank_timeout,1,0.22,RETRY,,0,True,2923.14,1.44
rec_16a26e585d3162,cust_00c59f30d103,pay_cf735afa72af6a,8,0.568,3,2019.51,INR,netbanking,technical_error,1,0.93,RETRY,,0,True,2019.51,3.06
rec_4addf902c46ea4,cust_ff408dcc9db1,pay_29f5010c8b6a4c,10,0.883,1,2724.1,INR,upi,authentication_failed,1,0.71,PAYMENT_LINK,,0,True,2724.1,1.67
rec_e3c60f792a0e00,cust_f83a1bce7069,pay_acfb605e7e9840,13,0.739,3,1207.92,INR,upi,authentication_failed,1,1.78,PAYMENT_LINK,,0,True,1207.92,3.68
rec_14ed228b657734,cust_4d579d00cadc,pay_a0041dd5fb9326,21,0.791,4,1155.62,INR,upi,network_error,1,1.72,REMINDER,,0,False,0.0,0.0
rec_1a93a3f1850276,cust_4d579d00cadc,pay_a0041dd5fb9326,21,0.791,4,1155.62,INR,upi,network_error,2,16.9,ESCALATE,REMINDER,1,False,0.0,0.0
rec_d1c1a2dba82a11,cust_f0f7ad22c76a,pay_f139e895aa25a5,2,0.868,0,833.99,INR,upi,insufficient_funds,1,0.32,REMINDER,,0,False,0.0,0.0
rec_1b3ec681fcea54,cust_f0f7ad22c76a,pay_f139e895aa25a5,2,0.868,0,833.99,INR,upi,insufficient_funds,2,8.6,REMINDER,REMINDER,1,False,0.0,0.0
rec_4d88136e67f778,cust_7eb27900ed5d,pay_b1a63ccfd597ea,4,0.822,1,4694.98,INR,card,network_error,1,1.06,RETRY,,0,True,4694.98,3.44
rec_672b0fa7a95da3,cust_dec56dc3ad96,pay_d082b3b4f398d1,2,0.544,1,244.42,INR,card,bank_timeout,1,1.67,RETRY,,0,True,244.42,2.01
rec_793daf5ab35c96,cust_5c7ae8efc324,pay_5ffa7dbe634368,51,0.731,14,1398.87,INR,upi,insufficient_funds,1,1.27,REMINDER,,0,True,1398.87,2.1
rec_7991329a163a66,cust_67e546468430,pay_1916f984c510c9,22,0.805,4,1842.95,INR,netbanking,payment_method_issue,1,1.4,PAYMENT_LINK,,0,False,0.0,0.0
rec_7466509d1810c0,cust_67e546468430,pay_1916f984c510c9,22,0.805,4,1842.95,INR,netbanking,payment_method_issue,2,7.43,PAYMENT_LINK,PAYMENT_LINK,1,True,1842.95,9.52
rec_819c84c4ef7f6e,cust_e94628206a80,pay_7822b39dfbe770,15,0.964,1,1066.48,INR,upi,technical_error,1,0.51,RETRY,,0,True,1066.48,2.67
rec_4a5039e60a3169,cust_e42aa836989b,pay_b2772e3146556f,2,0.819,0,2442.66,INR,upi,network_error,1,0.58,RETRY,,0,True,2442.66,1.74
rec_39323a072ec3f8,cust_a55fa725bcb3,pay_f7f3dc5427a0b9,7,0.811,1,4792.11,INR,upi,bank_timeout,1,1.57,REMINDER,,0,False,0.0,0.0
rec_cef483f671d5a8,cust_a55fa725bcb3,pay_f7f3dc5427a0b9,7,0.811,1,4792.11,INR,upi,bank_timeout,2,9.01,REMINDER,REMINDER,1,False,0.0,0.0
rec_fa926f97bd87ff,cust_a55fa725bcb3,pay_f7f3dc5427a0b9,7,0.811,1,4792.11,INR,upi,bank_timeout,3,22.22,STOP,REMINDER,2,False,0.0,0.0
rec_1122e28f6c18eb,cust_fd9f45f40816,pay_7f0366ef702724,6,0.491,3,2155.98,INR,card,authentication_failed,1,1.42,PAYMENT_LINK,,0,True,2155.98,2.15
rec_5f91b1af8bc157,cust_82c299f07487,pay_5b8e76fdaa29ee,1,0.861,0,1618.92,INR,card,payment_method_issue,1,0.36,PAYMENT_LINK,,0,True,1618.92,0.89
rec_8649c4c31cdd5a,cust_0660a3e9736d,pay_a800d519ca3d51,34,0.738,9,1356.12,INR,upi,bank_timeout,1,0.38,RETRY,,0,True,1356.12,0.58
rec_8a996027a08506,cust_5c75352c45cd,pay_e160e35b4da7f6,5,0.31,3,5875.76,INR,card,authentication_failed,1,0.51,PAYMENT_LINK,,0,True,5875.76,0.98
rec_f0071d3b5c99d8,cust_2cd94cbbc19a,pay_db9bc56e208029,94,0.775,21,2610.32,INR,card,authentication_failed,1,1.98,PAYMENT_LINK,,0,False,0.0,0.0
rec_65066540c7d77f,cust_2cd94cbbc19a,pay_db9bc56e208029,94,0.775,21,2610.32,INR,card,authentication_failed,2,7.59,PAYMENT_LINK,PAYMENT_LINK,1,True,2610.32,8.7
rec_9956ad9b3dc87f,cust_ba7519212833,pay_6409e93b5fa9a3,2,0.944,0,2540.84,INR,card,payment_method_issue,1,1.01,PAYMENT_LINK,,0,True,2540.84,3.2
rec_576b67e3eac7c5,cust_fb764637d277,pay_998deba36ec826,9,0.74,2,384.74,INR,card,payment_method_issue,1,0.38,PAYMENT_LINK,,0,True,384.74,1.57
rec_7825e2f02323f3,cust_a7222ea2261b,pay_4ee26290eb5900,11,0.825,2,7229.21,INR,upi,network_error,1,1.7,RETRY,,0,True,7229.21,3.22
rec_30f6d8b690e65a,cust_16a9e518a55a,pay_8861972e57a82e,10,0.642,4,1966.82,INR,card,insufficient_funds,1,0.62,REMINDER,,0,True,1966.82,2.89
rec_afe601c530a19d,cust_44c1f1b5ebbb,pay_848622e355c275,27,0.767,6,5506.7,INR,upi,network_error,1,0.46,PAYMENT_LINK,,0,False,0.0,0.0
rec_94ed81147672e1,cust_44c1f1b5ebbb,pay_848622e355c275,27,0.767,6,5506.7,INR,upi,network_error,2,13.44,REMINDER,PAYMENT_LINK,1,False,0.0,0.0
rec_758637439174dc,cust_dedab0276550,pay_4a9d3213e04b15,23,0.865,3,4851.6,INR,upi,technical_error,1,0.45,RETRY,,0,True,4851.6,1.69
rec_46ef7aaad2376d,cust_bff9507dcd14,pay_40a62de41271e2,36,0.879,4,1253.37,INR,upi,insufficient_funds,1,0.23,PAYMENT_LINK,,0,True,1253.37,2.57
rec_11fdde63d8e071,cust_0dc781048c66,pay_fb48ac140d0de1,3,0.718,1,2947.75,INR,upi,insufficient_funds,1,0.84,PAYMENT_LINK,,0,True,2947.75,2.85
rec_6e078bdc48c08d,cust_9caf4bfe7ff8,pay_c8abbf0d209ebc,34,0.711,10,2279.46,INR,upi,bank_timeout,1,1.35,RETRY,,0,False,0.0,0.0
rec_8aad970f34010f,cust_01bb819c4dfe,pay_c07126f39213f6,12,0.755,3,1746.32,INR,netbanking,bank_timeout,1,1.15,RETRY,,0,False,0.0,0.0
rec_00cfa44d1b7db5,cust_dd39d7936257,pay_9d37c5a6bd8e88,4,0.727,1,22250.17,INR,upi,bank_timeout,1,1.71,RETRY,,0,True,22250.17,2.19
rec_615256aac02d7e,cust_7c059799bdae,pay_99870266dc63a1,13,0.759,3,7015.49,INR,card,technical_error,1,0.88,RETRY,,0,False,0.0,0.0
rec_8620a10ae0099d,cust_7c059799bdae,pay_99870266dc63a1,13,0.759,3,7015.49,INR,card,technical_error,2,3.25,RETRY,RETRY,1,True,7015.49,4.95
rec_5a6f9b6b50702e,cust_bb026576f512,pay_634d75499d9a70,4,0.827,1,8458.99,INR,card,network_error,1,1.24,RETRY,,0,False,0.0,0.0
rec_f5ed7ddf783f1c,cust_bb026576f512,pay_634d75499d9a70,4,0.827,1,8458.99,INR,card,network_error,2,9.72,PAYMENT_LINK,RETRY,1,True,8458.99,10.34
rec_59259acd4142d0,cust_0a76bd919e7f,pay_108fd94bb294a9,14,0.299,10,2439.28,INR,upi,insufficient_funds,1,0.82,REMINDER,,0,False,0.0,0.0
rec_381958f22b258b,cust_0a76bd919e7f,pay_108fd94bb294a9,14,0.299,10,2439.28,INR,upi,insufficient_funds,2,6.48,PAYMENT_LINK,REMINDER,1,False,0.0,0.0
rec_144a14584019a1,cust_48bbdb12de40,pay_cf6579ec87eb75,23,0.304,16,300.62,INR,upi,bank_timeout,1,0.53,RETRY,,0,False,0.0,0.0
rec_ea7c8b0cdefa6d,cust_48bbdb12de40,pay_cf6579ec87eb75,23,0.304,16,300.62,INR,upi,bank_timeout,2,10.93,PAYMENT_LINK,RETRY,1,True,300.62,11.33
rec_6c5b07b6f127f7,cust_c00b19de38db,pay_11186c1a854002,9,0.653,3,457.36,INR,card,authentication_failed,1,1.59,RETRY,,0,False,0.0,0.0
rec_13b96213b6684e,cust_c00b19de38db,pay_11186c1a854002,9,0.653,3,457.36,INR,card,authentication_failed,2,17.91,PAYMENT_LINK,RETRY,1,False,0.0,0.0
rec_c7706e6d1fc775,cust_c00b19de38db,pay_11186c1a854002,9,0.653,3,457.36,INR,card,authentication_failed,3,20.99,PAYMENT_LINK,PAYMENT_LINK,2,False,0.0,0.0
rec_2fd2908feea163,cust_c00b19de38db,pay_11186c1a854002,9,0.653,3,457.36,INR,card,authentication_failed,4,30.39,STOP,PAYMENT_LINK,3,False,0.0,0.0
rec_d5935e799be566,cust_f8ded777bb1e,pay_dafbf997535284,5,0.917,0,961.54,INR,netbanking,authentication_failed,1,1.8,PAYMENT_LINK,,0,True,961.54,3.92
rec_c1171668ad724e,cust_0ab74b5dfcd4,pay_747738793eec05,1,0.702,0,506.65,INR,card,authentication_failed,1,1.53,PAYMENT_LINK,,0,True,506.65,2.71
rec_7fee16c1dba117,cust_67cf5ce00af5,pay_8669ba60e387eb,66,0.716,19,2011.59,INR,upi,network_error,1,1.2,RETRY,,0,True,2011.59,3.55
rec_c016c62ba371b3,cust_6e6981a35d3d,pay_fea59d94998c60,10,0.908,1,1034.64,INR,upi,insufficient_funds,1,0.81,PAYMENT_LINK,,0,True,1034.64,0.9
rec_2162d1b7769ac8,cust_f859396dc37a,pay_23cce3bbbfcd3a,6,0.641,2,5717.75,INR,card,bank_timeout,1,0.53,RETRY,,0,True,5717.75,1.72
rec_83373b02d2333b,cust_3d1148022702,pay_e5a456d82541f1,17,0.338,11,3911.56,INR,card,insufficient_funds,1,1.83,RETRY,,0,False,0.0,0.0
rec_5a3c49e011586f,cust_3d1148022702,pay_e5a456d82541f1,17,0.338,11,3911.56,INR,card,insufficient_funds,2,12.66,PAYMENT_LINK,RETRY,1,False,0.0,0.0
rec_255c429719eef9,cust_3d1148022702,pay_e5a456d82541f1,17,0.338,11,3911.56,INR,card,insufficient_funds,3,19.96,REMINDER,PAYMENT_LINK,2,False,0.0,0.0
rec_e22f38841f9071,cust_c0bd44c06d07,pay_826f081a0651a8,1,0.396,1,1658.05,INR,card,insufficient_funds,1,1.62,REMINDER,,0,True,1658.05,1.79
rec_44610c94a29cc6,cust_6d53628b4985,pay_094183bf8393a5,8,0.961,0,7931.91,INR,upi,authentication_failed,1,2.0,REMINDER,,0,True,7931.91,3.8
rec_9174b1368c0bdc,cust_2ce27ec95501,pay_9deb7a4b17db46,15,0.972,0,1303.32,INR,card,insufficient_funds,1,1.91,REMINDER,,0,True,1303.32,3.98
rec_cfcae6b975a8c1,cust_f94d8fcbdba3,pay_29d4056e10f455,9,0.92,1,5389.57,INR,upi,bank_timeout,1,0.99,REMINDER,,0,False,0.0,0.0
rec_f4debda7f4a6af,cust_f94d8fcbdba3,pay_29d4056e10f455,9,0.92,1,5389.57,INR,upi,bank_timeout,2,17.38,REMINDER,REMINDER,1,False,0.0,0.0
rec_a1ab975e54a231,cust_f94d8fcbdba3,pay_29d4056e10f455,9,0.92,1,5389.57,INR,upi,bank_timeout,3,23.51,REMINDER,REMINDER,2,False,0.0,0.0
rec_8521e25e96fbcb,cust_f94d8fcbdba3,pay_29d4056e10f455,9,0.92,1,5389.57,INR,upi,bank_timeout,4,36.15,STOP,REMINDER,3,False,0.0,0.0
rec_97792eadf3bcda,cust_aa5f8dfca0b3,pay_c73e69e9980693,20,0.499,10,5035.79,INR,card,authentication_failed,1,0.72,PAYMENT_LINK,,0,False,0.0,0.0
rec_d83060dc393f80,cust_aa5f8dfca0b3,pay_c73e69e9980693,20,0.499,10,5035.79,INR,card,authentication_failed,2,7.53,ESCALATE,PAYMENT_LINK,1,False,0.0,0.0
rec_c6642ca910fa62,cust_dfda35b228b2,pay_ed11b850273bee,3,0.737,1,1717.19,INR,card,network_error,1,0.9,RETRY,,0,True,1717.19,2.13
rec_36ca939096a2e7,cust_7367c28de1b2,pay_6ea28b15d0a7d3,4,0.616,2,1523.89,INR,card,payment_method_issue,1,0.32,RETRY,,0,False,0.0,0.0
rec_ef33268417a1f5,cust_243012dab185,pay_cdf5a57f9c4e7e,2,0.786,0,644.74,INR,card,insufficient_funds,1,0.26,REMINDER,,0,True,644.74,1.63
rec_0a599c131667b9,cust_899a5349cb93,pay_fde90c2d26e21c,11,0.718,3,1518.38,INR,card,insufficient_funds,1,1.7,RETRY,,0,False,0.0,0.0
rec_9d46ea9a0a1d92,cust_899a5349cb93,pay_fde90c2d26e21c,11,0.718,3,1518.38,INR,card,insufficient_funds,2,6.34,PAYMENT_LINK,RETRY,1,True,1518.38,8.83
rec_a4ba0ef5284af9,cust_27b608dc589d,pay_640fac70e5a578,10,0.931,1,7413.24,INR,card,insufficient_funds,1,1.69,REMINDER,,0,True,7413.24,2.87
rec_6b000e3b66ae19,cust_02f865f82260,pay_394a6d319b4282,22,0.979,0,3288.3,INR,netbanking,network_error,1,1.42,RETRY,,0,True,3288.3,2.19
rec_12cd1aebb9076f,cust_243012dab185,pay_4f2ffeb3d8dd0b,2,0.786,0,4894.93,INR,upi,network_error,1,0.17,PAYMENT_LINK,,0,True,4894.93,2.67
rec_a7fb859f79257d,cust_92fbacf6d5d1,pay_3d3fc0e0944b0f,5,0.888,1,6918.01,INR,card,authentication_failed,1,1.89,PAYMENT_LINK,,0,False,0.0,0.0
rec_cdba8621da62a3,cust_92fbacf6d5d1,pay_3d3fc0e0944b0f,5,0.888,1,6918.01,INR,card,authentication_failed,2,4.43,PAYMENT_LINK,PAYMENT_LINK,1,True,6918.01,4.64
rec_910aa60dc0633a,cust_711c76738535,pay_a888475076a831,9,0.742,2,41780.97,INR,netbanking,insufficient_funds,1,1.65,REMINDER,,0,False,0.0,0.0
rec_6a71efda402758,cust_711c76738535,pay_a888475076a831,9,0.742,2,41780.97,INR,netbanking,insufficient_funds,2,17.54,PAYMENT_LINK,REMINDER,1,False,0.0,0.0
rec_9d689315ccda78,cust_e3ea2d7fc219,pay_23ed6309e25c2f,20,0.907,2,1889.98,INR,wallet,payment_method_issue,1,1.47,REMINDER,,0,False,0.0,0.0
rec_25d69a97360824,cust_e3ea2d7fc219,pay_23ed6309e25c2f,20,0.907,2,1889.98,INR,wallet,payment_method_issue,2,9.44,PAYMENT_LINK,REMINDER,1,True,1889.98,11.51
rec_b81768f8f6d20b,cust_d029733c9e55,pay_814671a1be7a38,25,0.515,12,1292.93,INR,upi,authentication_failed,1,1.86,REMINDER,,0,False,0.0,0.0
rec_9267e2789bd7b9,cust_54c7743b2401,pay_74d90398c17a60,42,0.858,6,1130.3,INR,upi,authentication_failed,1,1.6,RETRY,,0,False,0.0,0.0
rec_e43a35624cdf50,cust_54c7743b2401,pay_74d90398c17a60,42,0.858,6,1130.3,INR,upi,authentication_failed,2,7.3,PAYMENT_LINK,RETRY,1,False,0.0,0.0
rec_460cec89cda402,cust_7118e3647709,pay_e78579d2ab1e5f,5,0.862,1,1304.48,INR,card,bank_timeout,1,0.52,RETRY,,0,True,1304.48,0.69
rec_1da9c3c5c798c4,cust_28628b4ec714,pay_8072cee2042f14,1,0.937,0,9594.75,INR,upi,network_error,1,1.56,RETRY,,0,True,9594.75,2.92
rec_4ad5433ba84f1c,cust_98b6691b7416,pay_2d5f62b0541e4d,13,0.903,1,759.72,INR,upi,bank_timeout,1,1.33,RETRY,,0,True,759.72,3.22
rec_00da1e3fefe5f8,cust_581993cc41f9,pay_343f75d06d2bc9,5,0.857,1,6252.87,INR,upi,insufficient_funds,1,2.0,REMINDER,,0,True,6252.87,2.43
rec_c91654e6473eb4,cust_43bfd9313605,pay_c229a415cb5f89,12,0.965,0,48674.53,INR,card,insufficient_funds,1,0.33,REMINDER,,0,True,48674.53,0.68
rec_85a7797f290c07,cust_deaf0fa924a6,pay_634c25ea2d2874,29,0.782,6,7907.74,INR,card,bank_timeout,1,1.84,PAYMENT_LINK,,0,True,7907.74,2.05
rec_9efec6c530ad41,cust_12068ad612aa,pay_ecba0cb1fdb99d,13,0.565,6,6162.44,INR,card,insufficient_funds,1,1.54,REMINDER,,0,False,0.0,0.0
rec_73f1df2609502a,cust_299094c090cb,pay_1120653db285d6,7,0.958,0,40296.26,INR,netbanking,payment_method_issue,1,1.58,PAYMENT_LINK,,0,True,40296.26,2.53
rec_c420c72d8fb8b7,cust_f4ca6e7074b7,pay_aa21ee30fcd771,43,0.713,12,36650.94,INR,upi,technical_error,1,1.94,RETRY,,0,False,0.0,0.0
rec_c2f72b1fb9d4d2,cust_f4ca6e7074b7,pay_aa21ee30fcd771,43,0.713,12,36650.94,INR,upi,technical_error,2,5.8,PAYMENT_LINK,RETRY,1,False,0.0,0.0
rec_897e2ce54fe30b,cust_f4ca6e7074b7,pay_aa21ee30fcd771,43,0.713,12,36650.94,INR,upi,technical_error,3,13.25,ESCALATE,PAYMENT_LINK,2,True,36650.94,15.35
rec_87ed25aef9a217,cust_cc9803de12de,pay_0e0ec75e1b4873,24,0.892,3,37262.97,INR,wallet,network_error,1,1.65,RETRY,,0,False,0.0,0.0
rec_fb33740c06b19e,cust_cc9803de12de,pay_0e0ec75e1b4873,24,0.892,3,37262.97,INR,wallet,network_error,2,9.47,REMINDER,RETRY,1,False,0.0,0.0
rec_da007c08997bd7,cust_cc9803de12de,pay_0e0ec75e1b4873,24,0.892,3,37262.97,INR,wallet,network_error,3,16.03,PAYMENT_LINK,REMINDER,2,True,37262.97,16.42
rec_e9b89caf8a930d,cust_4ef492c1aac9,pay_c49b917843a299,7,0.89,1,2686.54,INR,card,bank_timeout,1,1.62,RETRY,,0,False,0.0,0.0
rec_a86bf8b517ccb7,cust_23cd8a4471e6,pay_93cdfce8ef69e0,36,0.919,3,7914.58,INR,netbanking,authentication_failed,1,0.29,RETRY,,0,False,0.0,0.0
rec_1b59200c0106c3,cust_23cd8a4471e6,pay_93cdfce8ef69e0,36,0.919,3,7914.58,INR,netbanking,authentication_failed,2,7.62,REMINDER,RETRY,1,True,7914.58,7.9
rec_cfef7fd7a17ea8,cust_76f2dbfecd29,pay_67eedfe95c72e5,1,0.938,0,938.99,INR,upi,authentication_failed,1,1.61,PAYMENT_LINK,,0,True,938.99,3.05
rec_30034603d782d6,cust_8f3dc97fe6b0,pay_2b5bce12206ce2,6,0.809,1,10399.58,INR,upi,bank_timeout,1,0.88,PAYMENT_LINK,,0,False,0.0,0.0
rec_3145d4c56370e0,cust_8f3dc97fe6b0,pay_2b5bce12206ce2,6,0.809,1,10399.58,INR,upi,bank_timeout,2,10.76,PAYMENT_LINK,PAYMENT_LINK,1,False,0.0,0.0
rec_973a905867d1cb,cust_c9ea356a7abf,pay_f945cfd4678ea9,9,0.853,1,2749.09,INR,card,bank_timeout,1,1.73,RETRY,,0,True,2749.09,3.0
rec_37d7bd4af718a6,cust_714011a1afc2,pay_2f3214c2939d1b,16,0.742,4,8221.84,INR,wallet,bank_timeout,1,1.45,RETRY,,0,True,8221.84,1.68
rec_fa2d0e68533a83,cust_6c8c3b6aa974,pay_35cffe16a6dfd6,3,0.889,0,10469.74,INR,card,bank_timeout,1,0.49,RETRY,,0,False,0.0,0.0
rec_6ffcc6e5461e24,cust_b22f2e910411,pay_71836f01466aa2,5,0.704,1,10719.81,INR,card,insufficient_funds,1,0.46,RETRY,,0,False,0.0,0.0
rec_bf922ea50f4171,cust_b22f2e910411,pay_71836f01466aa2,5,0.704,1,10719.81,INR,card,insufficient_funds,2,3.24,PAYMENT_LINK,RETRY,1,True,10719.81,3.44
rec_b03d01eb336fc1,cust_d9cb3540643f,pay_e19d4f0a1c4441,2,0.966,0,992.65,INR,card,network_error,1,1.0,RETRY,,0,True,992.65,1.79
rec_1c1d73b3250a8b,cust_76ad1c332469,pay_2913cb76450718,7,0.715,2,1425.76,INR,card,network_error,1,1.33,ESCALATE,,0,False,0.0,0.0
rec_f52a72c4c1fb0b,cust_243113fd8e19,pay_194d397db09dcd,16,0.966,1,2042.22,INR,upi,network_error,1,0.14,PAYMENT_LINK,,0,True,2042.22,0.88
rec_575f310891653d,cust_f3e816b5a353,pay_cc8ae9ca930cc6,6,0.516,3,47028.6,INR,upi,unknown,1,0.11,RETRY,,0,False,0.0,0.0
rec_b22ed234404c86,cust_f3e816b5a353,pay_cc8ae9ca930cc6,6,0.516,3,47028.6,INR,upi,unknown,2,2.13,PAYMENT_LINK,RETRY,1,True,47028.6,2.93
rec_885100753dbd21,cust_a391ffdb8794,pay_ab7a63e366e66f,7,0.407,4,8414.15,INR,upi,bank_timeout,1,1.0,RETRY,,0,True,8414.15,1.87
rec_fd61de15ae5371,cust_b00ac64c949c,pay_0434d8b88ffbc2,1,0.843,0,3928.73,INR,netbanking,bank_timeout,1,1.75,RETRY,,0,False,0.0,0.0
rec_ec6ee5ca573f9a,cust_2dbb45bd2138,pay_bcef2c153881e7,2,0.719,1,1237.46,INR,card,bank_timeout,1,1.22,RETRY,,0,True,1237.46,2.37
rec_d7906117ed1d4a,cust_2c6a6e9a3280,pay_ca857fe44014c0,21,0.354,14,2288.97,INR,netbanking,bank_timeout,1,1.0,RETRY,,0,False,0.0,0.0
rec_06e2e0802a0f31,cust_5c56d9bc5111,pay_54aba577e3311e,3,0.877,0,1609.36,INR,card,authentication_failed,1,0.1,RETRY,,0,False,0.0,0.0
rec_2c0ca9c0314a9a,cust_5c56d9bc5111,pay_54aba577e3311e,3,0.877,0,1609.36,INR,card,authentication_failed,2,13.92,STOP,RETRY,1,False,0.0,0.0
rec_a08ba0ef5ddc46,cust_f2d3f7610ba3,pay_bb8133fb0b9280,23,0.931,2,2515.38,INR,card,insufficient_funds,1,0.22,REMINDER,,0,True,2515.38,2.05
rec_15b73e011bc841,cust_ec16ddb7fd93,pay_6e8bebd6afcf7c,11,0.295,8,376.15,INR,netbanking,insufficient_funds,1,0.11,REMINDER,,0,False,0.0,0.0
rec_eac98c18f63e7e,cust_47c68688ecf3,pay_1bc2b4b46a40e7,27,0.713,8,2158.13,INR,card,network_error,1,1.46,RETRY,,0,False,0.0,0.0
rec_8868b64498220d,cust_47c68688ecf3,pay_1bc2b4b46a40e7,27,0.713,8,2158.13,INR,card,network_error,2,12.83,PAYMENT_LINK,RETRY,1,False,0.0,0.0
rec_cb728b16d63151,cust_47c68688ecf3,pay_1bc2b4b46a40e7,27,0.713,8,2158.13,INR,card,network_error,3,25.4,PAYMENT_LINK,PAYMENT_LINK,2,False,0.0,0.0
rec_207495abb1cbe8,cust_5616af7e1057,pay_ed1c4d7036d258,13,0.784,3,9946.29,INR,card,insufficient_funds,1,0.81,RETRY,,0,False,0.0,0.0
rec_8f6068e71cf85f,cust_5616af7e1057,pay_ed1c4d7036d258,13,0.784,3,9946.29,INR,card,insufficient_funds,2,17.22,PAYMENT_LINK,RETRY,1,False,0.0,0.0
rec_1564b4788d620b,cust_661f7117dd92,pay_d1138946bcd428,6,0.75,2,1649.27,INR,upi,bank_timeout,1,0.34,RETRY,,0,True,1649.27,2.56
rec_9ff5846e25d7ad,cust_8909b0039136,pay_5502ec6742da15,1,0.61,0,2517.71,INR,card,authentication_failed,1,1.69,REMINDER,,0,False,0.0,0.0
rec_0632718eb0ddbe,cust_08ffeab00750,pay_148529498bf640,5,0.737,1,5896.58,INR,card,insufficient_funds,1,1.71,REMINDER,,0,False,0.0,0.0
rec_0ea7c6ed5f1d36,cust_79c91e00aaf8,pay_2a38746e528f23,3,0.596,1,10271.75,INR,upi,bank_timeout,1,0.46,RETRY,,0,False,0.0,0.0
rec_5a744822fd07f9,cust_79c91e00aaf8,pay_2a38746e528f23,3,0.596,1,10271.75,INR,upi,bank_timeout,2,15.06,REMINDER,RETRY,1,False,0.0,0.0
rec_c0a5c3374a3461,cust_79c91e00aaf8,pay_2a38746e528f23,3,0.596,1,10271.75,INR,upi,bank_timeout,3,22.07,ESCALATE,REMINDER,2,False,0.0,0.0
rec_938df7c1ab0b74,cust_79c91e00aaf8,pay_2a38746e528f23,3,0.596,1,10271.75,INR,upi,bank_timeout,4,28.74,ESCALATE,ESCALATE,3,False,0.0,0.0
rec_00b736360c81a3,cust_f9d2014a22ee,pay_c49acd85e90661,35,0.728,10,691.03,INR,upi,authentication_failed,1,1.6,PAYMENT_LINK,,0,True,691.03,2.79
rec_525706d0fd9c63,cust_f8ded777bb1e,pay_576bd523a2fcab,5,0.917,0,2225.92,INR,card,bank_timeout,1,0.82,RETRY,,0,False,0.0,0.0
rec_5ae654b79e3b37,cust_157d94a106f0,pay_2b94906dd252f3,12,0.81,2,6377.93,INR,card,network_error,1,1.29,RETRY,,0,True,6377.93,3.44
rec_1fcfcb8e8750be,cust_683514f2ceb8,pay_a2e0f358c7533b,33,0.832,6,44533.23,INR,upi,bank_timeout,1,0.22,REMINDER,,0,False,0.0,0.0
rec_4237a5ffbbb890,cust_683514f2ceb8,pay_a2e0f358c7533b,33,0.832,6,44533.23,INR,upi,bank_timeout,2,16.46,STOP,REMINDER,1,False,0.0,0.0
rec_666bd0eeb2574b,cust_7eb27900ed5d,pay_7940964ff2cd4e,4,0.822,1,2805.52,INR,upi,insufficient_funds,1,1.55,PAYMENT_LINK,,0,True,2805.52,1.98
rec_36c077aa6e4ebe,cust_54c29d5c19ec,pay_92489bee858fab,35,0.949,2,9002.81,INR,card,insufficient_funds,1,0.14,REMINDER,,0,True,9002.81,1.96
rec_3aa4ecd7c9e58e,cust_eca04629e05b,pay_df9a09f576435b,13,0.786,3,1291.52,INR,wallet,authentication_failed,1,0.4,PAYMENT_LINK,,0,True,1291.52,2.59
rec_87c5577fd0919d,cust_481186e91625,pay_2fdc4da3aee51b,32,0.92,3,2884.81,INR,netbanking,bank_timeout,1,0.26,RETRY,,0,True,2884.81,1.02
rec_ac7625b80fc06f,cust_675dd5af3c36,pay_1be52474bb1467,2,0.867,0,1756.05,INR,upi,bank_timeout,1,1.97,REMINDER,,0,False,0.0,0.0
rec_650c5ea21f4737,cust_b27c40266703,pay_0eb9daeda39ad4,16,0.787,3,23072.71,INR,card,bank_timeout,1,1.94,RETRY,,0,True,23072.71,3.43
rec_7e19cad732af7b,cust_1834a40dbecf,pay_170e04471a282f,1,0.86,0,1878.59,INR,upi,network_error,1,1.6,RETRY,,0,True,1878.59,3.1
rec_63abd48ffdcdd4,cust_6994bf8450d3,pay_39c8a117ffdb88,13,0.548,6,1337.61,INR,card,bank_timeout,1,0.26,PAYMENT_LINK,,0,False,0.0,0.0
rec_dd3024fcb864aa,cust_6994bf8450d3,pay_39c8a117ffdb88,13,0.548,6,1337.61,INR,card,bank_timeout,2,3.78,STOP,PAYMENT_LINK,1,False,0.0,0.0
rec_b03ac41d3e9011,cust_62173b7fc536,pay_e958c74502bb65,33,0.839,5,2495.98,INR,wallet,bank_timeout,1,0.3,RETRY,,0,True,2495.98,1.81
rec_cac5ebc79c1817,cust_f3402dd34515,pay_438e1bb97f5270,3,0.914,0,10407.37,INR,upi,unknown,1,1.83,REMINDER,,0,False,0.0,0.0
rec_86a56845deef79,cust_f3402dd34515,pay_438e1bb97f5270,3,0.914,0,10407.37,INR,upi,unknown,2,9.36,ESCALATE,REMINDER,1,True,10407.37,10.89
rec_9a1a59cf9b480f,cust_ccb1063d25a7,pay_4ad078318a0aee,5,0.682,2,1310.61,INR,upi,technical_error,1,1.21,RETRY,,0,True,1310.61,3.03
rec_a16700f75de8f6,cust_004b6fabfcf5,pay_55cf185a4667b0,5,0.428,3,413.88,INR,card,bank_timeout,1,1.52,RETRY,,0,True,413.88,3.87
rec_f1a0051f0acae6,cust_55327432b118,pay_ef82fab37e0c52,2,0.903,0,1418.04,INR,upi,bank_timeout,1,1.42,RETRY,,0,False,0.0,0.0
rec_c48115142cee1a,cust_75b17a55d426,pay_5c7f9aef3403bf,21,0.969,1,2675.71,INR,card,technical_error,1,0.15,RETRY,,0,True,2675.71,2.03
rec_86451ddafbe22c,cust_e45e2ad08eef,pay_6e06f176d140f9,6,0.808,1,712.53,INR,upi,authentication_failed,1,1.71,PAYMENT_LINK,,0,False,0.0,0.0
rec_e577e1b64dd359,cust_e45e2ad08eef,pay_6e06f176d140f9,6,0.808,1,712.53,INR,upi,authentication_failed,2,17.01,PAYMENT_LINK,PAYMENT_LINK,1,False,0.0,0.0
rec_1fc7737cb94eb6,cust_4a7d6fa11d9d,pay_c7be05c6728ac5,10,0.606,4,1034.63,INR,upi,network_error,1,1.15,RETRY,,0,True,1034.63,1.77
rec_fed024cbb6f37b,cust_7dffe27d9b12,pay_b1a7d537b0ec70,17,0.736,4,2501.32,INR,upi,unknown,1,1.2,RETRY,,0,False,0.0,0.0
rec_a449aefa8d7da7,cust_9b5f8f39848b,pay_672182612a64d4,15,0.54,7,9355.45,INR,upi,authentication_failed,1,1.56,PAYMENT_LINK,,0,False,0.0,0.0
rec_daacfe2bfb3244,cust_9b5f8f39848b,pay_672182612a64d4,15,0.54,7,9355.45,INR,upi,authentication_failed,2,13.23,REMINDER,PAYMENT_LINK,1,False,0.0,0.0
rec_db5983d3f99003,cust_13ad3ead816e,pay_c89578d9890719,20,0.78,4,1274.48,INR,wallet,bank_timeout,1,0.73,RETRY,,0,True,1274.48,1.54
rec_b31e120d9f49ab,cust_4588fc1bb238,pay_2f592f3e1bbd25,8,0.851,1,10263.7,INR,card,network_error,1,1.57,RETRY,,0,False,0.0,0.0
rec_f8eb71136aeea0,cust_4588fc1bb238,pay_2f592f3e1bbd25,8,0.851,1,10263.7,INR,card,network_error,2,3.94,REMINDER,RETRY,1,True,10263.7,5.56
rec_852c62cef3377b,cust_d45ff4db9ce9,pay_3745abe5bfd096,17,0.374,11,2839.49,INR,upi,authentication_failed,1,0.52,REMINDER,,0,False,0.0,0.0
rec_48e23143fb1eaa,cust_d45ff4db9ce9,pay_3745abe5bfd096,17,0.374,11,2839.49,INR,upi,authentication_failed,2,4.74,ESCALATE,REMINDER,1,False,0.0,0.0
rec_258861bbad32a7,cust_54fc286f7457,pay_a9e0917fe324f5,37,0.715,11,597.88,INR,upi,authentication_failed,1,0.75,REMINDER,,0,True,597.88,2.25
rec_30b69f93c438c1,cust_0d7bec04e6e5,pay_61e72ff58cf509,4,0.804,1,1164.21,INR,upi,payment_method_issue,1,0.51,REMINDER,,0,True,1164.21,2.6
rec_dac97c5a0a6246,cust_b676291d4e32,pay_ec7fdc2efb0059,12,0.771,3,5267.37,INR,card,insufficient_funds,1,1.13,REMINDER,,0,True,5267.37,2.43
rec_33ba1e1b80ff8b,cust_9c6d52d5ae2e,pay_00401b203946ad,9,0.778,2,2585.18,INR,upi,insufficient_funds,1,1.78,PAYMENT_LINK,,0,False,0.0,0.0
rec_5246cc34bcdbe5,cust_2cba1bc6289a,pay_55b823649ca4d0,1,0.947,0,10409.92,INR,card,payment_method_issue,1,0.81,REMINDER,,0,True,10409.92,2.4
rec_715474b970ce68,cust_7e1f48c4a9d6,pay_a1295a39dce6ea,3,0.958,0,2640.15,INR,wallet,authentication_failed,1,1.29,PAYMENT_LINK,,0,True,2640.15,2.0
rec_a01989d1b998d3,cust_004ea81ad3d8,pay_f163ebe1b6dd5f,2,0.736,1,590.25,INR,upi,technical_error,1,1.38,RETRY,,0,True,590.25,1.66
rec_3b6bc3b7743097,cust_47e321c2a4ba,pay_293572d3fb6333,9,0.746,2,2809.96,INR,card,network_error,1,0.14,RETRY,,0,True,2809.96,2.57
rec_ad938d1a2a0dc9,cust_ef2ddcc48df6,pay_5b9df42d506f6b,2,0.88,0,4541.24,INR,card,unknown,1,0.31,RETRY,,0,True,4541.24,2.44
rec_37df79d830bd37,cust_3b1723197f4d,pay_1cd4aa85613c82,4,0.73,1,1380.32,INR,netbanking,unknown,1,0.7,PAYMENT_LINK,,0,False,0.0,0.0
rec_0c97560197b1af,cust_3b1723197f4d,pay_1cd4aa85613c82,4,0.73,1,1380.32,INR,netbanking,unknown,2,9.86,ESCALATE,PAYMENT_LINK,1,False,0.0,0.0
rec_65fae4a11a0378,cust_863417182ba6,pay_0c3badd852b19d,18,0.902,2,1306.65,INR,upi,unknown,1,0.28,ESCALATE,,0,True,1306.65,0.83
rec_8947494f96c840,cust_1a85910d5a05,pay_76949bb0e7b0e2,25,0.971,1,7496.92,INR,upi,payment_method_issue,1,0.24,REMINDER,,0,False,0.0,0.0
rec_9290a83a2bef43,cust_1a85910d5a05,pay_76949bb0e7b0e2,25,0.971,1,7496.92,INR,upi,payment_method_issue,2,15.48,PAYMENT_LINK,REMINDER,1,True,7496.92,16.8
rec_51856418fef44a,cust_561c9af39f02,pay_bb31caebc8ce14,8,0.864,1,6941.38,INR,upi,technical_error,1,0.54,RETRY,,0,True,6941.38,1.85
rec_0fa38669b33a82,cust_1036ca810bc4,pay_731bd233c011c6,2,0.3,1,12871.86,INR,upi,authentication_failed,1,1.47,REMINDER,,0,False,0.0,0.0
rec_cebf3ea4c7a699,cust_1036ca810bc4,pay_731bd233c011c6,2,0.3,1,12871.86,INR,upi,authentication_failed,2,9.91,STOP,REMINDER,1,False,0.0,0.0
rec_adc25f1664b307,cust_702c1821c804,pay_5d764bc403f54e,14,0.313,10,6385.05,INR,card,authentication_failed,1,0.42,PAYMENT_LINK,,0,False,0.0,0.0
rec_2384bb95921409,cust_6f6bbdf3c673,pay_8a00c9be55c5e7,2,0.897,0,47607.36,INR,upi,insufficient_funds,1,0.39,REMINDER,,0,False,0.0,0.0
rec_2888c573f3fd80,cust_99a9af6aed05,pay_981b99f9c14541,41,0.726,11,33185.89,INR,upi,network_error,1,0.55,RETRY,,0,False,0.0,0.0
rec_9aec319ff38ef3,cust_99a9af6aed05,pay_981b99f9c14541,41,0.726,11,33185.89,INR,upi,network_error,2,4.58,RETRY,RETRY,1,False,0.0,0.0
rec_8db4daaa831fe8,cust_b8d49848702b,pay_6ee2f9bf8ad303,8,0.835,1,34732.27,INR,upi,authentication_failed,1,0.65,RETRY,,0,False,0.0,0.0
rec_66d2c0a78b418b,cust_b52c4358d4a8,pay_73ad562d58c688,37,0.318,25,7567.81,INR,wallet,network_error,1,0.17,RETRY,,0,False,0.0,0.0
rec_06b637272fcf92,cust_b52c4358d4a8,pay_73ad562d58c688,37,0.318,25,7567.81,INR,wallet,network_error,2,9.33,REMINDER,RETRY,1,False,0.0,0.0
rec_7f4a3544817c78,cust_ceef7261bb15,pay_13f74636c7be54,11,0.512,5,14413.15,INR,upi,unknown,1,1.04,RETRY,,0,True,14413.15,2.62
rec_5e61df623ccb98,cust_21084dd9f75d,pay_51f323e6212618,26,0.879,3,748.23,INR,wallet,bank_timeout,1,1.32,RETRY,,0,True,748.23,1.83
rec_c743d9f12d0841,cust_34879e411a9c,pay_e50c27d4a9dfbb,1,0.938,0,9800.1,INR,upi,network_error,1,0.73,RETRY,,0,True,9800.1,1.19
rec_937838f9bd46bb,cust_27035b27958c,pay_ef29c0f72ebbfe,5,0.873,1,1488.92,INR,upi,bank_timeout,1,1.67,RETRY,,0,True,1488.92,4.05
rec_c2f18bfc887553,cust_7f78042820bb,pay_38e1e998ddca9c,9,0.94,1,4751.11,INR,wallet,payment_method_issue,1,1.88,PAYMENT_LINK,,0,True,4751.11,3.6
rec_fdce4f12dc4676,cust_3527bceed343,pay_57e5d468f1ed1e,4,0.874,1,2911.16,INR,card,payment_method_issue,1,0.52,PAYMENT_LINK,,0,True,2911.16,2.25
rec_d32a27d1498ccd,cust_afd380c42713,pay_5e85f3646426f2,2,0.886,0,2863.56,INR,upi,insufficient_funds,1,0.83,PAYMENT_LINK,,0,True,2863.56,2.73
rec_5567cd27b4664f,cust_beb799193f22,pay_9f88be6ea0ccfa,7,0.452,4,2090.19,INR,upi,authentication_failed,1,1.86,PAYMENT_LINK,,0,True,2090.19,2.02
rec_d14a395036e759,cust_34879e411a9c,pay_d6ac0d841604c3,1,0.938,0,1303.69,INR,card,insufficient_funds,1,0.3,PAYMENT_LINK,,0,True,1303.69,0.78
rec_4892111c1bee49,cust_56a049431c68,pay_18edc1e6864741,1,0.806,0,1392.5,INR,netbanking,bank_timeout,1,1.92,PAYMENT_LINK,,0,False,0.0,0.0
rec_7a5f1d32c1fcdf,cust_55327432b118,pay_5a968960c6bdce,2,0.903,0,1271.21,INR,upi,unknown,1,1.42,PAYMENT_LINK,,0,False,0.0,0.0
rec_592b4112c45930,cust_55327432b118,pay_5a968960c6bdce,2,0.903,0,1271.21,INR,upi,unknown,2,3.53,PAYMENT_LINK,PAYMENT_LINK,1,True,1271.21,4.84
rec_4c745676478fce,cust_101421317505,pay_cf2109f18eb232,5,0.818,1,41482.1,INR,upi,payment_method_issue,1,1.74,PAYMENT_LINK,,0,False,0.0,0.0
rec_bda53100fbaff9,cust_101421317505,pay_cf2109f18eb232,5,0.818,1,41482.1,INR,upi,payment_method_issue,2,17.54,PAYMENT_LINK,PAYMENT_LINK,1,False,0.0,0.0
rec_153e09baf7b6e3,cust_620d4a1f479f,pay_bb9e88f856ebd8,5,0.854,1,2899.7,INR,upi,insufficient_funds,1,1.45,PAYMENT_LINK,,0,True,2899.7,3.85
rec_2191990c3c861a,cust_22f9cafe2eb2,pay_22d91b18068055,17,0.432,10,12238.77,INR,card,bank_timeout,1,0.68,RETRY,,0,False,0.0,0.0
rec_de550a06537356,cust_22f9cafe2eb2,pay_22d91b18068055,17,0.432,10,12238.77,INR,card,bank_timeout,2,12.96,RETRY,RETRY,1,False,0.0,0.0
rec_62c578296210b7,cust_9ea9f5083122,pay_7b03f61b5705a3,29,0.727,8,770.46,INR,upi,authentication_failed,1,0.45,PAYMENT_LINK,,0,False,0.0,0.0
rec_21366a4d01a129,cust_c85b811b10a5,pay_f68d69797fe4c4,1,0.788,0,11914.17,INR,card,insufficient_funds,1,1.31,RETRY,,0,False,0.0,0.0
rec_49b4af175e6bed,cust_c85b811b10a5,pay_f68d69797fe4c4,1,0.788,0,11914.17,INR,card,insufficient_funds,2,9.17,REMINDER,RETRY,1,False,0.0,0.0
rec_9fc2e9524e0bec,cust_7010f7197e69,pay_d045f17ece2db2,15,0.964,1,1720.42,INR,netbanking,network_error,1,0.46,RETRY,,0,True,1720.42,2.57
rec_164ba766b4c757,cust_a06a187de2e6,pay_17007953e2aef5,24,0.851,4,1362.03,INR,upi,bank_timeout,1,1.15,RETRY,,0,False,0.0,0.0
rec_2477536f534fa8,cust_c1836315330f,pay_599f5901e65cad,7,0.636,3,1097.38,INR,upi,insufficient_funds,1,1.29,PAYMENT_LINK,,0,False,0.0,0.0
rec_61e5cdd9741d60,cust_c1836315330f,pay_599f5901e65cad,7,0.636,3,1097.38,INR,upi,insufficient_funds,2,13.19,REMINDER,PAYMENT_LINK,1,False,0.0,0.0
rec_ed00e657379f00,cust_3756999b251a,pay_647a96e91a2d0d,3,0.836,0,2632.29,INR,upi,unknown,1,1.33,PAYMENT_LINK,,0,True,2632.29,2.47
rec_6d566dccbb991d,cust_a3fb6d0bf4be,pay_d67e0f37f4e9b3,8,0.701,2,24381.61,INR,card,authentication_failed,1,1.18,REMINDER,,0,False,0.0,0.0
rec_8d9a58d83c7c53,cust_a3fb6d0bf4be,pay_d67e0f37f4e9b3,8,0.701,2,24381.61,INR,card,authentication_failed,2,15.97,REMINDER,REMINDER,1,False,0.0,0.0
rec_a504ee5ab98b94,cust_dd92dd7c0db9,pay_a73ff5245339eb,9,0.788,2,2898.62,INR,upi,technical_error,1,1.13,REMINDER,,0,False,0.0,0.0
rec_1dd18fcfb99b8d,cust_2be26bd117de,pay_295c1b5938079a,2,0.826,0,5608.59,INR,wallet,authentication_failed,1,0.6,REMINDER,,0,False,0.0,0.0
rec_7f6953afe9213d,cust_698f546d5f29,pay_dc5136e4d912d9,6,0.978,0,206.53,INR,upi,insufficient_funds,1,0.41,REMINDER,,0,False,0.0,0.0
rec_5d433dc2cb115b,cust_3b6dca0d6fe5,pay_d147b235e537cd,16,0.973,0,1821.82,INR,upi,payment_method_issue,1,0.56,REMINDER,,0,False,0.0,0.0
rec_596c9252703903,cust_fe4cefed6f55,pay_8c4862190de5fd,3,0.885,0,304.44,INR,card,network_error,1,1.03,RETRY,,0,True,304.44,2.31
rec_0a5a2180c4c0ea,cust_80acefb579d0,pay_e0e660c2b477ca,11,0.86,2,1639.14,INR,card,authentication_failed,1,0.85,REMINDER,,0,False,0.0,0.0
rec_ba5b70e7df3bd3,cust_7f0223bc651e,pay_ec2be3083c7d53,8,0.861,1,428.63,INR,upi,network_error,1,0.71,RETRY,,0,False,0.0,0.0
rec_c77afed52adff9,cust_7f0223bc651e,pay_ec2be3083c7d53,8,0.861,1,428.63,INR,upi,network_error,2,11.84,RETRY,RETRY,1,True,428.63,13.8
rec_7858406cfdff67,cust_99487f821831,pay_0626d3bea9fc73,34,0.915,3,755.75,INR,card,technical_error,1,1.07,PAYMENT_LINK,,0,False,0.0,0.0
rec_68fd117975d927,cust_2826a561bf1a,pay_9bd3947617ca35,24,0.76,6,17517.7,INR,card,bank_timeout,1,0.39,RETRY,,0,False,0.0,0.0
rec_a966544f57cad8,cust_c50c71f44d08,pay_9b18276a1d7b83,7,0.921,1,9060.94,INR,card,insufficient_funds,1,0.3,PAYMENT_LINK,,0,True,9060.94,0.43
rec_aa46dd26e07ab7,cust_fe43541ab0b6,pay_3fa916f9eeb1ec,16,0.755,4,1943.33,INR,upi,bank_timeout,1,1.19,RETRY,,0,True,1943.33,2.86
rec_aa386ce69390e3,cust_62649ce8eab8,pay_c3ad1a08264e44,23,0.916,2,4585.23,INR,card,bank_timeout,1,1.16,RETRY,,0,False,0.0,0.0
rec_bc6965e7bdfb0e,cust_519554e30737,pay_6025cf7c496605,9,0.978,0,2550.98,INR,upi,network_error,1,0.8,RETRY,,0,False,0.0,0.0
rec_c77ae3b120d1ee,cust_519554e30737,pay_6025cf7c496605,9,0.978,0,2550.98,INR,upi,network_error,2,13.28,RETRY,RETRY,1,True,2550.98,14.96
rec_06ec3c00d8a9e0,cust_cc8ceba90662,pay_18e00183c6bfb9,19,0.956,1,1469.46,INR,card,bank_timeout,1,1.88,RETRY,,0,True,1469.46,3.8
rec_716ff4f50fbfae,cust_a14923c2f920,pay_27facb5dc74d28,32,0.896,3,2971.28,INR,netbanking,insufficient_funds,1,0.79,PAYMENT_LINK,,0,True,2971.28,0.99
rec_a1b95e07af3807,cust_61ee6c5bdeef,pay_973f7fd5dca9b1,11,0.748,3,837.96,INR,card,insufficient_funds,1,1.34,PAYMENT_LINK,,0,True,837.96,3.51
rec_e49e6f6e6c561f,cust_65f30779f6ee,pay_4913a18bddcff3,5,0.338,3,363.21,INR,card,insufficient_funds,1,1.82,REMINDER,,0,False,0.0,0.0
rec_ff7f84ecc743ee,cust_65f30779f6ee,pay_4913a18bddcff3,5,0.338,3,363.21,INR,card,insufficient_funds,2,16.41,REMINDER,REMINDER,1,False,0.0,0.0
rec_7ac532884053f7,cust_65f30779f6ee,pay_4913a18bddcff3,5,0.338,3,363.21,INR,card,insufficient_funds,3,23.98,PAYMENT_LINK,REMINDER,2,False,0.0,0.0
rec_1c4dacfd00b30b,cust_65f30779f6ee,pay_4913a18bddcff3,5,0.338,3,363.21,INR,card,insufficient_funds,4,39.45,ESCALATE,PAYMENT_LINK,3,False,0.0,0.0
rec_6c7e80ad297099,cust_6786d50638ba,pay_c89a0cbdcc192b,13,0.922,1,307.45,INR,card,payment_method_issue,1,1.61,PAYMENT_LINK,,0,True,307.45,3.53
rec_73f56452689925,cust_33e04a38cdf0,pay_cff5435718f110,2,0.924,0,6296.19,INR,card,authentication_failed,1,1.75,PAYMENT_LINK,,0,True,6296.19,2.01
rec_3251561eb43d96,cust_af2b99b4d9ac,pay_550714a73aac21,15,0.729,4,332.84,INR,netbanking,insufficient_funds,1,1.11,PAYMENT_LINK,,0,False,0.0,0.0
rec_df466896cdbc3b,cust_0df1172a46f2,pay_881cf24c5953b5,4,0.775,1,9087.3,INR,upi,network_error,1,1.23,RETRY,,0,True,9087.3,2.1
rec_da8f55c4b310f0,cust_78460474927c,pay_cf536189d294f5,2,0.885,0,28700.22,INR,card,insufficient_funds,1,0.85,PAYMENT_LINK,,0,True,28700.22,2.19
rec_4097d297e9f746,cust_bc2cbb0ddd33,pay_6729fb464418dc,17,0.961,1,479.47,INR,wallet,authentication_failed,1,0.15,PAYMENT_LINK,,0,True,479.47,1.39
rec_b52db8c8ff5b2d,cust_d7b73862b347,pay_3c67593495e78f,17,0.947,1,2835.13,INR,card,network_error,1,1.54,RETRY,,0,True,2835.13,1.6
rec_a38dbe8c7e29bd,cust_5c784ca4f0e4,pay_9c4d8e2c4169de,6,0.69,2,3341.08,INR,upi,authentication_failed,1,1.24,RETRY,,0,False,0.0,0.0
rec_61d9407c6a21ab,cust_5c784ca4f0e4,pay_9c4d8e2c4169de,6,0.69,2,3341.08,INR,upi,authentication_failed,2,6.82,PAYMENT_LINK,RETRY,1,True,3341.08,7.95
rec_35ffdd0c2eda17,cust_a8b97820e92c,pay_e877a70d692fe7,4,0.573,2,477.81,INR,card,insufficient_funds,1,0.19,PAYMENT_LINK,,0,True,477.81,0.67
rec_23baa2caa90ae1,cust_f997f6976fcd,pay_4a02d7c19859df,1,0.902,0,2752.51,INR,wallet,insufficient_funds,1,0.13,RETRY,,0,True,2752.51,1.24
rec_185708fa426e08,cust_21bbd1838acf,pay_d1df4ff075f32c,2,0.65,1,44080.84,INR,card,insufficient_funds,1,1.7,REMINDER,,0,False,0.0,0.0
rec_3c36c559156c99,cust_21bbd1838acf,pay_d1df4ff075f32c,2,0.65,1,44080.84,INR,card,insufficient_funds,2,17.29,STOP,REMINDER,1,False,0.0,0.0
rec_d61676fcbb1ffa,cust_2804d0ac7957,pay_9d7e5e48c03caa,18,0.811,3,1866.33,INR,netbanking,network_error,1,0.95,RETRY,,0,False,0.0,0.0
rec_e1534d2bf261b0,cust_eade7b17b0d0,pay_ed84859d4a2e25,12,0.541,6,3274.82,INR,netbanking,bank_timeout,1,1.14,RETRY,,0,True,3274.82,1.58
rec_51f88167796c39,cust_4ab05699fd88,pay_3baeeb8eed5693,1,0.747,0,1431.99,INR,upi,insufficient_funds,1,0.12,RETRY,,0,False,0.0,0.0
rec_97266ab2d1303a,cust_bfbf397bac3e,pay_d795187f2e0956,19,0.85,3,1776.6,INR,card,insufficient_funds,1,1.55,RETRY,,0,False,0.0,0.0
rec_26830a4c813325,cust_bfbf397bac3e,pay_d795187f2e0956,19,0.85,3,1776.6,INR,card,insufficient_funds,2,7.88,PAYMENT_LINK,RETRY,1,False,0.0,0.0
rec_1ccc575e6c6bfd,cust_06d6fba77650,pay_ffc19e7bf17a27,5,0.771,1,10631.39,INR,upi,bank_timeout,1,0.18,RETRY,,0,True,10631.39,2.17
rec_dbe6fc7fcc40d3,cust_d701410d3f4b,pay_a46f87b58d45e9,28,0.833,5,1564.02,INR,upi,technical_error,1,1.15,RETRY,,0,True,1564.02,3.11
rec_44014a72068f19,cust_f23e9a06ed37,pay_4af835922e858b,15,0.887,2,10962.91,INR,netbanking,network_error,1,0.64,RETRY,,0,True,10962.91,1.34
rec_80a5fe0d00167f,cust_38aa76dfdb6b,pay_02f9378571a679,6,0.86,1,1145.45,INR,upi,bank_timeout,1,1.87,RETRY,,0,True,1145.45,2.59
rec_93645e439a18e6,cust_7f78042820bb,pay_88dcfe09441337,9,0.94,1,2149.73,INR,card,bank_timeout,1,0.93,RETRY,,0,True,2149.73,3.4
rec_29ca6e42d09ae2,cust_82010c62f5f5,pay_16d49f2d103ba2,11,0.939,1,799.47,INR,netbanking,authentication_failed,1,1.54,PAYMENT_LINK,,0,False,0.0,0.0
rec_79a0d586369db2,cust_82010c62f5f5,pay_16d49f2d103ba2,11,0.939,1,799.47,INR,netbanking,authentication_failed,2,19.52,ESCALATE,PAYMENT_LINK,1,False,0.0,0.0
rec_7edf1d614d55a6,cust_1a3d1fa7bc89,pay_3fa5e99ffb23a4,13,0.777,3,911.64,INR,upi,bank_timeout,1,0.73,RETRY,,0,True,911.64,3.0
rec_e95b9b7be585fc,cust_55ab946da5b5,pay_5160d3056dcd8d,7,0.867,1,10857.38,INR,upi,insufficient_funds,1,1.6,RETRY,,0,False,0.0,0.0
rec_c0c5249592bf80,cust_55ab946da5b5,pay_5160d3056dcd8d,7,0.867,1,10857.38,INR,upi,insufficient_funds,2,18.5,PAYMENT_LINK,RETRY,1,True,10857.38,20.27
rec_53921935d6f8d9,cust_e2add909c521,pay_e8556690f4d857,4,0.702,1,10796.69,INR,upi,authentication_failed,1,0.28,PAYMENT_LINK,,0,True,10796.69,2.77
rec_81b89c44ee28c8,cust_95dad216a6cd,pay_43d8c607f27ab6,14,0.801,3,1925.11,INR,upi,technical_error,1,0.57,RETRY,,0,False,0.0,0.0
rec_969e3fde571cea,cust_95dad216a6cd,pay_43d8c607f27ab6,14,0.801,3,1925.11,INR,upi,technical_error,2,8.67,PAYMENT_LINK,RETRY,1,False,0.0,0.0
rec_2280229d9d1b40,cust_95dad216a6cd,pay_43d8c607f27ab6,14,0.801,3,1925.11,INR,upi,technical_error,3,14.85,REMINDER,PAYMENT_LINK,2,False,0.0,0.0
rec_fea39cb17a4e43,cust_95dad216a6cd,pay_43d8c607f27ab6,14,0.801,3,1925.11,INR,upi,technical_error,4,28.41,STOP,REMINDER,3,False,0.0,0.0
rec_35073a4e65173b,cust_8b074d1a6a7a,pay_61a9529dedc273,3,0.719,1,3400.4,INR,card,insufficient_funds,1,0.9,PAYMENT_LINK,,0,True,3400.4,2.79
rec_4c787ac622c979,cust_dfda35b228b2,pay_a5ca5367b59865,3,0.737,1,1640.07,INR,card,insufficient_funds,1,0.21,PAYMENT_LINK,,0,True,1640.07,1.86
rec_431b011f6f90d9,cust_867a211ade16,pay_4b16d8a80c0575,11,0.758,3,49947.32,INR,upi,insufficient_funds,1,1.82,REMINDER,,0,True,49947.32,2.88
rec_c8009f5e3139c1,cust_3e4c943a3dab,pay_6c70704850934c,3,0.732,1,7410.26,INR,upi,authentication_failed,1,0.16,RETRY,,0,False,0.0,0.0
rec_5e997f0dc84042,cust_3e4c943a3dab,pay_6c70704850934c,3,0.732,1,7410.26,INR,upi,authentication_failed,2,10.26,REMINDER,RETRY,1,False,0.0,0.0
rec_ee920236b1ddec,cust_61f6dfbe114b,pay_217c82b1c884fa,8,0.708,2,4658.93,INR,upi,network_error,1,0.2,RETRY,,0,True,4658.93,0.81
rec_63e07207113cb0,cust_dd39d7936257,pay_2cc6c3c21e5066,4,0.727,1,705.92,INR,upi,insufficient_funds,1,1.93,REMINDER,,0,True,705.92,2.31
rec_896f07e5fabbd9,cust_6090d6978b1e,pay_fbc6423eb58a43,2,0.797,0,1242.03,INR,wallet,authentication_failed,1,1.92,PAYMENT_LINK,,0,True,1242.03,2.12
rec_cd4a3c8eee550e,cust_8941bdd39803,pay_65658fc1fb62f1,6,0.871,1,1583.7,INR,upi,bank_timeout,1,0.25,PAYMENT_LINK,,0,True,1583.7,2.58
rec_579729e87a8d83,cust_09ce3cfb2339,pay_cae322c36896a5,33,0.536,15,658.51,INR,netbanking,bank_timeout,1,1.49,RETRY,,0,True,658.51,2.1
rec_1f97876120bf26,cust_e599bd3c0bb8,pay_62c8570ebac043,41,0.846,6,7790.61,INR,upi,insufficient_funds,1,1.66,ESCALATE,,0,False,0.0,0.0
rec_bd61676d56aa81,cust_ef10b6ccdcaa,pay_5305405880e2ee,20,0.813,4,6258.26,INR,upi,payment_method_issue,1,0.19,PAYMENT_LINK,,0,True,6258.26,1.14
rec_9eec1868f0a968,cust_89b5aab0c121,pay_1c84f34f13a2dc,5,0.742,1,740.94,INR,netbanking,unknown,1,0.64,REMINDER,,0,False,0.0,0.0
rec_c39fcfb365ecc3,cust_89b5aab0c121,pay_1c84f34f13a2dc,5,0.742,1,740.94,INR,netbanking,unknown,2,14.38,STOP,REMINDER,1,False,0.0,0.0
rec_033ac676b6d6e9,cust_0f79a8a75f8a,pay_a522f92f4b20d6,4,0.703,1,9680.35,INR,upi,bank_timeout,1,1.75,RETRY,,0,True,9680.35,1.98
rec_b81c9d0b53332e,cust_f36cb62b892e,pay_9b5358d41138b5,4,0.754,1,11660.85,INR,netbanking,bank_timeout,1,1.46,RETRY,,0,False,0.0,0.0
rec_79633f3470c755,cust_7227890e4e76,pay_3abc666ce4cfb2,10,0.722,3,841.65,INR,card,bank_timeout,1,1.85,RETRY,,0,True,841.65,2.07
rec_e106ae3288fb04,cust_5c3bd3b5ecaa,pay_6ccbcb41d7b205,14,0.753,3,681.3,INR,card,payment_method_issue,1,1.92,PAYMENT_LINK,,0,False,0.0,0.0
rec_74dcbf138960a4,cust_43bfd9313605,pay_37aa530b9e9a3e,12,0.965,0,2394.98,INR,card,authentication_failed,1,1.34,REMINDER,,0,True,2394.98,2.97
rec_4e5aef220f9882,cust_0ffa23664b4f,pay_89f32a99dfc735,1,0.428,1,10235.15,INR,upi,insufficient_funds,1,1.21,PAYMENT_LINK,,0,False,0.0,0.0
rec_1aca9cf67ab61c,cust_0ffa23664b4f,pay_89f32a99dfc735,1,0.428,1,10235.15,INR,upi,insufficient_funds,2,19.1,PAYMENT_LINK,PAYMENT_LINK,1,False,0.0,0.0
rec_a61109cf8e86f9,cust_eb4aede646a5,pay_6078ba6940f895,24,0.93,2,2467.63,INR,netbanking,unknown,1,1.13,PAYMENT_LINK,,0,True,2467.63,1.5
rec_35c87983910b77,cust_eb4aede646a5,pay_3cff13aa3c477d,24,0.93,2,487.97,INR,wallet,unknown,1,1.35,RETRY,,0,False,0.0,0.0
rec_8e9a8e7293fca9,cust_eb4aede646a5,pay_3cff13aa3c477d,24,0.93,2,487.97,INR,wallet,unknown,2,19.08,REMINDER,RETRY,1,False,0.0,0.0
rec_a1a20f5ed75dcd,cust_df41e335b9ae,pay_d0f36c280b76d6,14,0.507,7,717.32,INR,card,bank_timeout,1,0.22,RETRY,,0,True,717.32,0.38
rec_edb5db914a13b1,cust_81145252c4c3,pay_7b18c0a5ad3e87,1,0.268,1,4095.32,INR,upi,technical_error,1,0.46,RETRY,,0,True,4095.32,2.29
rec_50ff14bf96b525,cust_3f5fbf4fd417,pay_96f22a0615c5fe,2,0.36,1,331.62,INR,upi,insufficient_funds,1,1.53,REMINDER,,0,True,331.62,2.34
rec_7002491661128e,cust_3e4c943a3dab,pay_32d48c8200ef33,3,0.732,1,11951.27,INR,upi,network_error,1,1.84,PAYMENT_LINK,,0,True,11951.27,2.7
rec_b57e526c162799,cust_9be78aec32da,pay_0bcbb729b06460,16,0.732,4,2921.84,INR,upi,insufficient_funds,1,0.27,REMINDER,,0,False,0.0,0.0
rec_c29d0b1c8fcb6d,cust_6082786fca00,pay_cec98bf10067ea,13,0.884,2,1106.01,INR,upi,technical_error,1,1.84,RETRY,,0,True,1106.01,3.4
rec_8e300e9c8edb0e,cust_20029d9f05e9,pay_8dd064e34b50c3,11,0.432,6,1695.03,INR,upi,authentication_failed,1,0.4,REMINDER,,0,False,0.0,0.0
rec_7c3c4c2fa40e01,cust_20029d9f05e9,pay_8dd064e34b50c3,11,0.432,6,1695.03,INR,upi,authentication_failed,2,10.72,REMINDER,REMINDER,1,True,1695.03,12.07
rec_e194fb216e7e2f,cust_a99f131849c8,pay_cd87a06a5ef993,14,0.395,8,704.71,INR,upi,bank_timeout,1,0.96,RETRY,,0,True,704.71,1.06
rec_5e58e27a9256fa,cust_1e8df8ad838b,pay_a18d218df6a0e0,3,0.752,1,1764.39,INR,netbanking,insufficient_funds,1,0.68,RETRY,,0,False,0.0,0.0
rec_c8b80c6c2f542d,cust_409d36025084,pay_55ead3595c780e,35,0.492,18,2919.24,INR,card,authentication_failed,1,0.65,REMINDER,,0,False,0.0,0.0
rec_130f0872966f3d,cust_dec56dc3ad96,pay_a51d7a23d5b483,2,0.544,1,983.93,INR,upi,authentication_failed,1,1.89,PAYMENT_LINK,,0,True,983.93,4.25
rec_c78d76426f63de,cust_0bd18d4a4cf4,pay_e9d56e55fee669,10,0.965,0,9489.05,INR,card,payment_method_issue,1,0.3,REMINDER,,0,True,9489.05,2.39
rec_466d8ac168f655,cust_43b7a3a69a8d,pay_2057111f243bb3,5,0.727,1,6304.52,INR,netbanking,network_error,1,0.13,RETRY,,0,True,6304.52,2.45
rec_16c60b3d0ef402,cust_d51b1974de66,pay_22d1b5fad3c8ac,2,0.966,0,2619.65,INR,wallet,authentication_failed,1,1.85,RETRY,,0,False,0.0,0.0
rec_b0584c0b2931e8,cust_d51b1974de66,pay_22d1b5fad3c8ac,2,0.966,0,2619.65,INR,wallet,authentication_failed,2,11.62,REMINDER,RETRY,1,False,0.0,0.0
rec_c0c86a82b2b11b,cust_e13a14ca5911,pay_fe62314e22e142,11,0.716,3,1289.56,INR,netbanking,payment_method_issue,1,1.61,PAYMENT_LINK,,0,True,1289.56,2.52
rec_3a37b9075cdbb2,cust_e9ff1cae41c8,pay_f9878ca65f2e62,43,0.956,2,697.4,INR,upi,technical_error,1,1.96,RETRY,,0,True,697.4,3.84
rec_162cf897a75554,cust_4a7d6fa11d9d,pay_91cb87c7d220f7,10,0.606,4,321.78,INR,upi,technical_error,1,1.23,RETRY,,0,True,321.78,3.5
rec_985d94c021aa50,cust_f85bc2d30119,pay_b61cc55b8fd072,9,0.828,2,1019.5,INR,netbanking,bank_timeout,1,1.18,RETRY,,0,True,1019.5,3.35
rec_c5404be9e6d595,cust_f3402dd34515,pay_d619e0ce69d5dd,3,0.914,0,11634.03,INR,upi,authentication_failed,1,0.37,REMINDER,,0,False,0.0,0.0
rec_a9fb1b548fbd2c,cust_f3402dd34515,pay_d619e0ce69d5dd,3,0.914,0,11634.03,INR,upi,authentication_failed,2,13.98,PAYMENT_LINK,REMINDER,1,True,11634.03,14.14
rec_26c118f2eb1c04,cust_65f30779f6ee,pay_77e0ad891197ae,5,0.338,3,4920.02,INR,netbanking,network_error,1,0.78,PAYMENT_LINK,,0,False,0.0,0.0
rec_31fab84d80dd80,cust_4e7ed827455a,pay_faa0a29745e3e2,7,0.793,1,307.97,INR,upi,bank_timeout,1,1.14,ESCALATE,,0,False,0.0,0.0
rec_fb3cd9c8ebcfa8,cust_4e7ed827455a,pay_faa0a29745e3e2,7,0.793,1,307.97,INR,upi,bank_timeout,2,11.89,STOP,ESCALATE,1,False,0.0,0.0
rec_9eb01a8e72f0b9,cust_d900da4bff31,pay_d98d2038f81379,11,0.977,0,2761.01,INR,upi,insufficient_funds,1,0.2,RETRY,,0,False,0.0,0.0
rec_2eca29b79087ba,cust_d900da4bff31,pay_d98d2038f81379,11,0.977,0,2761.01,INR,upi,insufficient_funds,2,7.57,PAYMENT_LINK,RETRY,1,False,0.0,0.0
rec_1b6d89275315de,cust_d900da4bff31,pay_d98d2038f81379,11,0.977,0,2761.01,INR,upi,insufficient_funds,3,21.24,PAYMENT_LINK,PAYMENT_LINK,2,True,2761.01,23.59
rec_afca225afc7cdc,cust_19b38619d1fb,pay_070deea0bb09e7,7,0.566,3,8400.8,INR,netbanking,bank_timeout,1,0.26,PAYMENT_LINK,,0,False,0.0,0.0
rec_eea28810eb7fb0,cust_cac8d87ea689,pay_f1430eeab443cd,16,0.747,4,1288.38,INR,upi,bank_timeout,1,1.3,RETRY,,0,False,0.0,0.0
rec_152b5e5fe4999a,cust_cac8d87ea689,pay_f1430eeab443cd,16,0.747,4,1288.38,INR,upi,bank_timeout,2,7.59,RETRY,RETRY,1,False,0.0,0.0
rec_5656b5f91c6a16,cust_725d42593c4b,pay_c8f168095051b9,2,0.769,0,8093.01,INR,netbanking,bank_timeout,1,0.4,PAYMENT_LINK,,0,False,0.0,0.0
rec_afb6f3c9a798de,cust_725d42593c4b,pay_c8f168095051b9,2,0.769,0,8093.01,INR,netbanking,bank_timeout,2,5.83,REMINDER,PAYMENT_LINK,1,True,8093.01,8.03
rec_b552f3865a96ef,cust_a65be22bd5a3,pay_9e1d5748e3fe26,20,0.809,4,1425.57,INR,card,technical_error,1,0.29,RETRY,,0,True,1425.57,1.8
rec_34091297031fda,cust_235398a63a6a,pay_e9d834b6072e4e,14,0.911,1,2301.79,INR,card,bank_timeout,1,0.85,RETRY,,0,False,0.0,0.0
rec_36ea525de0d768,cust_235398a63a6a,pay_e9d834b6072e4e,14,0.911,1,2301.79,INR,card,bank_timeout,2,13.89,REMINDER,RETRY,1,True,2301.79,14.79
rec_f5b85c172c9c76,cust_4d579d00cadc,pay_c2a423f2f8e8e9,21,0.791,4,400.62,INR,card,authentication_failed,1,0.28,REMINDER,,0,False,0.0,0.0
rec_04ebb4a9a4e565,cust_e599bd3c0bb8,pay_e8c80d963e5e99,41,0.846,6,1786.83,INR,card,insufficient_funds,1,0.23,RETRY,,0,False,0.0,0.0
rec_ae22c5bbb1c36c,cust_7df373789f6c,pay_d301e76fe8a94b,5,0.873,1,405.33,INR,upi,insufficient_funds,1,0.6,RETRY,,0,False,0.0,0.0
rec_49fa555ed928c0,cust_7df373789f6c,pay_d301e76fe8a94b,5,0.873,1,405.33,INR,upi,insufficient_funds,2,4.6,RETRY,RETRY,1,False,0.0,0.0
rec_00b62158054038,cust_7df373789f6c,pay_d301e76fe8a94b,5,0.873,1,405.33,INR,upi,insufficient_funds,3,11.51,ESCALATE,RETRY,2,False,0.0,0.0
rec_492eb70c2f035a,cust_ec993c800b7d,pay_d8b4f757d91ade,12,0.445,7,1117.66,INR,card,authentication_failed,1,1.67,PAYMENT_LINK,,0,True,1117.66,2.35
rec_0a328c889241e0,cust_8909b0039136,pay_0fa76a5b95055a,1,0.61,0,8953.42,INR,upi,network_error,1,0.52,RETRY,,0,True,8953.42,0.61
rec_64804241624f88,cust_bcd2e8eb3f55,pay_5b2dec8c0be088,3,0.948,0,1983.18,INR,wallet,authentication_failed,1,0.89,PAYMENT_LINK,,0,False,0.0,0.0
rec_52c2526e737e68,cust_bca6a6b093b0,pay_01a9abd0ed71d8,2,0.939,0,2098.35,INR,wallet,payment_method_issue,1,0.97,ESCALATE,,0,False,0.0,0.0
rec_4fca946a6c6a58,cust_bca6a6b093b0,pay_01a9abd0ed71d8,2,0.939,0,2098.35,INR,wallet,payment_method_issue,2,16.69,ESCALATE,ESCALATE,1,True,2098.35,18.19
rec_06506312e3d254,cust_9360715fc3fe,pay_3d824b77d7d99c,29,0.895,3,2450.5,INR,card,bank_timeout,1,1.42,RETRY,,0,True,2450.5,2.1
rec_9ba585aecb9645,cust_2102f9c96457,pay_1d52210671e61f,2,0.971,0,1162.91,INR,card,network_error,1,1.15,RETRY,,0,False,0.0,0.0
rec_5f15ee3f891887,cust_75ac824c2c55,pay_e90f0aace82ae2,5,0.847,1,547.58,INR,upi,authentication_failed,1,0.11,PAYMENT_LINK,,0,True,547.58,0.43
rec_eacb832956f492,cust_e9570a2af7f4,pay_e1772a3896aaa3,4,0.923,0,2297.95,INR,upi,insufficient_funds,1,1.44,REMINDER,,0,True,2297.95,1.61
rec_4f9d2780e1cf33,cust_12068ad612aa,pay_9a977a80b30988,13,0.565,6,3604.52,INR,wallet,authentication_failed,1,0.39,PAYMENT_LINK,,0,True,3604.52,1.69
rec_f20d3aeaa998a3,cust_0496179588cc,pay_235aa8e9838fd8,17,0.944,1,2310.18,INR,card,bank_timeout,1,1.15,RETRY,,0,True,2310.18,3.25
rec_9a39bc3693c840,cust_ad58db1bfe31,pay_7cbe08bc475bce,2,0.911,0,36883.37,INR,upi,payment_method_issue,1,1.73,PAYMENT_LINK,,0,False,0.0,0.0
rec_0356f7abbc1af6,cust_ad58db1bfe31,pay_7cbe08bc475bce,2,0.911,0,36883.37,INR,upi,payment_method_issue,2,15.1,REMINDER,PAYMENT_LINK,1,False,0.0,0.0
rec_31a79435b7c52b,cust_9e35836f66aa,pay_46e95aec0cfb2d,44,0.896,5,38442.99,INR,card,bank_timeout,1,1.46,PAYMENT_LINK,,0,True,38442.99,3.66
rec_d403653eef55c8,cust_62649ce8eab8,pay_17f20b4080dac4,23,0.916,2,2680.74,INR,upi,insufficient_funds,1,0.11,PAYMENT_LINK,,0,False,0.0,0.0
rec_21cc021139681e,cust_62649ce8eab8,pay_17f20b4080dac4,23,0.916,2,2680.74,INR,upi,insufficient_funds,2,9.15,REMINDER,PAYMENT_LINK,1,True,2680.74,10.63
rec_f4ae6f01bfc353,cust_258483851915,pay_fd9c70c3297238,5,0.93,0,1362.99,INR,netbanking,network_error,1,1.51,RETRY,,0,True,1362.99,3.67
rec_7ca2101f6b77fb,cust_a0c14035c5d9,pay_437feb6b0777ca,12,0.884,1,2902.01,INR,upi,insufficient_funds,1,1.28,PAYMENT_LINK,,0,True,2902.01,3.46
rec_272926b0ee0b68,cust_9dac6e834524,pay_e28220cd8ea359,15,0.905,1,2554.47,INR,netbanking,payment_method_issue,1,0.97,RETRY,,0,False,0.0,0.0
rec_94ca68d94d9e4c,cust_9dac6e834524,pay_e28220cd8ea359,15,0.905,1,2554.47,INR,netbanking,payment_method_issue,2,4.32,REMINDER,RETRY,1,False,0.0,0.0
rec_643a68986e75d0,cust_9dac6e834524,pay_e28220cd8ea359,15,0.905,1,2554.47,INR,netbanking,payment_method_issue,3,10.91,ESCALATE,REMINDER,2,True,2554.47,12.57
rec_e1cef59e6f1021,cust_8f188e729696,pay_3045c38cc52c7f,8,0.803,2,8107.98,INR,card,insufficient_funds,1,1.25,PAYMENT_LINK,,0,False,0.0,0.0
rec_836392b7d9a374,cust_bec39a379b3d,pay_4177497a25987d,11,0.909,1,1349.62,INR,card,technical_error,1,0.75,RETRY,,0,True,1349.62,1.17
rec_922615b299cd0d,cust_bc67f831cbc8,pay_f2fb122f7e34be,8,0.832,1,48113.2,INR,upi,network_error,1,1.87,RETRY,,0,True,48113.2,3.93
rec_8818d2775d5b0b,cust_c5f8e2f8414f,pay_56bdebf58f48de,6,0.859,1,10986.25,INR,upi,unknown,1,0.64,ESCALATE,,0,False,0.0,0.0
rec_cf152c0608e45b,cust_c5f8e2f8414f,pay_56bdebf58f48de,6,0.859,1,10986.25,INR,upi,unknown,2,6.41,PAYMENT_LINK,ESCALATE,1,False,0.0,0.0
rec_acd5f173904fa8,cust_c5ce099c46b8,pay_5da7f990d59ec4,31,0.946,2,7761.02,INR,upi,insufficient_funds,1,1.47,REMINDER,,0,False,0.0,0.0
rec_78e1524090771f,cust_82f738611adb,pay_963a432066c09e,4,0.738,1,9484.97,INR,wallet,network_error,1,1.89,RETRY,,0,True,9484.97,4.31
rec_0207006de883a4,cust_8163b6ce1877,pay_ba66f439ee62af,15,0.973,0,1606.81,INR,wallet,bank_timeout,1,0.5,RETRY,,0,True,1606.81,1.46
rec_ec32006dda7b9a,cust_3c73013b99ea,pay_820f46424e6ceb,7,0.534,3,1155.73,INR,upi,authentication_failed,1,0.71,PAYMENT_LINK,,0,True,1155.73,2.83
rec_9561a5748b61d8,cust_0ddb545b61ea,pay_22ff5a3046b3fc,13,0.703,4,2374.37,INR,upi,bank_timeout,1,0.45,PAYMENT_LINK,,0,True,2374.37,2.14
rec_e84f52adf60768,cust_57dda51ea4dc,pay_6a5b54e4f0e2aa,25,0.587,10,5708.98,INR,card,insufficient_funds,1,1.46,REMINDER,,0,True,5708.98,3.4
rec_eeba6ad9ea88d2,cust_23e2fcb472d8,pay_afaea21da54720,5,0.359,3,7461.14,INR,upi,insufficient_funds,1,0.42,PAYMENT_LINK,,0,False,0.0,0.0
rec_e5715f31bd3741,cust_23e2fcb472d8,pay_afaea21da54720,5,0.359,3,7461.14,INR,upi,insufficient_funds,2,11.33,PAYMENT_LINK,PAYMENT_LINK,1,True,7461.14,13.38
rec_6932317a876ef4,cust_d88423547613,pay_445dff54427fbc,8,0.833,1,8854.38,INR,upi,bank_timeout,1,1.04,RETRY,,0,True,8854.38,3.09
rec_ecccd30e0bf0af,cust_9642b0525379,pay_e7a9f86638f9fa,14,0.918,1,1467.31,INR,upi,insufficient_funds,1,0.72,REMINDER,,0,True,1467.31,3.0
rec_2d9d4bd8aeb2f9,cust_d0096b2a0041,pay_d04cc4db270a48,10,0.955,0,1702.63,INR,card,payment_method_issue,1,0.72,ESCALATE,,0,True,1702.63,3.03
rec_ce5e137f877238,cust_0f6b40d09efb,pay_768eaf5851ddaa,8,0.686,3,11508.27,INR,card,bank_timeout,1,0.67,RETRY,,0,True,11508.27,2.97
rec_2fbd9d23a5168c,cust_4c955f6a966b,pay_e88f12a42a1b41,14,0.824,2,539.54,INR,card,insufficient_funds,1,1.45,PAYMENT_LINK,,0,False,0.0,0.0
rec_f76361e65f9f97,cust_4c955f6a966b,pay_e88f12a42a1b41,14,0.824,2,539.54,INR,card,insufficient_funds,2,12.66,REMINDER,PAYMENT_LINK,1,True,539.54,13.31
rec_5d144588498e6b,cust_b22f2e910411,pay_3c10cbcfe8d7ea,5,0.704,1,621.17,INR,upi,technical_error,1,0.53,PAYMENT_LINK,,0,False,0.0,0.0
rec_c827e44738d8e4,cust_b22f2e910411,pay_3c10cbcfe8d7ea,5,0.704,1,621.17,INR,upi,technical_error,2,16.18,REMINDER,PAYMENT_LINK,1,False,0.0,0.0
rec_c3b5b2bd1eec4d,cust_9e374f7ac42c,pay_164caf2f6d442c,22,0.267,16,2920.58,INR,upi,bank_timeout,1,0.19,RETRY,,0,True,2920.58,1.73
rec_ad8264e38eeb2a,cust_b048faa112ae,pay_6191ee64332cdc,8,0.551,4,238.65,INR,card,insufficient_funds,1,0.77,RETRY,,0,False,0.0,0.0
rec_aa8d6f817e34ed,cust_b048faa112ae,pay_6191ee64332cdc,8,0.551,4,238.65,INR,card,insufficient_funds,2,11.73,STOP,RETRY,1,False,0.0,0.0
rec_fb6e553137790e,cust_4a7d6fa11d9d,pay_ec4c89cd6f4b3d,10,0.606,4,5359.25,INR,netbanking,network_error,1,1.01,PAYMENT_LINK,,0,True,5359.25,1.57
rec_b7a49237277f17,cust_b788f5d1ffe5,pay_eb6db35f295094,10,0.724,3,3151.99,INR,card,authentication_failed,1,0.58,PAYMENT_LINK,,0,False,0.0,0.0
rec_e5a79d2fd54719,cust_ff1b654d6c65,pay_2dbb3bdf2f234d,9,0.774,2,6183.65,INR,card,bank_timeout,1,1.79,RETRY,,0,True,6183.65,1.96
rec_8f1372bbdb5566,cust_3cc56af30eac,pay_3ea0dd43cc7a18,6,0.864,1,2012.71,INR,upi,insufficient_funds,1,1.4,PAYMENT_LINK,,0,True,2012.71,2.64
rec_793909cdb85827,cust_dc956e310349,pay_52eef7f28fca90,2,0.743,1,2686.74,INR,card,network_error,1,0.43,RETRY,,0,True,2686.74,1.46
rec_13d69792126ff5,cust_20bd14220b0b,pay_46df90fbbb01e3,3,0.933,0,3405.3,INR,card,authentication_failed,1,1.62,REMINDER,,0,True,3405.3,2.72
rec_cdad77367a272e,cust_4968fdf25760,pay_4588d5c76da2c9,7,0.769,2,2812.37,INR,card,network_error,1,1.23,RETRY,,0,True,2812.37,2.16
rec_c07c5f323e5fe7,cust_101421317505,pay_6f41bc232b31b5,5,0.818,1,37332.88,INR,card,technical_error,1,1.04,RETRY,,0,True,37332.88,1.27
rec_2f74b072c53ee9,cust_0e29ed9a0518,pay_910813b5882fdc,3,0.674,1,6653.85,INR,upi,authentication_failed,1,0.51,PAYMENT_LINK,,0,True,6653.85,0.76
rec_af581559a186ef,cust_2fb504019d26,pay_073fdf7fc3bf7d,10,0.912,1,1148.53,INR,upi,authentication_failed,1,1.28,PAYMENT_LINK,,0,True,1148.53,2.89
rec_1feba1e73bb159,cust_04c47757e2db,pay_1d8385f333f8cf,7,0.814,1,8669.69,INR,upi,insufficient_funds,1,0.16,REMINDER,,0,False,0.0,0.0
rec_7c7d7f90595ef9,cust_04c47757e2db,pay_1d8385f333f8cf,7,0.814,1,8669.69,INR,upi,insufficient_funds,2,4.48,PAYMENT_LINK,REMINDER,1,True,8669.69,5.39
rec_7f14d81c6f6d18,cust_f18cccdc131e,pay_a3dc896e902369,15,0.789,3,2779.65,INR,upi,network_error,1,0.1,RETRY,,0,True,2779.65,0.91
rec_5a5e6d183e8814,cust_34850fcd2f3b,pay_ec6123eb733c4d,1,0.735,0,2833.79,INR,upi,bank_timeout,1,1.79,ESCALATE,,0,True,2833.79,2.65
rec_6151f6edb2297a,cust_01bb819c4dfe,pay_96bfbee009a273,12,0.755,3,11775.46,INR,upi,authentication_failed,1,1.93,PAYMENT_LINK,,0,True,11775.46,3.57
rec_9d347254506331,cust_a175a9c3d7b1,pay_97f3d71d5ef759,35,0.914,3,221.28,INR,card,bank_timeout,1,1.11,RETRY,,0,True,221.28,1.74
rec_4acafd79ec6063,cust_62173b7fc536,pay_d72abf118f415c,33,0.839,5,1138.12,INR,upi,payment_method_issue,1,0.89,PAYMENT_LINK,,0,True,1138.12,1.58
rec_469a09ee422ba8,cust_4cec495b2267,pay_12afbaebc91ac2,9,0.728,2,5748.17,INR,card,authentication_failed,1,1.25,REMINDER,,0,False,0.0,0.0
rec_b91340e39afe08,cust_09b7fdf77d8d,pay_45071307e183cf,54,0.467,29,5374.15,INR,upi,network_error,1,1.35,RETRY,,0,True,5374.15,2.2
rec_0fab0fb8210bf6,cust_8f3dc97fe6b0,pay_d14c6d19ab4419,6,0.809,1,2356.5,INR,upi,technical_error,1,0.61,RETRY,,0,True,2356.5,2.85
rec_202b50d1c71a5c,cust_8f0881ee8011,pay_0b191955c2fdb4,17,0.806,3,1042.8,INR,netbanking,insufficient_funds,1,0.65,PAYMENT_LINK,,0,True,1042.8,2.66
rec_c75e769c22e884,cust_c4c2e2e3444e,pay_9112448d473407,1,0.891,0,1051.28,INR,netbanking,bank_timeout,1,1.26,PAYMENT_LINK,,0,True,1051.28,3.12
rec_6e247a6bf09ea0,cust_283edeec9245,pay_dbc4ccdd55545b,24,0.786,5,1196.47,INR,upi,insufficient_funds,1,0.73,REMINDER,,0,False,0.0,0.0
rec_0c4d862e5ef8fa,cust_6090d6978b1e,pay_37e91ea49c0723,2,0.797,0,21921.95,INR,card,insufficient_funds,1,0.59,PAYMENT_LINK,,0,True,21921.95,1.19
rec_3b63be004d1f3b,cust_d2eaef184b67,pay_d42d205530c431,22,0.801,4,2810.81,INR,upi,bank_timeout,1,0.57,RETRY,,0,True,2810.81,1.13
rec_b5356bf3b5f414,cust_a0135044a041,pay_bdcfc42b8122a1,1,0.746,0,10208.97,INR,upi,technical_error,1,1.68,PAYMENT_LINK,,0,False,0.0,0.0
rec_4d564ca1099c36,cust_8505d91df28b,pay_c0d5dc1761a556,5,0.944,0,339.34,INR,netbanking,authentication_failed,1,1.33,PAYMENT_LINK,,0,True,339.34,2.52
rec_df449bffbad651,cust_f0cf9d73e812,pay_895c186b3a772b,16,0.85,2,10512.44,INR,wallet,bank_timeout,1,1.65,RETRY,,0,True,10512.44,2.14
rec_382e80e8059f99,cust_529b20e053bf,pay_222b853733777a,3,0.816,1,628.29,INR,upi,bank_timeout,1,0.13,RETRY,,0,True,628.29,0.68
rec_d057358dc03b3a,cust_5f06bc767b77,pay_bbeb914b115626,12,0.852,2,9032.95,INR,upi,insufficient_funds,1,1.87,RETRY,,0,True,9032.95,3.09
rec_377f35c1076f63,cust_0a0175e5937d,pay_a44a0d54472a9d,9,0.637,3,355.94,INR,wallet,bank_timeout,1,0.54,PAYMENT_LINK,,0,False,0.0,0.0
rec_4bc6fdb98a497b,cust_0a0175e5937d,pay_a44a0d54472a9d,9,0.637,3,355.94,INR,wallet,bank_timeout,2,6.87,STOP,PAYMENT_LINK,1,False,0.0,0.0
rec_e18e763b0d57ae,cust_ec993c800b7d,pay_ccafa19bf8e274,12,0.445,7,2274.92,INR,wallet,network_error,1,0.27,REMINDER,,0,False,0.0,0.0
rec_424a1f16d4d1bf,cust_ec993c800b7d,pay_ccafa19bf8e274,12,0.445,7,2274.92,INR,wallet,network_error,2,8.24,REMINDER,REMINDER,1,False,0.0,0.0
rec_438279e7ecf802,cust_28628b4ec714,pay_f55c6af8c6b440,1,0.937,0,2767.56,INR,upi,network_error,1,0.71,RETRY,,0,True,2767.56,2.23
rec_95be2ff6f4ae5a,cust_edba94842759,pay_896d3a543a363b,4,0.899,0,6966.36,INR,upi,insufficient_funds,1,0.38,RETRY,,0,True,6966.36,1.21
rec_1987e27b2fb1ce,cust_6747d24a1a46,pay_88a59343c21ca2,8,0.839,1,912.22,INR,upi,network_error,1,1.9,RETRY,,0,True,912.22,3.84
rec_f9db00b0e40f19,cust_49a23a89e6b5,pay_87ea19f21e8595,4,0.703,1,1636.84,INR,card,insufficient_funds,1,1.41,RETRY,,0,False,0.0,0.0
rec_cc45a5fe093ad0,cust_49a23a89e6b5,pay_87ea19f21e8595,4,0.703,1,1636.84,INR,card,insufficient_funds,2,17.79,REMINDER,RETRY,1,True,1636.84,19.86
rec_2460fdd72cedc1,cust_ec6a37ad81b1,pay_1a837f9e5a3ede,1,0.461,1,1933.39,INR,card,insufficient_funds,1,1.24,RETRY,,0,False,0.0,0.0
rec_7453c9c38ebc02,cust_ec6a37ad81b1,pay_1a837f9e5a3ede,1,0.461,1,1933.39,INR,card,insufficient_funds,2,17.73,RETRY,RETRY,1,False,0.0,0.0
rec_bd731fcc31ff18,cust_37bb3eec4bf5,pay_264fb1714a0d08,65,0.901,6,1250.91,INR,card,insufficient_funds,1,1.64,REMINDER,,0,False,0.0,0.0
rec_4b5f9c244a36ac,cust_37bb3eec4bf5,pay_264fb1714a0d08,65,0.901,6,1250.91,INR,card,insufficient_funds,2,15.42,REMINDER,REMINDER,1,False,0.0,0.0
rec_596fb6ceaf31de,cust_23e2fcb472d8,pay_84c0abedd732ba,5,0.359,3,1876.82,INR,netbanking,bank_timeout,1,0.98,RETRY,,0,True,1876.82,2.7
rec_6a036e2f510844,cust_bb9d92c0d8d0,pay_c9bbdda43080e0,46,0.781,10,7471.52,INR,upi,payment_method_issue,1,0.85,PAYMENT_LINK,,0,False,0.0,0.0
rec_2ba5a631cb7762,cust_bb9d92c0d8d0,pay_c9bbdda43080e0,46,0.781,10,7471.52,INR,upi,payment_method_issue,2,6.58,PAYMENT_LINK,PAYMENT_LINK,1,False,0.0,0.0
rec_492ca61297affd,cust_1e8df8ad838b,pay_6b19b289047d4b,3,0.752,1,1317.23,INR,upi,bank_timeout,1,1.25,RETRY,,0,False,0.0,0.0
rec_a5500af12777a4,cust_fc950bbae818,pay_edced19ff47e2c,2,0.815,0,4965.3,INR,card,insufficient_funds,1,1.54,PAYMENT_LINK,,0,True,4965.3,2.73
rec_b94e52be346b54,cust_7f176b554076,pay_c391ef93aa012a,9,0.668,3,13625.24,INR,card,insufficient_funds,1,0.59,REMINDER,,0,False,0.0,0.0
rec_92eae3b645c9db,cust_7f176b554076,pay_c391ef93aa012a,9,0.668,3,13625.24,INR,card,insufficient_funds,2,4.3,REMINDER,REMINDER,1,False,0.0,0.0
rec_5f5b787eb61317,cust_23a13e207fd2,pay_107187d9283360,15,0.6,6,3753.37,INR,netbanking,bank_timeout,1,1.67,RETRY,,0,True,3753.37,3.34
rec_d650e1f3223154,cust_af9a11681766,pay_7fdf76ae89293c,11,0.725,3,23322.67,INR,card,network_error,1,0.31,RETRY,,0,True,23322.67,1.12
rec_482202f966d78e,cust_17fc695a07a0,pay_2d7b3702636579,14,0.288,10,1605.93,INR,netbanking,insufficient_funds,1,1.1,PAYMENT_LINK,,0,True,1605.93,2.96
rec_317ca1021339ff,cust_02bdeabe7060,pay_becfa316c66b0a,11,0.611,4,1417.96,INR,card,insufficient_funds,1,0.44,REMINDER,,0,False,0.0,0.0
rec_378a91e6882a6f,cust_02bdeabe7060,pay_becfa316c66b0a,11,0.611,4,1417.96,INR,card,insufficient_funds,2,5.37,PAYMENT_LINK,REMINDER,1,True,1417.96,6.12
rec_fa0d3875981469,cust_6c8c3b6aa974,pay_f00a8b857c501e,3,0.889,0,2662.93,INR,upi,network_error,1,0.31,RETRY,,0,True,2662.93,2.22
rec_0ff8a84c008ba7,cust_7a9e8394bb4c,pay_a6d5010318b685,10,0.445,6,2154.27,INR,card,authentication_failed,1,0.21,PAYMENT_LINK,,0,True,2154.27,1.95
rec_007d3d37b5b46d,cust_86433603c92a,pay_562f62e88a0bb8,9,0.664,3,1307.88,INR,netbanking,bank_timeout,1,1.3,RETRY,,0,True,1307.88,2.65
rec_eefdf1cf6fa760,cust_1c31aaf3c76a,pay_6afd7346ecc690,5,0.89,1,8543.5,INR,upi,authentication_failed,1,1.26,PAYMENT_LINK,,0,True,8543.5,1.71
rec_15534416bf3a55,cust_1b1f2eb16e32,pay_fe318a9e8e4990,14,0.911,1,10938.13,INR,upi,payment_method_issue,1,1.38,PAYMENT_LINK,,0,False,0.0,0.0
rec_cfb30320e9bdb5,cust_1b1f2eb16e32,pay_fe318a9e8e4990,14,0.911,1,10938.13,INR,upi,payment_method_issue,2,11.47,REMINDER,PAYMENT_LINK,1,False,0.0,0.0
rec_4e01009d8d59b3,cust_1b1f2eb16e32,pay_fe318a9e8e4990,14,0.911,1,10938.13,INR,upi,payment_method_issue,3,25.47,ESCALATE,REMINDER,2,True,10938.13,26.63
rec_596d88dc394b55,cust_59a1120e1bb4,pay_309b7234130aef,11,0.884,1,1615.36,INR,card,payment_method_issue,1,1.46,REMINDER,,0,False,0.0,0.0
rec_0b1f7526a69083,cust_0f635f4a2b9a,pay_db2be1beba735e,1,0.886,0,1534.24,INR,upi,network_error,1,1.89,REMINDER,,0,False,0.0,0.0
rec_68e57a79f4dea8,cust_19b38619d1fb,pay_94fe0779d35565,7,0.566,3,1976.45,INR,netbanking,authentication_failed,1,1.73,PAYMENT_LINK,,0,True,1976.45,2.09
rec_d2689ad4b75842,cust_ec3b9258f943,pay_f84dca4b5a332b,21,0.888,2,1821.76,INR,upi,bank_timeout,1,1.42,RETRY,,0,False,0.0,0.0
rec_90c4e57a97da6c,cust_ffce50b36151,pay_b2288b795e5f27,33,0.867,4,27171.84,INR,upi,bank_timeout,1,1.75,RETRY,,0,True,27171.84,2.3
rec_c3cc0aac248941,cust_98f6fd7f7eb1,pay_9a3336ee393853,41,0.799,8,1417.43,INR,upi,network_error,1,1.5,RETRY,,0,True,1417.43,2.64
rec_af826da05a18f5,cust_8a0ec018b297,pay_4df48d1fff3c6e,10,0.825,2,1425.04,INR,upi,authentication_failed,1,1.17,PAYMENT_LINK,,0,True,1425.04,2.89
rec_57e69df9a14207,cust_f4ca6e7074b7,pay_1344c2f6469acd,43,0.713,12,19355.18,INR,upi,authentication_failed,1,0.67,PAYMENT_LINK,,0,False,0.0,0.0
rec_617d7629ff4b38,cust_f4ca6e7074b7,pay_1344c2f6469acd,43,0.713,12,19355.18,INR,upi,authentication_failed,2,5.97,REMINDER,PAYMENT_LINK,1,False,0.0,0.0
rec_66023be329fda2,cust_6fa22f9290c9,pay_4a3e790343e587,63,0.909,6,2417.54,INR,card,authentication_failed,1,1.63,PAYMENT_LINK,,0,True,2417.54,3.73
rec_92b8ef908a24cb,cust_15f7ef61da4e,pay_4a357184667479,21,0.805,4,2723.85,INR,card,authentication_failed,1,0.61,PAYMENT_LINK,,0,True,2723.85,1.2
rec_fbf7ad206a7e95,cust_b91633574b1b,pay_7b82ff4c547304,12,0.539,6,2480.45,INR,upi,authentication_failed,1,1.5,RETRY,,0,False,0.0,0.0
rec_5b1bab8d98b04e,cust_66245bfa4fcc,pay_7273b748f5cb2a,3,0.904,0,11236.79,INR,card,bank_timeout,1,1.39,PAYMENT_LINK,,0,True,11236.79,2.89
rec_91c9964472e63a,cust_dd2467ac778e,pay_5b80f397f347e1,3,0.821,1,470.86,INR,card,authentication_failed,1,1.67,REMINDER,,0,False,0.0,0.0
rec_1e49e6e1a75425,cust_dd2467ac778e,pay_5b80f397f347e1,3,0.821,1,470.86,INR,card,authentication_failed,2,4.5,ESCALATE,REMINDER,1,False,0.0,0.0
rec_1ced799107feb0,cust_dd2467ac778e,pay_5b80f397f347e1,3,0.821,1,470.86,INR,card,authentication_failed,3,14.99,PAYMENT_LINK,ESCALATE,2,False,0.0,0.0
rec_3b1dfabe0c2fde,cust_dd2467ac778e,pay_5b80f397f347e1,3,0.821,1,470.86,INR,card,authentication_failed,4,27.09,ESCALATE,PAYMENT_LINK,3,False,0.0,0.0
rec_2a329b375fcd39,cust_8a45a905badf,pay_4087550bf80bba,3,0.895,0,1865.86,INR,card,authentication_failed,1,1.36,PAYMENT_LINK,,0,False,0.0,0.0
rec_581d0820e90052,cust_8a45a905badf,pay_4087550bf80bba,3,0.895,0,1865.86,INR,card,authentication_failed,2,8.17,PAYMENT_LINK,PAYMENT_LINK,1,True,1865.86,10.13
rec_70881b5b4b7e40,cust_5115d7ee3b90,pay_50bfc860230da6,13,0.922,1,41187.96,INR,card,technical_error,1,0.34,RETRY,,0,False,0.0,0.0
rec_50029c1439a84a,cust_89a3c811895c,pay_e698a3767afb83,9,0.897,1,1714.31,INR,upi,insufficient_funds,1,1.23,PAYMENT_LINK,,0,True,1714.31,3.3
rec_de71a4acee3672,cust_43d88870f81d,pay_5540990249979f,7,0.743,2,4963.45,INR,card,technical_error,1,1.81,RETRY,,0,True,4963.45,3.47
rec_522c12e18e4160,cust_6e8d0018a04d,pay_ec529f2b3ca0cb,2,0.444,1,4288.68,INR,wallet,authentication_failed,1,0.91,REMINDER,,0,False,0.0,0.0
rec_9d6d37c75e4532,cust_a267d32fddcb,pay_2e52635d2bc4a3,4,0.938,0,1053.77,INR,upi,insufficient_funds,1,1.45,PAYMENT_LINK,,0,False,0.0,0.0
rec_2422262ec5ba84,cust_68949b8d00af,pay_0d5ea574ea8e81,13,0.749,3,1981.85,INR,card,authentication_failed,1,0.59,PAYMENT_LINK,,0,True,1981.85,1.54
rec_e6bbba9ed8ef8f,cust_fe43541ab0b6,pay_bb74a62bda69aa,16,0.755,4,2532.15,INR,netbanking,bank_timeout,1,1.2,REMINDER,,0,False,0.0,0.0
rec_1ff3a9f831faf7,cust_fe43541ab0b6,pay_bb74a62bda69aa,16,0.755,4,2532.15,INR,netbanking,bank_timeout,2,12.85,PAYMENT_LINK,REMINDER,1,True,2532.15,14.15
rec_8e8b84ebe9e242,cust_9e3bf1b34330,pay_1192e4dcc99a9a,1,0.914,0,5156.81,INR,upi,payment_method_issue,1,1.96,PAYMENT_LINK,,0,True,5156.81,3.32
rec_ed347d553673f5,cust_f1276a5cbe9f,pay_79a7e05a8b160a,2,0.907,0,997.67,INR,upi,bank_timeout,1,1.4,RETRY,,0,True,997.67,2.45
rec_7aac3fd3bc376b,cust_3f8c1097c4da,pay_c8c489bcce4766,28,0.879,3,483.28,INR,upi,bank_timeout,1,0.91,RETRY,,0,False,0.0,0.0
rec_fca7e61410b7ca,cust_3f8c1097c4da,pay_c8c489bcce4766,28,0.879,3,483.28,INR,upi,bank_timeout,2,9.99,PAYMENT_LINK,RETRY,1,True,483.28,12.02
rec_1cb6e17b097452,cust_67c0518b17ef,pay_9670efb322f50d,23,0.94,1,5312.57,INR,card,network_error,1,0.6,RETRY,,0,True,5312.57,2.09
rec_4a5ed28785a632,cust_011bb3488981,pay_3a5604b37acd00,3,0.779,1,1686.62,INR,card,payment_method_issue,1,1.45,REMINDER,,0,False,0.0,0.0
rec_e078b2d6e92cb8,cust_78bb22a5eba7,pay_46e53c2963ce06,2,0.815,0,7631.4,INR,upi,authentication_failed,1,1.88,REMINDER,,0,True,7631.4,2.84
rec_89efa861bb2b35,cust_5c85a58cd029,pay_a296884f541eb2,32,0.768,7,6136.77,INR,upi,payment_method_issue,1,1.51,PAYMENT_LINK,,0,True,6136.77,2.64
rec_ea78b0884c9b90,cust_9423251ebcb1,pay_12f04460d6adf1,12,0.974,0,5693.16,INR,upi,authentication_failed,1,1.82,PAYMENT_LINK,,0,True,5693.16,2.67
rec_8735b2bb35bd51,cust_980b68530c70,pay_4410710eca3761,1,0.363,1,4855.0,INR,upi,technical_error,1,1.09,RETRY,,0,True,4855.0,2.92
rec_05cd4d7cd23164,cust_06d6fba77650,pay_1d342563894ff1,5,0.771,1,8203.1,INR,upi,unknown,1,1.69,REMINDER,,0,False,0.0,0.0
rec_352d855e95cfbd,cust_d81861124cde,pay_f7506c46ddd0bc,6,0.742,2,8155.73,INR,netbanking,technical_error,1,0.95,RETRY,,0,True,8155.73,3.11
rec_ac5fa7262064b2,cust_7f78042820bb,pay_d43d347da0c4e0,9,0.94,1,9700.62,INR,upi,bank_timeout,1,1.47,RETRY,,0,False,0.0,0.0
rec_02abe229146f19,cust_7f78042820bb,pay_d43d347da0c4e0,9,0.94,1,9700.62,INR,upi,bank_timeout,2,9.78,REMINDER,RETRY,1,True,9700.62,11.24
rec_cc2f95ed88f683,cust_b1356d676d4e,pay_fc19285d92d13d,34,0.958,1,575.32,INR,netbanking,insufficient_funds,1,0.56,REMINDER,,0,False,0.0,0.0
rec_4ca1572022b895,cust_b1356d676d4e,pay_fc19285d92d13d,34,0.958,1,575.32,INR,netbanking,insufficient_funds,2,4.18,REMINDER,REMINDER,1,True,575.32,4.92
rec_66a4372a997e53,cust_0f635f4a2b9a,pay_e7e0fe2511d678,1,0.886,0,2151.05,INR,upi,authentication_failed,1,0.82,RETRY,,0,True,2151.05,2.56
rec_3f0e3075aa68a3,cust_d3fbe043af1d,pay_9e61f0dccc6921,7,0.977,0,218.92,INR,card,insufficient_funds,1,1.76,RETRY,,0,True,218.92,3.36
rec_d69c15b2224f64,cust_5c3707394a62,pay_602596fbd2067a,8,0.749,2,1563.56,INR,card,insufficient_funds,1,1.77,PAYMENT_LINK,,0,True,1563.56,3.48
rec_60b1aac5150b81,cust_3f5e3b8cc058,pay_74f9bd902e8498,10,0.295,7,642.54,INR,upi,unknown,1,1.34,RETRY,,0,False,0.0,0.0
rec_08f343a9139859,cust_3f5e3b8cc058,pay_74f9bd902e8498,10,0.295,7,642.54,INR,upi,unknown,2,16.26,PAYMENT_LINK,RETRY,1,False,0.0,0.0
rec_305c5d6f0997db,cust_37cf65ca6c41,pay_f57a7220763a4e,11,0.91,1,36114.76,INR,card,authentication_failed,1,1.65,PAYMENT_LINK,,0,True,36114.76,4.09
rec_8763edcb1db60e,cust_28628b4ec714,pay_fae9bf9d7d8bd5,1,0.937,0,938.36,INR,upi,bank_timeout,1,0.36,PAYMENT_LINK,,0,True,938.36,1.04
rec_f716b195a06f29,cust_b8d49848702b,pay_361f448ccb53c4,8,0.835,1,33862.94,INR,upi,bank_timeout,1,1.04,PAYMENT_LINK,,0,False,0.0,0.0
rec_d4c6c7db3cb484,cust_3139d32c93cd,pay_8172b13b2c5275,10,0.522,5,2601.95,INR,netbanking,authentication_failed,1,1.55,REMINDER,,0,False,0.0,0.0
rec_7daf8db1d88a2b,cust_3139d32c93cd,pay_8172b13b2c5275,10,0.522,5,2601.95,INR,netbanking,authentication_failed,2,16.85,PAYMENT_LINK,REMINDER,1,False,0.0,0.0
rec_f5b917b18d8406,cust_3139d32c93cd,pay_8172b13b2c5275,10,0.522,5,2601.95,INR,netbanking,authentication_failed,3,20.82,PAYMENT_LINK,PAYMENT_LINK,2,True,2601.95,22.44
rec_349eb0da7e509e,cust_e1cde87fec95,pay_623d45f4c1ef62,9,0.913,1,10386.85,INR,upi,network_error,1,0.17,RETRY,,0,True,10386.85,1.5
rec_1cdb06cbe9c3d3,cust_5c65a65c0f8a,pay_f638900a5bf0e0,9,0.285,6,2249.43,INR,card,insufficient_funds,1,1.0,PAYMENT_LINK,,0,True,2249.43,1.07
rec_dcc3645f2b9e65,cust_e901a768ebd1,pay_a30ce666d36e7c,33,0.462,18,11723.92,INR,card,bank_timeout,1,0.35,RETRY,,0,True,11723.92,1.04
rec_37103c3f90a58d,cust_61ee6c5bdeef,pay_a701e867b962a0,11,0.748,3,1492.11,INR,card,network_error,1,0.23,RETRY,,0,True,1492.11,2.34
rec_965ea5d5073593,cust_15cadfaff26d,pay_d7169b2a3d7d9e,2,0.867,0,409.79,INR,upi,network_error,1,0.69,REMINDER,,0,True,409.79,1.42
rec_d516f81c43d801,cust_e5f3d46692de,pay_63c84474be9193,11,0.51,5,44890.17,INR,upi,bank_timeout,1,0.44,RETRY,,0,True,44890.17,0.84
rec_663c36c18bd0d6,cust_2e39c29a921f,pay_6b51bda02c21d6,11,0.972,0,1692.99,INR,upi,bank_timeout,1,0.68,RETRY,,0,True,1692.99,0.85
rec_8b300329f55c12,cust_ad2b2c8276a9,pay_ee125271ef2b03,7,0.711,2,297.41,INR,upi,network_error,1,0.55,RETRY,,0,True,297.41,2.0
rec_16e7d97b76237f,cust_c4c2e2e3444e,pay_9adbb8f179cdc5,1,0.891,0,366.81,INR,upi,bank_timeout,1,1.92,RETRY,,0,False,0.0,0.0
rec_8a608ef334460c,cust_c4c2e2e3444e,pay_9adbb8f179cdc5,1,0.891,0,366.81,INR,upi,bank_timeout,2,6.95,RETRY,RETRY,1,True,366.81,7.42
rec_6852c038be54cd,cust_5e3ece609ef6,pay_78fd3b1682628a,15,0.849,2,8895.77,INR,upi,bank_timeout,1,0.15,RETRY,,0,False,0.0,0.0
rec_fe28cbd9cec840,cust_5e3ece609ef6,pay_78fd3b1682628a,15,0.849,2,8895.77,INR,upi,bank_timeout,2,14.83,STOP,RETRY,1,False,0.0,0.0
rec_5c4cbcb42f04cf,cust_cae9b4a72a79,pay_746cff4e019c22,13,0.614,5,884.66,INR,card,unknown,1,1.67,RETRY,,0,False,0.0,0.0
rec_4516bb3996745e,cust_cae9b4a72a79,pay_746cff4e019c22,13,0.614,5,884.66,INR,card,unknown,2,5.98,REMINDER,RETRY,1,True,884.66,6.87
rec_a43ccdd56bb0c8,cust_65f202f983f0,pay_efbfb921e9f2e2,1,0.712,0,3153.16,INR,card,network_error,1,0.95,PAYMENT_LINK,,0,True,3153.16,1.06
rec_9597b5085bed57,cust_5616af7e1057,pay_216bb956ec4667,13,0.784,3,419.93,INR,upi,technical_error,1,1.47,REMINDER,,0,True,419.93,3.84
rec_4918df40b3ff96,cust_27d415b60d77,pay_1b13a85f21a44c,16,0.859,2,2067.76,INR,card,payment_method_issue,1,1.2,PAYMENT_LINK,,0,True,2067.76,3.41
rec_86886817800d19,cust_5cbad4100256,pay_415b4add69e341,2,0.91,0,1397.29,INR,netbanking,unknown,1,1.38,PAYMENT_LINK,,0,False,0.0,0.0
rec_0b2a29944cffa0,cust_ff408dcc9db1,pay_bfcbaa5582dc28,10,0.883,1,2497.42,INR,upi,bank_timeout,1,1.17,RETRY,,0,True,2497.42,2.61
rec_44de33768a533a,cust_f4ca6e7074b7,pay_877236d0c39b7c,43,0.713,12,41203.79,INR,wallet,bank_timeout,1,1.26,RETRY,,0,True,41203.79,2.11
rec_2a9fb994ff747a,cust_69be173a850e,pay_0a00ab04f35977,15,0.958,1,527.35,INR,upi,authentication_failed,1,0.71,PAYMENT_LINK,,0,False,0.0,0.0
rec_03b93598ddc096,cust_69be173a850e,pay_0a00ab04f35977,15,0.958,1,527.35,INR,upi,authentication_failed,2,5.9,REMINDER,PAYMENT_LINK,1,False,0.0,0.0
rec_9cb840181c798f,cust_980b68530c70,pay_c2e8a70035487c,1,0.363,1,369.69,INR,card,authentication_failed,1,0.57,REMINDER,,0,False,0.0,0.0
rec_d205bba826fb0b,cust_6c936f698269,pay_c734817fc4a360,19,0.819,3,450.95,INR,card,insufficient_funds,1,0.11,RETRY,,0,True,450.95,1.55
rec_8b1774d44cda02,cust_ff1b654d6c65,pay_74ed53ceef0ebf,9,0.774,2,8237.75,INR,upi,network_error,1,1.48,RETRY,,0,True,8237.75,2.86
rec_38181f7aaf2e15,cust_aca2b148da33,pay_e8e4c8deddd98c,5,0.882,1,1543.08,INR,card,bank_timeout,1,0.2,PAYMENT_LINK,,0,False,0.0,0.0
rec_edf83de2151d89,cust_aca2b148da33,pay_e8e4c8deddd98c,5,0.882,1,1543.08,INR,card,bank_timeout,2,6.18,PAYMENT_LINK,PAYMENT_LINK,1,True,1543.08,8.28
rec_ce0f3a53428090,cust_61ee6c5bdeef,pay_9aa833b4a982d8,11,0.748,3,1233.26,INR,card,authentication_failed,1,1.54,PAYMENT_LINK,,0,False,0.0,0.0
rec_693ee2d569b20a,cust_61ee6c5bdeef,pay_9aa833b4a982d8,11,0.748,3,1233.26,INR,card,authentication_failed,2,17.11,PAYMENT_LINK,PAYMENT_LINK,1,True,1233.26,17.95
rec_b8949e59a4dab8,cust_1eac41d9801f,pay_9b7215f8932316,11,0.281,8,992.47,INR,netbanking,insufficient_funds,1,0.87,REMINDER,,0,True,992.47,2.27
rec_641df3f9e403cb,cust_5b6a81020428,pay_e906222b8a00cf,8,0.975,0,1618.59,INR,netbanking,authentication_failed,1,1.08,REMINDER,,0,False,0.0,0.0
rec_b056fa5a4317ab,cust_5b6a81020428,pay_e906222b8a00cf,8,0.975,0,1618.59,INR,netbanking,authentication_failed,2,5.33,REMINDER,REMINDER,1,False,0.0,0.0
rec_c586e43cfe13d9,cust_2646eaf9d5c0,pay_e9a98188ca27b9,8,0.722,2,2917.63,INR,upi,bank_timeout,1,1.87,RETRY,,0,True,2917.63,2.13
rec_e22481801d4ac6,cust_5b6a81020428,pay_1b70563554fef8,8,0.975,0,2121.53,INR,netbanking,authentication_failed,1,1.59,PAYMENT_LINK,,0,True,2121.53,3.27
rec_fbcdcfde335438,cust_fef97d573c77,pay_0e2d79ba381487,3,0.799,1,1342.52,INR,card,bank_timeout,1,0.56,RETRY,,0,True,1342.52,2.76
rec_f4aa15ac397183,cust_26870a987f0f,pay_a08cafbfecdbe3,38,0.777,8,1181.37,INR,card,authentication_failed,1,0.6,PAYMENT_LINK,,0,True,1181.37,1.7
rec_620072e04cc2b1,cust_821df2cfd9fc,pay_4230411ec100dc,5,0.923,0,2230.14,INR,wallet,insufficient_funds,1,0.44,PAYMENT_LINK,,0,False,0.0,0.0
rec_8eeefe95598767,cust_5958a499eeea,pay_5538b109168e8b,67,0.76,16,1223.66,INR,upi,network_error,1,1.97,RETRY,,0,False,0.0,0.0
rec_f0b1078129c649,cust_5958a499eeea,pay_5538b109168e8b,67,0.76,16,1223.66,INR,upi,network_error,2,19.35,PAYMENT_LINK,RETRY,1,False,0.0,0.0
rec_f3e5118aab0dbf,cust_5958a499eeea,pay_5538b109168e8b,67,0.76,16,1223.66,INR,upi,network_error,3,26.44,PAYMENT_LINK,PAYMENT_LINK,2,False,0.0,0.0
rec_b41ea1256b1612,cust_5958a499eeea,pay_5538b109168e8b,67,0.76,16,1223.66,INR,upi,network_error,4,31.37,STOP,PAYMENT_LINK,3,False,0.0,0.0
rec_82b916867126c5,cust_1e0914d2e5c9,pay_ee8fd6ca59e089,19,0.911,2,6601.7,INR,card,bank_timeout,1,1.97,RETRY,,0,True,6601.7,4.46
rec_802739e54da598,cust_247296a4ff38,pay_792a83f44b1fa8,10,0.838,2,424.45,INR,card,bank_timeout,1,0.49,RETRY,,0,False,0.0,0.0
rec_163dcf6f269bde,cust_f2f5b1762c41,pay_3c3c318220244f,14,0.734,4,960.25,INR,card,bank_timeout,1,1.48,PAYMENT_LINK,,0,False,0.0,0.0
rec_5b35300dc04f4b,cust_f2f5b1762c41,pay_3c3c318220244f,14,0.734,4,960.25,INR,card,bank_timeout,2,8.86,REMINDER,PAYMENT_LINK,1,False,0.0,0.0
rec_a8f0d5136650bc,cust_f2f5b1762c41,pay_3c3c318220244f,14,0.734,4,960.25,INR,card,bank_timeout,3,13.48,PAYMENT_LINK,REMINDER,2,False,0.0,0.0
rec_4e85661e3bc6c4,cust_52cb8f692182,pay_1683541bd18010,15,0.94,1,3909.68,INR,upi,authentication_failed,1,0.47,PAYMENT_LINK,,0,True,3909.68,0.53
rec_04ae6d5ac62d7b,cust_dfa0bc178db9,pay_801d04d549999d,9,0.813,2,7524.21,INR,card,bank_timeout,1,1.08,RETRY,,0,True,7524.21,2.12
rec_b54ec3231e53a5,cust_1777e8cb7468,pay_0b32b3a6fe32d7,7,0.734,2,649.79,INR,netbanking,insufficient_funds,1,1.35,RETRY,,0,False,0.0,0.0
rec_b2e8f8bfffdf65,cust_7d2120ad5f59,pay_8723f7f4f378c9,9,0.735,2,2505.63,INR,card,bank_timeout,1,1.46,RETRY,,0,True,2505.63,1.65
rec_3d9ea33b1de50f,cust_9ceab67bba82,pay_979c2adcd3fc86,36,0.745,9,11211.77,INR,card,bank_timeout,1,0.62,RETRY,,0,False,0.0,0.0
rec_c30dafb5777560,cust_9ceab67bba82,pay_979c2adcd3fc86,36,0.745,9,11211.77,INR,card,bank_timeout,2,4.33,REMINDER,RETRY,1,False,0.0,0.0
rec_c1f6afeca15e06,cust_9ceab67bba82,pay_979c2adcd3fc86,36,0.745,9,11211.77,INR,card,bank_timeout,3,16.77,REMINDER,REMINDER,2,False,0.0,0.0
rec_b71d2e0faf09c6,cust_9ceab67bba82,pay_979c2adcd3fc86,36,0.745,9,11211.77,INR,card,bank_timeout,4,24.98,REMINDER,REMINDER,3,False,0.0,0.0
rec_34be949b13b8fa,cust_c3094f28fe0d,pay_81e02a64b8c52a,15,0.761,4,1828.14,INR,card,unknown,1,0.99,REMINDER,,0,False,0.0,0.0
rec_05cb54651e8fad,cust_c3094f28fe0d,pay_81e02a64b8c52a,15,0.761,4,1828.14,INR,card,unknown,2,18.32,PAYMENT_LINK,REMINDER,1,False,0.0,0.0
rec_8d72441d07099b,cust_6498abe92999,pay_de02ad35ad0e0e,12,0.792,2,7703.28,INR,card,bank_timeout,1,0.99,RETRY,,0,True,7703.28,3.36
rec_56bebe187c33c0,cust_177d6e7e07d9,pay_f9d7b9ad7850b7,11,0.74,3,4168.01,INR,card,authentication_failed,1,1.54,PAYMENT_LINK,,0,True,4168.01,3.49
rec_080eee5e8020da,cust_25b8fd4b32fa,pay_8f45c2696b5259,21,0.888,2,11097.03,INR,card,network_error,1,1.14,RETRY,,0,True,11097.03,2.05
rec_c36f62b6ab3c5a,cust_189ac35daa5f,pay_4b0c8c70de3d8b,20,0.892,2,2349.49,INR,card,insufficient_funds,1,0.45,PAYMENT_LINK,,0,True,2349.49,2.43
rec_b26d60785d5b7a,cust_8ae0b8a080ff,pay_65fe3fdd4273f0,14,0.536,6,3179.31,INR,netbanking,network_error,1,0.78,RETRY,,0,True,3179.31,2.91
rec_a6164c23d03906,cust_65f202f983f0,pay_bc5d618f0e0f27,1,0.712,0,1337.4,INR,card,bank_timeout,1,0.24,RETRY,,0,True,1337.4,0.4
rec_0609ac3b386b85,cust_b66edbf4a0ea,pay_4835b19428130d,1,0.921,0,9325.35,INR,upi,authentication_failed,1,1.74,PAYMENT_LINK,,0,False,0.0,0.0
rec_13189bf2cf3ab5,cust_b66edbf4a0ea,pay_4835b19428130d,1,0.921,0,9325.35,INR,upi,authentication_failed,2,3.9,STOP,PAYMENT_LINK,1,False,0.0,0.0
rec_3b289bee3ebcc7,cust_01d742563860,pay_0bfe68af3a87b3,4,0.865,1,1230.24,INR,card,insufficient_funds,1,0.79,REMINDER,,0,True,1230.24,1.55
rec_cef24e8ad1fcbf,cust_81300e684d45,pay_4f52ddca3b906d,8,0.923,1,460.72,INR,card,technical_error,1,1.77,RETRY,,0,True,460.72,4.25
rec_cea35945545b25,cust_02b3c9484db6,pay_51ef467b1f4db5,20,0.802,4,1744.07,INR,card,network_error,1,1.74,PAYMENT_LINK,,0,False,0.0,0.0
rec_bbfe7e0e3a2218,cust_2c2ac34b9e0b,pay_9012d2f8c3dc13,12,0.797,2,474.69,INR,card,bank_timeout,1,1.72,PAYMENT_LINK,,0,False,0.0,0.0
rec_d7b30cb4bcf71f,cust_2c2ac34b9e0b,pay_9012d2f8c3dc13,12,0.797,2,474.69,INR,card,bank_timeout,2,9.85,PAYMENT_LINK,PAYMENT_LINK,1,False,0.0,0.0
rec_7b0e2102a6ffab,cust_554ed52c126a,pay_766b6138c5ee15,8,0.805,2,301.7,INR,card,bank_timeout,1,0.98,RETRY,,0,True,301.7,1.97
rec_d8bfc4d580d54f,cust_47efa886d5b5,pay_aa21e1537b2cef,2,0.736,1,4948.62,INR,upi,insufficient_funds,1,0.53,PAYMENT_LINK,,0,True,4948.62,2.59
rec_0bb28d6bff3d78,cust_d51b1974de66,pay_0cc0623f62216e,2,0.966,0,682.72,INR,card,network_error,1,1.4,RETRY,,0,True,682.72,2.81
rec_79d3cba066a083,cust_7df373789f6c,pay_7200765502a213,5,0.873,1,6395.22,INR,card,insufficient_funds,1,0.23,PAYMENT_LINK,,0,True,6395.22,2.06
rec_85f801f0efa5fc,cust_f41243601153,pay_37c783d12018ed,7,0.724,2,6881.14,INR,upi,insufficient_funds,1,0.2,REMINDER,,0,False,0.0,0.0
rec_c7050c5b5eda28,cust_f41243601153,pay_37c783d12018ed,7,0.724,2,6881.14,INR,upi,insufficient_funds,2,18.1,REMINDER,REMINDER,1,True,6881.14,18.29
rec_f3986f936dd728,cust_c4b032ccd7c5,pay_aff32a65068092,55,0.856,8,2534.88,INR,upi,insufficient_funds,1,1.2,RETRY,,0,False,0.0,0.0
rec_0eca3630734264,cust_c4b032ccd7c5,pay_aff32a65068092,55,0.856,8,2534.88,INR,upi,insufficient_funds,2,7.32,PAYMENT_LINK,RETRY,1,True,2534.88,8.98
rec_2e5146bdd8570b,cust_8f43a2509f79,pay_7ff3a4b9769fa3,2,0.777,0,6098.36,INR,card,technical_error,1,1.21,RETRY,,0,False,0.0,0.0
rec_34cc4768ba8854,cust_8f43a2509f79,pay_7ff3a4b9769fa3,2,0.777,0,6098.36,INR,card,technical_error,2,10.84,RETRY,RETRY,1,False,0.0,0.0
rec_c2f6b14d1b3e22,cust_8f43a2509f79,pay_7ff3a4b9769fa3,2,0.777,0,6098.36,INR,card,technical_error,3,15.72,ESCALATE,RETRY,2,True,6098.36,17.35
rec_44a912f749f8a2,cust_fef97d573c77,pay_e312e7dda6b83e,3,0.799,1,1897.89,INR,wallet,bank_timeout,1,0.41,RETRY,,0,False,0.0,0.0
rec_f0a3a4122cfc14,cust_fef97d573c77,pay_e312e7dda6b83e,3,0.799,1,1897.89,INR,wallet,bank_timeout,2,15.8,PAYMENT_LINK,RETRY,1,False,0.0,0.0
rec_ce74ec56db4222,cust_fef97d573c77,pay_e312e7dda6b83e,3,0.799,1,1897.89,INR,wallet,bank_timeout,3,19.46,REMINDER,PAYMENT_LINK,2,False,0.0,0.0
rec_8bdeb84a6c1c0a,cust_6e06809725e9,pay_69c80b17bf335a,29,0.934,2,49389.02,INR,upi,bank_timeout,1,1.99,RETRY,,0,True,49389.02,3.25
rec_086c030ff0fd1e,cust_6f96288295d8,pay_e3164f25e22f8d,8,0.957,0,11294.32,INR,netbanking,bank_timeout,1,1.86,PAYMENT_LINK,,0,False,0.0,0.0
rec_4797fe1eeab4bc,cust_6f96288295d8,pay_e3164f25e22f8d,8,0.957,0,11294.32,INR,netbanking,bank_timeout,2,8.52,PAYMENT_LINK,PAYMENT_LINK,1,True,11294.32,10.62
rec_c1986cfb65cf92,cust_d4cee27c4a94,pay_ceef5d5cdcef3d,37,0.898,4,1775.96,INR,upi,insufficient_funds,1,0.56,REMINDER,,0,False,0.0,0.0
rec_fc947bc1d14fc8,cust_d4cee27c4a94,pay_ceef5d5cdcef3d,37,0.898,4,1775.96,INR,upi,insufficient_funds,2,17.43,PAYMENT_LINK,REMINDER,1,True,1775.96,18.34
rec_38e2aae3633ad9,cust_59a1120e1bb4,pay_bcf80f7f380f52,11,0.884,1,4144.99,INR,upi,unknown,1,1.04,RETRY,,0,False,0.0,0.0
rec_0f3b5f066de28a,cust_59a1120e1bb4,pay_bcf80f7f380f52,11,0.884,1,4144.99,INR,upi,unknown,2,8.61,PAYMENT_LINK,RETRY,1,False,0.0,0.0
rec_05fd35aa5fa686,cust_c02553ead7f2,pay_65276d3873db22,75,0.922,6,10416.57,INR,upi,bank_timeout,1,1.32,RETRY,,0,True,10416.57,2.9
rec_90a6c5b41a70bc,cust_17fc695a07a0,pay_6f52449a8bcf47,14,0.288,10,206.81,INR,upi,unknown,1,1.53,RETRY,,0,True,206.81,1.61
rec_2c60d81539a4c7,cust_ae455cc6b88e,pay_2fa8e33b2a78ae,30,0.799,6,11137.07,INR,upi,payment_method_issue,1,1.78,PAYMENT_LINK,,0,True,11137.07,3.23
rec_e27e12e49e41d0,cust_8da03d880c6f,pay_34cf6b7f3f4cd6,38,0.84,6,2879.73,INR,card,bank_timeout,1,0.39,RETRY,,0,True,2879.73,2.53
rec_c6988643c14b27,cust_c7774fae6137,pay_b7c92e13cbd4b8,11,0.548,5,3300.51,INR,netbanking,authentication_failed,1,1.65,PAYMENT_LINK,,0,False,0.0,0.0
rec_29c8388ceb4c86,cust_c7774fae6137,pay_b7c92e13cbd4b8,11,0.548,5,3300.51,INR,netbanking,authentication_failed,2,7.58,ESCALATE,PAYMENT_LINK,1,False,0.0,0.0
rec_bf228ef39077f9,cust_c7774fae6137,pay_b7c92e13cbd4b8,11,0.548,5,3300.51,INR,netbanking,authentication_failed,3,19.05,PAYMENT_LINK,ESCALATE,2,False,0.0,0.0
rec_9d62c05d99e48a,cust_a9c3640de411,pay_d4e73adb2056df,3,0.842,0,22240.16,INR,card,bank_timeout,1,1.2,RETRY,,0,True,22240.16,2.02
rec_44a8ddc2ddf15e,cust_97ac6aa8bb24,pay_f78c0ea03e2358,20,0.835,3,753.65,INR,upi,insufficient_funds,1,0.81,RETRY,,0,False,0.0,0.0
rec_dadf5f676c6dea,cust_5e3ece609ef6,pay_57869db072b916,15,0.849,2,10171.47,INR,upi,bank_timeout,1,0.95,RETRY,,0,True,10171.47,2.77
rec_3a83795dc4363b,cust_dde4f5c1532c,pay_da614a73aaf39d,32,0.632,12,2768.87,INR,card,bank_timeout,1,1.82,PAYMENT_LINK,,0,False,0.0,0.0
rec_e702c0d88875b5,cust_dde4f5c1532c,pay_da614a73aaf39d,32,0.632,12,2768.87,INR,card,bank_timeout,2,4.24,REMINDER,PAYMENT_LINK,1,False,0.0,0.0
rec_a3cd07bb94f686,cust_93364f7e83ef,pay_2a8d16b030e8c6,2,0.513,1,3565.15,INR,upi,technical_error,1,0.77,RETRY,,0,False,0.0,0.0
rec_17eaa7faf882ee,cust_71a0449dd703,pay_8475f2480ca378,9,0.892,1,7366.03,INR,upi,authentication_failed,1,0.6,PAYMENT_LINK,,0,True,7366.03,1.27
rec_0a9c4b097e1d89,cust_2ab7b2ef8e0e,pay_a0d72005411e8b,13,0.881,2,5892.02,INR,netbanking,network_error,1,1.22,REMINDER,,0,False,0.0,0.0
rec_e170cfb3357f08,cust_2ab7b2ef8e0e,pay_a0d72005411e8b,13,0.881,2,5892.02,INR,netbanking,network_error,2,10.12,REMINDER,REMINDER,1,False,0.0,0.0
rec_55631bf4850f57,cust_78bb22a5eba7,pay_8ee58a98fc761e,2,0.815,0,465.77,INR,netbanking,payment_method_issue,1,0.42,PAYMENT_LINK,,0,True,465.77,1.53
rec_4420ccd08206be,cust_eccf3b91e352,pay_86fc96c7bc38bf,2,0.896,0,2521.72,INR,upi,unknown,1,0.71,REMINDER,,0,True,2521.72,2.69
rec_59b164cade9c8e,cust_da003f16b946,pay_2b148354c76736,1,0.89,0,2786.14,INR,netbanking,authentication_failed,1,0.71,REMINDER,,0,True,2786.14,2.12
rec_03411e59a5680f,cust_afd380c42713,pay_bab5c54b5a487f,2,0.886,0,11404.44,INR,upi,network_error,1,1.98,RETRY,,0,True,11404.44,3.89
rec_0a2d8b6671819d,cust_6b352f85504e,pay_ec0c00473ee523,1,0.298,1,1003.93,INR,upi,authentication_failed,1,1.6,REMINDER,,0,False,0.0,0.0
rec_0d78343ad6d21b,cust_6b352f85504e,pay_ec0c00473ee523,1,0.298,1,1003.93,INR,upi,authentication_failed,2,5.75,PAYMENT_LINK,REMINDER,1,True,1003.93,7.84
rec_33671e1cc354fc,cust_8b074d1a6a7a,pay_1116bead2f6378,3,0.719,1,997.11,INR,card,network_error,1,1.27,PAYMENT_LINK,,0,False,0.0,0.0
rec_a8b931bb7c60e5,cust_a6fd0cb116e6,pay_d61b4a7d4c41c6,40,0.881,5,442.16,INR,upi,insufficient_funds,1,0.11,RETRY,,0,False,0.0,0.0
rec_02a48d6e5a9efe,cust_5c17ebb5093b,pay_ec6874df1c63c3,11,0.765,3,6761.87,INR,netbanking,insufficient_funds,1,0.93,PAYMENT_LINK,,0,False,0.0,0.0
rec_1d5ac38c690dc9,cust_bbcd6c18a06e,pay_332bad052c6825,5,0.334,3,451.37,INR,netbanking,authentication_failed,1,1.73,PAYMENT_LINK,,0,False,0.0,0.0
rec_f70a152317d8e8,cust_bbcd6c18a06e,pay_332bad052c6825,5,0.334,3,451.37,INR,netbanking,authentication_failed,2,3.93,STOP,PAYMENT_LINK,1,False,0.0,0.0
rec_7a0308945cacd5,cust_af9a11681766,pay_333673e7f04e11,11,0.725,3,6501.8,INR,card,technical_error,1,0.32,RETRY,,0,True,6501.8,1.98
rec_8cec314982f806,cust_06d6fba77650,pay_b14aba86dbd0af,5,0.771,1,901.82,INR,card,authentication_failed,1,0.19,PAYMENT_LINK,,0,True,901.82,1.04
rec_2b105a3d7f07a2,cust_4c955f6a966b,pay_9ea623257e91ee,14,0.824,2,4699.07,INR,card,bank_timeout,1,1.78,RETRY,,0,True,4699.07,3.72
rec_d791aedd60e565,cust_a2379e6fd473,pay_cbcf368755d25c,2,0.762,0,2505.96,INR,upi,insufficient_funds,1,1.55,PAYMENT_LINK,,0,True,2505.96,2.91
rec_a035d5955653cc,cust_1440adec1243,pay_47e75b710a9d48,5,0.86,1,4556.61,INR,upi,network_error,1,0.61,REMINDER,,0,True,4556.61,1.49
rec_6d66392cac05ad,cust_7f6485de7569,pay_2ca43d0d449633,2,0.874,0,2232.12,INR,card,network_error,1,1.25,RETRY,,0,True,2232.12,2.47
rec_d7deaa33738d21,cust_ced7cd177e14,pay_691acd19a29553,2,0.846,0,5642.4,INR,upi,payment_method_issue,1,1.09,PAYMENT_LINK,,0,True,5642.4,2.06
rec_4c03e875a8bc30,cust_8db78572ef7d,pay_e566a39e41a3e7,5,0.941,0,1507.59,INR,upi,insufficient_funds,1,0.54,RETRY,,0,False,0.0,0.0
rec_f039d524089742,cust_8db78572ef7d,pay_e566a39e41a3e7,5,0.941,0,1507.59,INR,upi,insufficient_funds,2,16.66,PAYMENT_LINK,RETRY,1,True,1507.59,17.98
rec_3c76cf5bf9ee56,cust_bf67de423a0a,pay_2abc64d6b21e81,21,0.943,1,506.99,INR,upi,insufficient_funds,1,0.18,RETRY,,0,False,0.0,0.0
rec_3a573c6e095863,cust_bf67de423a0a,pay_2abc64d6b21e81,21,0.943,1,506.99,INR,upi,insufficient_funds,2,7.99,RETRY,RETRY,1,False,0.0,0.0
rec_8c494fb21ec83a,cust_13f392894dcc,pay_97967ef56cc012,21,0.711,6,790.57,INR,upi,authentication_failed,1,1.37,PAYMENT_LINK,,0,False,0.0,0.0
rec_37d0d024543fb0,cust_42f525b902ed,pay_690a3f426bae63,17,0.383,10,7278.37,INR,upi,insufficient_funds,1,0.25,REMINDER,,0,False,0.0,0.0
rec_c185361480f377,cust_1da466feb093,pay_d3925553ceef3f,63,0.883,7,1517.04,INR,card,insufficient_funds,1,0.68,REMINDER,,0,False,0.0,0.0
rec_a33f06f4fe879e,cust_1da466feb093,pay_d3925553ceef3f,63,0.883,7,1517.04,INR,card,insufficient_funds,2,10.39,PAYMENT_LINK,REMINDER,1,False,0.0,0.0
rec_23956ed7235744,cust_1da466feb093,pay_d3925553ceef3f,63,0.883,7,1517.04,INR,card,insufficient_funds,3,17.55,PAYMENT_LINK,PAYMENT_LINK,2,False,0.0,0.0
rec_11d9b407c33599,cust_ef10b6ccdcaa,pay_a5dd8a7f432a23,20,0.813,4,6803.29,INR,upi,bank_timeout,1,1.74,RETRY,,0,True,6803.29,2.29
rec_d0ffa971910fff,cust_1b84edc3d8e0,pay_ad19378ef64ff1,26,0.832,4,3133.47,INR,card,technical_error,1,1.2,RETRY,,0,False,0.0,0.0
rec_e2319899f73d10,cust_1b84edc3d8e0,pay_ad19378ef64ff1,26,0.832,4,3133.47,INR,card,technical_error,2,11.78,PAYMENT_LINK,RETRY,1,True,3133.47,12.21
rec_976343b4b20968,cust_6507c321f0b6,pay_1726e17876b1cd,9,0.838,1,2759.38,INR,card,insufficient_funds,1,1.68,PAYMENT_LINK,,0,True,2759.38,2.12
rec_06db51d3731bae,cust_782024263134,pay_164c0e98e25ff3,6,0.706,2,5136.65,INR,card,network_error,1,1.32,RETRY,,0,True,5136.65,2.76
rec_a89fd6ce4726d1,cust_e50ea3ec11d1,pay_5708d6189def23,10,0.94,1,6952.7,INR,card,bank_timeout,1,1.25,ESCALATE,,0,True,6952.7,3.54
rec_f42f6497607cdb,cust_23cd8a4471e6,pay_c8663c6e258e01,36,0.919,3,9104.65,INR,upi,insufficient_funds,1,1.12,REMINDER,,0,False,0.0,0.0
rec_87179af0a52bd1,cust_23cd8a4471e6,pay_c8663c6e258e01,36,0.919,3,9104.65,INR,upi,insufficient_funds,2,13.37,REMINDER,REMINDER,1,False,0.0,0.0
rec_332066bf006083,cust_712ab8eb3756,pay_0d431870ebcfbc,6,0.71,2,2020.38,INR,card,network_error,1,1.85,REMINDER,,0,False,0.0,0.0
rec_698a488827f497,cust_712ab8eb3756,pay_0d431870ebcfbc,6,0.71,2,2020.38,INR,card,network_error,2,18.88,ESCALATE,REMINDER,1,True,2020.38,19.06
rec_8cde59986a247a,cust_76f2dbfecd29,pay_341e48950c44c0,1,0.938,0,1960.49,INR,card,authentication_failed,1,1.75,PAYMENT_LINK,,0,True,1960.49,3.1
rec_a43ef9dd2f10d7,cust_f42973f5d1d1,pay_d7aaa0614c94ec,7,0.906,1,2305.34,INR,card,technical_error,1,0.97,RETRY,,0,False,0.0,0.0
rec_97a35a49efe31c,cust_f42973f5d1d1,pay_d7aaa0614c94ec,7,0.906,1,2305.34,INR,card,technical_error,2,13.32,REMINDER,RETRY,1,True,2305.34,14.4
rec_c1e59ebba2b6da,cust_967aefbb5404,pay_628764c1e4f3e0,5,0.594,2,4543.41,INR,upi,insufficient_funds,1,0.13,PAYMENT_LINK,,0,True,4543.41,1.71
rec_7c0ba9d2e002f2,cust_9e3bf1b34330,pay_e1e28d5be6bf32,1,0.914,0,953.11,INR,card,authentication_failed,1,1.3,PAYMENT_LINK,,0,False,0.0,0.0
rec_390b5083f4f271,cust_24e75e8eb8f2,pay_bf12ac2cbc5c62,25,0.847,4,2052.39,INR,upi,insufficient_funds,1,1.35,PAYMENT_LINK,,0,True,2052.39,1.62
rec_4b2c4073c11431,cust_dfda35b228b2,pay_e8d333b18d2349,3,0.737,1,1462.78,INR,netbanking,payment_method_issue,1,0.21,REMINDER,,0,False,0.0,0.0
rec_0ac263964eef48,cust_dfda35b228b2,pay_e8d333b18d2349,3,0.737,1,1462.78,INR,netbanking,payment_method_issue,2,6.09,PAYMENT_LINK,REMINDER,1,False,0.0,0.0
rec_b3a1b80fd3bacc,cust_c82f78fd936c,pay_417edfa06cc72e,42,0.895,4,420.65,INR,upi,insufficient_funds,1,0.8,REMINDER,,0,False,0.0,0.0
rec_dfd0b3e05a2ee6,cust_c82f78fd936c,pay_417edfa06cc72e,42,0.895,4,420.65,INR,upi,insufficient_funds,2,7.15,ESCALATE,REMINDER,1,False,0.0,0.0
rec_f066e6f746c51d,cust_c82f78fd936c,pay_417edfa06cc72e,42,0.895,4,420.65,INR,upi,insufficient_funds,3,20.62,REMINDER,ESCALATE,2,False,0.0,0.0
rec_6d8a09973b1717,cust_c82f78fd936c,pay_417edfa06cc72e,42,0.895,4,420.65,INR,upi,insufficient_funds,4,34.02,ESCALATE,REMINDER,3,False,0.0,0.0
rec_e7b349bbaaa4cc,cust_41f83199f4ea,pay_c684bb619ab4a6,1,0.965,0,7760.46,INR,card,bank_timeout,1,0.81,PAYMENT_LINK,,0,False,0.0,0.0
rec_687e93fb955a27,cust_0a0175e5937d,pay_2f9d628b41aeb8,9,0.637,3,6482.56,INR,card,insufficient_funds,1,1.28,PAYMENT_LINK,,0,True,6482.56,2.44
rec_8d87513bc06204,cust_73d92aceb746,pay_970accbbfc3a70,10,0.832,2,48022.46,INR,upi,bank_timeout,1,1.84,REMINDER,,0,False,0.0,0.0
rec_7ed4a540b5ca22,cust_73d92aceb746,pay_970accbbfc3a70,10,0.832,2,48022.46,INR,upi,bank_timeout,2,15.6,ESCALATE,REMINDER,1,False,0.0,0.0
rec_8723280b9a663d,cust_720b274b82a7,pay_6f0f5fdcc7eee4,2,0.863,0,538.97,INR,card,bank_timeout,1,1.09,RETRY,,0,True,538.97,1.75
rec_bf3aee2db970c0,cust_a45ca94a3452,pay_fdb4efd7279e36,1,0.783,0,226.56,INR,card,bank_timeout,1,0.67,RETRY,,0,True,226.56,1.7
rec_a2b491ffe6b0ac,cust_55327432b118,pay_a94d3fcaa6ed9e,2,0.903,0,293.52,INR,card,payment_method_issue,1,0.23,PAYMENT_LINK,,0,True,293.52,1.69
rec_9eff689a545a8a,cust_26e6a84a4617,pay_9ce6dabe976865,8,0.643,3,2003.4,INR,netbanking,insufficient_funds,1,0.4,RETRY,,0,False,0.0,0.0
rec_07ee522e3b6cb5,cust_26e6a84a4617,pay_9ce6dabe976865,8,0.643,3,2003.4,INR,netbanking,insufficient_funds,2,17.91,REMINDER,RETRY,1,True,2003.4,18.41
rec_ebd4e04b8b9229,cust_b3292925b107,pay_9bcf41396d986e,7,0.888,1,15888.38,INR,wallet,authentication_failed,1,1.28,RETRY,,0,False,0.0,0.0
rec_86b48979efbb02,cust_adf4e62d6651,pay_5eb9bbd8db7870,24,0.373,15,567.78,INR,card,insufficient_funds,1,0.79,PAYMENT_LINK,,0,False,0.0,0.0
rec_ea5480e5a6d1b5,cust_adf4e62d6651,pay_5eb9bbd8db7870,24,0.373,15,567.78,INR,card,insufficient_funds,2,9.68,PAYMENT_LINK,PAYMENT_LINK,1,False,0.0,0.0
rec_50d4e5689e6157,cust_61652fd341dd,pay_01b8e5c6d8bc6e,31,0.743,8,2426.13,INR,card,bank_timeout,1,1.45,REMINDER,,0,False,0.0,0.0
rec_0b845de2f74ba8,cust_479d0cdaf396,pay_7d7d38cf7f0701,7,0.837,1,1997.62,INR,card,unknown,1,0.76,RETRY,,0,False,0.0,0.0
rec_ff0df117da0e86,cust_439db29d4bc8,pay_d5f8a246be849a,2,0.765,0,2221.25,INR,upi,authentication_failed,1,0.47,PAYMENT_LINK,,0,False,0.0,0.0
rec_455be7a1c79c6e,cust_439db29d4bc8,pay_d5f8a246be849a,2,0.765,0,2221.25,INR,upi,authentication_failed,2,7.44,ESCALATE,PAYMENT_LINK,1,False,0.0,0.0
rec_c1ce653ac7032c,cust_8b10550cd570,pay_88d7f2acf571e2,26,0.413,15,559.28,INR,card,unknown,1,1.85,PAYMENT_LINK,,0,False,0.0,0.0
rec_8eaf599eb024c6,cust_8b10550cd570,pay_88d7f2acf571e2,26,0.413,15,559.28,INR,card,unknown,2,13.58,ESCALATE,PAYMENT_LINK,1,False,0.0,0.0
rec_a84c04b4f604fc,cust_8b10550cd570,pay_88d7f2acf571e2,26,0.413,15,559.28,INR,card,unknown,3,29.23,STOP,ESCALATE,2,False,0.0,0.0
rec_bdf2e68f8b6b7f,cust_6498abe92999,pay_58dc6a9997d4b6,12,0.792,2,1183.69,INR,card,bank_timeout,1,1.25,PAYMENT_LINK,,0,False,0.0,0.0
rec_d23df9907decf5,cust_5571276b3347,pay_e52baa7c522a7f,32,0.72,9,5345.15,INR,upi,authentication_failed,1,1.37,REMINDER,,0,False,0.0,0.0
rec_c9d8a701ec518d,cust_0d557b618a17,pay_3eeeb636967c2b,22,0.723,6,10210.43,INR,upi,insufficient_funds,1,0.69,ESCALATE,,0,False,0.0,0.0
rec_61f350e596ac48,cust_0d557b618a17,pay_3eeeb636967c2b,22,0.723,6,10210.43,INR,upi,insufficient_funds,2,14.08,PAYMENT_LINK,ESCALATE,1,True,10210.43,15.45
rec_88bfe70571df76,cust_dd39d7936257,pay_bb3c0b49bd08ce,4,0.727,1,1637.48,INR,netbanking,authentication_failed,1,0.86,REMINDER,,0,False,0.0,0.0
rec_e6bb4d53f8880f,cust_dd39d7936257,pay_bb3c0b49bd08ce,4,0.727,1,1637.48,INR,netbanking,authentication_failed,2,11.51,PAYMENT_LINK,REMINDER,1,True,1637.48,13.05
rec_81d9beaee86b06,cust_4f10aae3b518,pay_34e6ca9d99ae1f,25,0.86,4,9501.37,INR,card,insufficient_funds,1,0.48,REMINDER,,0,True,9501.37,1.18
rec_8a753c9e17b854,cust_2ce27ec95501,pay_7cc511496e97b8,15,0.972,0,2214.54,INR,upi,authentication_failed,1,1.94,PAYMENT_LINK,,0,True,2214.54,2.28
rec_57c8f6f60c0b2f,cust_8ab5a7999e63,pay_483ad196faa516,10,0.857,1,3709.75,INR,card,technical_error,1,0.38,RETRY,,0,True,3709.75,1.11
rec_01cb6f78ad994f,cust_02bdeabe7060,pay_1e8ac3aaa87bd6,11,0.611,4,2036.35,INR,card,unknown,1,1.62,RETRY,,0,True,2036.35,2.22
rec_c02edc3d719c6b,cust_7316ce642a14,pay_4bd814a2474cd1,3,0.864,0,2154.03,INR,upi,technical_error,1,1.39,RETRY,,0,False,0.0,0.0
rec_939aafe13e6ef9,cust_7316ce642a14,pay_4bd814a2474cd1,3,0.864,0,2154.03,INR,upi,technical_error,2,4.41,PAYMENT_LINK,RETRY,1,True,2154.03,5.97
rec_bd67ab9012dc32,cust_57dda51ea4dc,pay_ff6ff682633247,25,0.587,10,2642.78,INR,card,insufficient_funds,1,1.54,PAYMENT_LINK,,0,True,2642.78,1.62
rec_3d1bd63a6553c9,cust_b92da22b21df,pay_d01dc98b7c7519,1,0.887,0,1454.59,INR,card,insufficient_funds,1,0.86,RETRY,,0,False,0.0,0.0
rec_fd0a2eb01e46a7,cust_dc713d960c0f,pay_bb1e7e3a21178e,3,0.474,2,1994.0,INR,upi,insufficient_funds,1,1.69,REMINDER,,0,True,1994.0,2.27
rec_db8307d93b3432,cust_76b35303c719,pay_0760416da39bb3,6,0.923,0,577.72,INR,upi,insufficient_funds,1,1.41,REMINDER,,0,True,577.72,2.61
rec_5259ab00a95db6,cust_9a2fc701f3af,pay_6475d814f81be7,13,0.716,4,1944.19,INR,upi,bank_timeout,1,1.74,REMINDER,,0,False,0.0,0.0
rec_51ab79e00b3968,cust_9a2fc701f3af,pay_6475d814f81be7,13,0.716,4,1944.19,INR,upi,bank_timeout,2,7.86,PAYMENT_LINK,REMINDER,1,False,0.0,0.0
rec_488c7a64361bc7,cust_7677a166d644,pay_b18848f948116c,24,0.979,1,1121.26,INR,upi,bank_timeout,1,0.13,RETRY,,0,True,1121.26,1.03
rec_cfc62c97f831a4,cust_fb8fe8c4d8b4,pay_faf846f765ec4c,30,0.979,1,2626.48,INR,upi,network_error,1,0.38,RETRY,,0,True,2626.48,1.43
rec_ccbe2f515a7324,cust_f75ddff45d12,pay_4f41be6923b8e0,23,0.974,1,284.35,INR,card,insufficient_funds,1,1.32,RETRY,,0,False,0.0,0.0
rec_011e4364ae4f26,cust_f75ddff45d12,pay_4f41be6923b8e0,23,0.974,1,284.35,INR,card,insufficient_funds,2,19.23,PAYMENT_LINK,RETRY,1,True,284.35,19.45
rec_973a1f213ecba6,cust_05c8234b1d76,pay_f37d1ad9a282cd,15,0.784,3,1590.74,INR,card,insufficient_funds,1,0.76,PAYMENT_LINK,,0,True,1590.74,1.44
rec_b901aec951bed1,cust_0c90e0284185,pay_b5abf66e0e7e48,22,0.847,3,938.8,INR,upi,bank_timeout,1,1.39,REMINDER,,0,False,0.0,0.0
rec_636a76b6548148,cust_34850fcd2f3b,pay_c22b2c5a1477ba,1,0.735,0,7722.42,INR,upi,insufficient_funds,1,1.93,RETRY,,0,False,0.0,0.0
rec_a090433b438b39,cust_34850fcd2f3b,pay_c22b2c5a1477ba,1,0.735,0,7722.42,INR,upi,insufficient_funds,2,18.09,REMINDER,RETRY,1,True,7722.42,18.93
rec_3e8e6b6143ee94,cust_c017466e85f4,pay_01c5380ef470c2,1,0.851,0,1511.38,INR,upi,unknown,1,1.99,REMINDER,,0,False,0.0,0.0
rec_6eb771e45c2124,cust_c017466e85f4,pay_01c5380ef470c2,1,0.851,0,1511.38,INR,upi,unknown,2,17.68,ESCALATE,REMINDER,1,True,1511.38,18.18
rec_2224a0d1ebeb50,cust_1a2bd69c450f,pay_24c6ab6dd13fcc,2,0.786,0,8433.34,INR,upi,network_error,1,0.35,PAYMENT_LINK,,0,True,8433.34,0.5
rec_28d1f460b58824,cust_bde78473a3fd,pay_ef4d2c57651081,5,0.864,1,11677.36,INR,card,technical_error,1,1.34,RETRY,,0,False,0.0,0.0
rec_2cd91139cc6262,cust_12068ad612aa,pay_2404595da6d62d,13,0.565,6,866.24,INR,card,authentication_failed,1,0.58,PAYMENT_LINK,,0,False,0.0,0.0
rec_974b18d99aca56,cust_12068ad612aa,pay_2404595da6d62d,13,0.565,6,866.24,INR,card,authentication_failed,2,10.84,PAYMENT_LINK,PAYMENT_LINK,1,True,866.24,11.62
rec_918245136fb90e,cust_0fb97b5d520b,pay_7bb7acd2ac33f5,43,0.799,9,1098.03,INR,card,technical_error,1,1.41,RETRY,,0,False,0.0,0.0
rec_c771f56cb9865a,cust_7f176b554076,pay_f59b20808d15d0,9,0.668,3,281.47,INR,upi,insufficient_funds,1,0.64,REMINDER,,0,True,281.47,2.55
rec_ecee6d3b073d2b,cust_fffe77c839fe,pay_778446d077aa1c,3,0.965,0,2828.85,INR,upi,network_error,1,1.43,RETRY,,0,False,0.0,0.0
rec_ca8492aa791112,cust_3139d32c93cd,pay_0d6776255c8bac,10,0.522,5,2432.2,INR,card,insufficient_funds,1,1.29,PAYMENT_LINK,,0,True,2432.2,3.12
rec_ed0ad4fad783f6,cust_56a049431c68,pay_7efdb8dae5d6ab,1,0.806,0,2090.11,INR,netbanking,insufficient_funds,1,1.54,PAYMENT_LINK,,0,True,2090.11,2.5
rec_696020a4f22429,cust_1f5d988f776a,pay_3ebf8bd90a3e15,2,0.857,0,4718.19,INR,upi,unknown,1,1.31,REMINDER,,0,False,0.0,0.0
rec_a54bddbb7c56ea,cust_1f5d988f776a,pay_3ebf8bd90a3e15,2,0.857,0,4718.19,INR,upi,unknown,2,14.97,PAYMENT_LINK,REMINDER,1,False,0.0,0.0
rec_c5239ccab2f089,cust_1f5d988f776a,pay_3ebf8bd90a3e15,2,0.857,0,4718.19,INR,upi,unknown,3,26.35,PAYMENT_LINK,PAYMENT_LINK,2,False,0.0,0.0
rec_03a301d05046f4,cust_b3292925b107,pay_8aabc40bd6b14c,7,0.888,1,10579.02,INR,upi,bank_timeout,1,1.24,RETRY,,0,True,10579.02,2.81
rec_19d0eebb2179a3,cust_5c7ae8efc324,pay_3521279fa96e45,51,0.731,14,1366.45,INR,netbanking,insufficient_funds,1,0.34,RETRY,,0,False,0.0,0.0
rec_a6a2770bce3a98,cust_5c7ae8efc324,pay_3521279fa96e45,51,0.731,14,1366.45,INR,netbanking,insufficient_funds,2,4.85,REMINDER,RETRY,1,False,0.0,0.0
rec_e8dccba9233147,cust_98eeac2bfe9f,pay_8ff8749d49cf1e,4,0.854,1,20663.72,INR,card,network_error,1,0.45,RETRY,,0,False,0.0,0.0
rec_7f69c5def0655f,cust_98eeac2bfe9f,pay_8ff8749d49cf1e,4,0.854,1,20663.72,INR,card,network_error,2,5.54,REMINDER,RETRY,1,False,0.0,0.0
rec_7bab0e9ea62060,cust_737335549e20,pay_b712eb5865cf1f,7,0.781,2,1610.24,INR,upi,technical_error,1,1.57,REMINDER,,0,True,1610.24,2.72
rec_93303626fac341,cust_0496179588cc,pay_4a4581ffd90abc,17,0.944,1,1661.04,INR,upi,bank_timeout,1,1.49,RETRY,,0,True,1661.04,2.52
rec_9ef301a6db3787,cust_a995ecc36f5b,pay_adf0505bc0c71e,2,0.283,1,1398.47,INR,upi,insufficient_funds,1,1.57,RETRY,,0,False,0.0,0.0
rec_731a342fbb822a,cust_62a50eec881a,pay_cdd1f547651cd9,35,0.293,25,2549.35,INR,card,payment_method_issue,1,0.89,PAYMENT_LINK,,0,True,2549.35,1.73
rec_6e52f6237862fa,cust_bf0418a9f276,pay_7fcfa67b549e87,8,0.95,0,7704.65,INR,upi,insufficient_funds,1,1.54,PAYMENT_LINK,,0,False,0.0,0.0
rec_6a3884a3cf2df4,cust_bf0418a9f276,pay_7fcfa67b549e87,8,0.95,0,7704.65,INR,upi,insufficient_funds,2,7.93,PAYMENT_LINK,PAYMENT_LINK,1,True,7704.65,9.07
rec_4bcd9c1eeed608,cust_ef2ddcc48df6,pay_5b7f706f0eb7a7,2,0.88,0,1270.32,INR,card,bank_timeout,1,0.43,RETRY,,0,True,1270.32,1.74
rec_0516d89d73dfe8,cust_4dd7cb5cb5a7,pay_339b766333a3b1,17,0.925,1,2753.02,INR,wallet,bank_timeout,1,1.57,PAYMENT_LINK,,0,False,0.0,0.0
rec_2764dec0448d4e,cust_4dd7cb5cb5a7,pay_339b766333a3b1,17,0.925,1,2753.02,INR,wallet,bank_timeout,2,18.9,REMINDER,PAYMENT_LINK,1,True,2753.02,20.47
rec_366c5ff811b4ac,cust_0ffa23664b4f,pay_2c6138810f8e2c,1,0.428,1,2141.32,INR,upi,authentication_failed,1,1.5,ESCALATE,,0,False,0.0,0.0
rec_8e241f2927219b,cust_031eef965f71,pay_6eea050dc52913,6,0.939,0,10413.05,INR,upi,authentication_failed,1,1.7,PAYMENT_LINK,,0,True,10413.05,3.81
rec_92b28bea03a009,cust_67c0518b17ef,pay_45327fbb9c012c,23,0.94,1,1035.71,INR,netbanking,insufficient_funds,1,0.77,REMINDER,,0,True,1035.71,3.24
rec_25aae4ba453013,cust_56d44952ee29,pay_92b290a6390796,10,0.773,2,251.75,INR,card,technical_error,1,1.55,RETRY,,0,True,251.75,2.01
rec_4feaf4edd8298d,cust_d19eaf98b6b8,pay_3bb77859cd2a91,21,0.845,3,25443.71,INR,upi,unknown,1,0.37,PAYMENT_LINK,,0,False,0.0,0.0
rec_789e44cc75b7d5,cust_d19eaf98b6b8,pay_3bb77859cd2a91,21,0.845,3,25443.71,INR,upi,unknown,2,4.83,PAYMENT_LINK,PAYMENT_LINK,1,False,0.0,0.0
rec_803860ac00f20f,cust_bbb24366704f,pay_5d8447149c12d6,48,0.912,4,16320.57,INR,card,authentication_failed,1,0.91,RETRY,,0,False,0.0,0.0
rec_6deaba22e4395b,cust_e04872dc744d,pay_51eb85269b3b50,40,0.817,7,7680.0,INR,upi,authentication_failed,1,1.88,PAYMENT_LINK,,0,True,7680.0,3.81
rec_00a30b00b325b0,cust_a2fba345a84c,pay_607249528c736b,63,0.742,16,9810.7,INR,card,insufficient_funds,1,1.01,PAYMENT_LINK,,0,False,0.0,0.0
rec_ea2d97c8a469f1,cust_a2fba345a84c,pay_607249528c736b,63,0.742,16,9810.7,INR,card,insufficient_funds,2,9.15,PAYMENT_LINK,PAYMENT_LINK,1,False,0.0,0.0
rec_cc58bcb4e4bde4,cust_a2fba345a84c,pay_607249528c736b,63,0.742,16,9810.7,INR,card,insufficient_funds,3,22.05,REMINDER,PAYMENT_LINK,2,False,0.0,0.0
rec_271b7250ed87a5,cust_115c42cd5147,pay_4b7ea28d264af6,45,0.961,2,10977.19,INR,netbanking,technical_error,1,1.17,RETRY,,0,False,0.0,0.0
rec_80a9891e9fea9f,cust_115c42cd5147,pay_4b7ea28d264af6,45,0.961,2,10977.19,INR,netbanking,technical_error,2,6.94,REMINDER,RETRY,1,True,10977.19,8.59
rec_8aca873cb6e755,cust_35ebd32d9ad6,pay_2bd7e12ee2477f,2,0.855,0,2101.07,INR,upi,bank_timeout,1,1.64,RETRY,,0,False,0.0,0.0
rec_774cc9decf56e7,cust_35ebd32d9ad6,pay_2bd7e12ee2477f,2,0.855,0,2101.07,INR,upi,bank_timeout,2,13.68,PAYMENT_LINK,RETRY,1,False,0.0,0.0
rec_71f6a9b6ca8304,cust_35ebd32d9ad6,pay_2bd7e12ee2477f,2,0.855,0,2101.07,INR,upi,bank_timeout,3,31.43,REMINDER,PAYMENT_LINK,2,False,0.0,0.0
rec_1096dc84954ba5,cust_b676291d4e32,pay_865b587897e5ae,12,0.771,3,2490.92,INR,netbanking,authentication_failed,1,1.4,REMINDER,,0,False,0.0,0.0
rec_fcd123a0828aa0,cust_b676291d4e32,pay_865b587897e5ae,12,0.771,3,2490.92,INR,netbanking,authentication_failed,2,8.53,REMINDER,REMINDER,1,False,0.0,0.0
rec_35c8f9988cc816,cust_b676291d4e32,pay_865b587897e5ae,12,0.771,3,2490.92,INR,netbanking,authentication_failed,3,20.27,ESCALATE,REMINDER,2,False,0.0,0.0
rec_aafb8006c94e51,cust_e9570a2af7f4,pay_3492abcf6938ed,4,0.923,0,2610.48,INR,wallet,network_error,1,0.86,RETRY,,0,True,2610.48,1.35
rec_82c016fa1929a0,cust_2c691f0442bb,pay_16954ee6bcfc7e,19,0.834,3,2459.38,INR,card,payment_method_issue,1,1.33,REMINDER,,0,False,0.0,0.0
rec_635589f466dbb5,cust_2c691f0442bb,pay_16954ee6bcfc7e,19,0.834,3,2459.38,INR,card,payment_method_issue,2,15.6,ESCALATE,REMINDER,1,True,2459.38,17.68
rec_ee009e59a9aa38,cust_7986f498b52f,pay_0c0d20d91e50e2,44,0.76,11,568.47,INR,upi,bank_timeout,1,1.15,RETRY,,0,True,568.47,1.87
rec_ff1d7d3439ac5f,cust_3e1cfa1495d1,pay_74414d13e6f158,15,0.457,8,21219.71,INR,card,insufficient_funds,1,0.72,PAYMENT_LINK,,0,False,0.0,0.0
rec_7137e5ec7ca170,cust_3e1cfa1495d1,pay_74414d13e6f158,15,0.457,8,21219.71,INR,card,insufficient_funds,2,18.31,PAYMENT_LINK,PAYMENT_LINK,1,False,0.0,0.0
rec_17f718dba4ca03,cust_20733f6d0d6a,pay_ce2e2e2ad70159,19,0.791,4,10918.67,INR,card,insufficient_funds,1,1.3,REMINDER,,0,True,10918.67,3.57
rec_7bbfec61e3447f,cust_d8914adf341c,pay_bd38fafae08e7b,7,0.932,0,965.78,INR,netbanking,insufficient_funds,1,0.69,REMINDER,,0,True,965.78,0.93
rec_c6c50ec4ef346f,cust_44bb10e079f7,pay_c0a6a43b1a3710,22,0.837,4,834.1,INR,upi,insufficient_funds,1,0.19,ESCALATE,,0,True,834.1,1.78
rec_832b36646d2562,cust_218a15368c99,pay_a38cfdf1953106,17,0.913,1,2642.59,INR,upi,authentication_failed,1,1.76,REMINDER,,0,True,2642.59,3.72
rec_f008a20237ca34,cust_6c8785467faf,pay_cf699c989312c2,4,0.872,1,2760.94,INR,wallet,technical_error,1,0.9,REMINDER,,0,False,0.0,0.0
rec_1e786fa2de5cd5,cust_6c8785467faf,pay_cf699c989312c2,4,0.872,1,2760.94,INR,wallet,technical_error,2,5.06,PAYMENT_LINK,REMINDER,1,True,2760.94,6.33
rec_22ff1be309a9b6,cust_d91ea7e6afe2,pay_eac04858b4d7d7,16,0.701,5,2747.03,INR,upi,network_error,1,0.54,REMINDER,,0,False,0.0,0.0
rec_4de69711a9718b,cust_d91ea7e6afe2,pay_eac04858b4d7d7,16,0.701,5,2747.03,INR,upi,network_error,2,11.58,PAYMENT_LINK,REMINDER,1,False,0.0,0.0
rec_3511df3de90ecb,cust_a520c3d0fbcd,pay_17290ea54cd26e,13,0.881,2,2978.46,INR,card,authentication_failed,1,1.29,PAYMENT_LINK,,0,True,2978.46,2.29
rec_ee906cfebda011,cust_bca6a6b093b0,pay_b58244ab788fb3,2,0.939,0,693.72,INR,card,network_error,1,1.19,RETRY,,0,False,0.0,0.0
rec_035c5a0b563003,cust_bca6a6b093b0,pay_b58244ab788fb3,2,0.939,0,693.72,INR,card,network_error,2,17.96,REMINDER,RETRY,1,False,0.0,0.0
rec_e3ad0b6eb2f4f8,cust_2620f9a974fd,pay_1813395caa1667,1,0.793,0,1744.07,INR,upi,payment_method_issue,1,1.79,REMINDER,,0,True,1744.07,2.51
rec_ff363203a30d50,cust_f859396dc37a,pay_3411bce88ffce6,6,0.641,2,10297.75,INR,card,network_error,1,0.34,PAYMENT_LINK,,0,False,0.0,0.0
rec_f634cd4f6cbc92,cust_f859396dc37a,pay_3411bce88ffce6,6,0.641,2,10297.75,INR,card,network_error,2,6.2,PAYMENT_LINK,PAYMENT_LINK,1,False,0.0,0.0
rec_a553c7eab9dbb9,cust_f859396dc37a,pay_3411bce88ffce6,6,0.641,2,10297.75,INR,card,network_error,3,21.84,REMINDER,PAYMENT_LINK,2,False,0.0,0.0
rec_503e19e9ff546b,cust_ae38cf4647f8,pay_8ecdf68c1dd7dc,34,0.762,8,6740.55,INR,upi,bank_timeout,1,1.52,RETRY,,0,False,0.0,0.0
rec_cb1e7a8c2269d3,cust_ae38cf4647f8,pay_8ecdf68c1dd7dc,34,0.762,8,6740.55,INR,upi,bank_timeout,2,15.47,RETRY,RETRY,1,True,6740.55,17.51
rec_5bab5aec7cfc20,cust_fffe77c839fe,pay_fa95ce1cb2ee47,3,0.965,0,1917.41,INR,upi,bank_timeout,1,1.98,REMINDER,,0,False,0.0,0.0
rec_53d05823127986,cust_fffe77c839fe,pay_fa95ce1cb2ee47,3,0.965,0,1917.41,INR,upi,bank_timeout,2,13.86,PAYMENT_LINK,REMINDER,1,False,0.0,0.0
rec_de59893023de69,cust_1b0ae22eecc8,pay_1ecbd35e6752ae,2,0.912,0,274.32,INR,card,bank_timeout,1,1.73,RETRY,,0,True,274.32,2.66
rec_5b23ccfe55b910,cust_c71d5e601d52,pay_3f0fac32623c22,18,0.87,2,558.07,INR,card,authentication_failed,1,1.59,RETRY,,0,False,0.0,0.0
rec_52c8cb588c2dc0,cust_4d560a3df4e7,pay_af706ace7c685f,13,0.876,2,2581.26,INR,card,bank_timeout,1,1.25,REMINDER,,0,False,0.0,0.0
rec_2403b9a97b2a19,cust_4a1a81f5ed10,pay_57e0dffa55a345,7,0.962,0,2220.62,INR,card,payment_method_issue,1,1.94,RETRY,,0,False,0.0,0.0
rec_c14988c87804b7,cust_4a1a81f5ed10,pay_57e0dffa55a345,7,0.962,0,2220.62,INR,card,payment_method_issue,2,6.83,RETRY,RETRY,1,False,0.0,0.0
rec_b21d1924bd2afb,cust_4a1a81f5ed10,pay_57e0dffa55a345,7,0.962,0,2220.62,INR,card,payment_method_issue,3,12.69,PAYMENT_LINK,RETRY,2,True,2220.62,13.62
rec_dff61376224eae,cust_2826a561bf1a,pay_d4576672948be5,24,0.76,6,1200.27,INR,card,network_error,1,1.22,RETRY,,0,False,0.0,0.0
rec_7edc2ce170d912,cust_2826a561bf1a,pay_d4576672948be5,24,0.76,6,1200.27,INR,card,network_error,2,14.23,PAYMENT_LINK,RETRY,1,False,0.0,0.0
rec_f035a81d1793d0,cust_88fc3da1781d,pay_0d40a2ea31bee6,1,0.623,0,10239.52,INR,upi,bank_timeout,1,1.47,REMINDER,,0,True,10239.52,2.03
rec_4d1af0536c59c3,cust_eba900e16a7d,pay_699d0f7288eca1,9,0.707,3,489.88,INR,netbanking,authentication_failed,1,1.14,PAYMENT_LINK,,0,True,489.88,2.18
rec_43662f06f12b37,cust_ec16ddb7fd93,pay_681368890d897b,11,0.295,8,8865.28,INR,card,technical_error,1,1.66,RETRY,,0,False,0.0,0.0
rec_2f5d6fd60de201,cust_ec16ddb7fd93,pay_681368890d897b,11,0.295,8,8865.28,INR,card,technical_error,2,6.53,REMINDER,RETRY,1,True,8865.28,6.66
rec_68aae55f6759eb,cust_fe99df69bcd4,pay_a5a3e252fa1002,18,0.916,2,6016.23,INR,upi,network_error,1,1.84,RETRY,,0,True,6016.23,2.6
rec_da56616022bc26,cust_b65feea97d82,pay_51dbb17f418f69,1,0.812,0,8097.51,INR,card,unknown,1,0.86,RETRY,,0,False,0.0,0.0
rec_964c97a2fa3151,cust_b65feea97d82,pay_51dbb17f418f69,1,0.812,0,8097.51,INR,card,unknown,2,5.05,PAYMENT_LINK,RETRY,1,False,0.0,0.0
rec_f5fc402b18799e,cust_b65feea97d82,pay_51dbb17f418f69,1,0.812,0,8097.51,INR,card,unknown,3,9.14,ESCALATE,PAYMENT_LINK,2,True,8097.51,10.12
rec_cbee70fb1de2ea,cust_87f3c9a4cd1a,pay_1355a620d9afa5,23,0.794,5,780.66,INR,upi,bank_timeout,1,1.19,RETRY,,0,True,780.66,2.51
rec_cb0568b66d9e4e,cust_a7e8d18eddf6,pay_55e5a0234110d3,40,0.957,2,6705.48,INR,card,bank_timeout,1,0.68,RETRY,,0,False,0.0,0.0
rec_2c8296ea4482eb,cust_a7e8d18eddf6,pay_55e5a0234110d3,40,0.957,2,6705.48,INR,card,bank_timeout,2,2.76,PAYMENT_LINK,RETRY,1,False,0.0,0.0
rec_78ce49d09f3047,cust_ebc78c063e9a,pay_5b4abe4bf364b7,6,0.868,1,2299.99,INR,upi,insufficient_funds,1,1.82,PAYMENT_LINK,,0,True,2299.99,3.43
rec_5ea6c0a0285f6c,cust_61af663ced2e,pay_1794dbedc63ee2,19,0.781,4,696.18,INR,upi,payment_method_issue,1,0.8,REMINDER,,0,True,696.18,2.72
rec_71083466e0cee4,cust_8129aa0c40ef,pay_ea86ff039e9d5a,42,0.91,4,1039.41,INR,card,network_error,1,0.8,PAYMENT_LINK,,0,False,0.0,0.0
rec_8d2b73b3939b30,cust_8163b6ce1877,pay_6f2e6e7364d083,15,0.973,0,9002.31,INR,card,authentication_failed,1,1.43,PAYMENT_LINK,,0,False,0.0,0.0
rec_fd692ef1c14640,cust_8163b6ce1877,pay_6f2e6e7364d083,15,0.973,0,9002.31,INR,card,authentication_failed,2,17.64,REMINDER,PAYMENT_LINK,1,True,9002.31,18.19
rec_3666901f457df9,cust_97da64cb8373,pay_56b8a1c51a6f19,17,0.73,5,637.63,INR,upi,authentication_failed,1,1.87,REMINDER,,0,False,0.0,0.0
rec_3f10dc056dddd1,cust_97da64cb8373,pay_56b8a1c51a6f19,17,0.73,5,637.63,INR,upi,authentication_failed,2,18.91,PAYMENT_LINK,REMINDER,1,False,0.0,0.0
rec_25a953e189d493,cust_97da64cb8373,pay_56b8a1c51a6f19,17,0.73,5,637.63,INR,upi,authentication_failed,3,31.61,PAYMENT_LINK,PAYMENT_LINK,2,False,0.0,0.0
rec_e3b0f45dc08665,cust_97da64cb8373,pay_56b8a1c51a6f19,17,0.73,5,637.63,INR,upi,authentication_failed,4,38.35,STOP,PAYMENT_LINK,3,False,0.0,0.0
rec_077b6a9d16a05d,cust_6d899035f05d,pay_13c1046ea8430b,10,0.758,2,1191.56,INR,card,payment_method_issue,1,0.26,REMINDER,,0,False,0.0,0.0
rec_04e3abdcb62a02,cust_fb764637d277,pay_217c0678795700,9,0.74,2,1519.28,INR,card,technical_error,1,0.11,RETRY,,0,True,1519.28,1.34
rec_a4773a7852c4c1,cust_94f79dbac581,pay_92e73ba5466cda,19,0.905,2,568.08,INR,card,insufficient_funds,1,1.59,PAYMENT_LINK,,0,False,0.0,0.0
rec_b3d916f2d7aaab,cust_94f79dbac581,pay_92e73ba5466cda,19,0.905,2,568.08,INR,card,insufficient_funds,2,8.04,PAYMENT_LINK,PAYMENT_LINK,1,True,568.08,10.13
rec_d8b2f3368170c7,cust_11162039ea92,pay_d0e1c093eacb11,25,0.876,3,503.88,INR,card,payment_method_issue,1,1.74,RETRY,,0,True,503.88,2.76
rec_387e1146542186,cust_8e8c71d8359d,pay_69e27089a45c26,2,0.978,0,6449.41,INR,card,insufficient_funds,1,1.28,REMINDER,,0,True,6449.41,3.51
rec_14d053c8c11d1f,cust_d20eac174e20,pay_1b80effc63bec0,24,0.929,2,2397.75,INR,upi,bank_timeout,1,1.57,RETRY,,0,False,0.0,0.0
rec_b0fca9d9cc1186,cust_6544e3136ea0,pay_37275969459b08,4,0.752,1,2063.47,INR,netbanking,authentication_failed,1,0.49,PAYMENT_LINK,,0,True,2063.47,0.65
rec_971ee001b5db48,cust_2bde3c78a931,pay_dd6f0420123776,34,0.767,8,1880.39,INR,card,unknown,1,1.83,PAYMENT_LINK,,0,False,0.0,0.0
rec_ea7d934967798a,cust_4991ab9bebc2,pay_d9321ab30c2cef,25,0.719,7,2716.08,INR,card,payment_method_issue,1,0.39,RETRY,,0,False,0.0,0.0
rec_0a204f3a9a2b34,cust_4991ab9bebc2,pay_d9321ab30c2cef,25,0.719,7,2716.08,INR,card,payment_method_issue,2,11.1,PAYMENT_LINK,RETRY,1,False,0.0,0.0
rec_7a61d601b2030b,cust_2e326567d284,pay_c50b9ab2d87b58,20,0.722,6,1604.44,INR,upi,insufficient_funds,1,1.15,ESCALATE,,0,True,1604.44,1.68
rec_1db293e77ed9e6,cust_81dec9db0abe,pay_f0702886d65b7b,12,0.965,0,15789.0,INR,netbanking,insufficient_funds,1,0.25,PAYMENT_LINK,,0,False,0.0,0.0
rec_ed1cf0734f3744,cust_81dec9db0abe,pay_f0702886d65b7b,12,0.965,0,15789.0,INR,netbanking,insufficient_funds,2,5.5,PAYMENT_LINK,PAYMENT_LINK,1,False,0.0,0.0
rec_295cc7da011a56,cust_81dec9db0abe,pay_f0702886d65b7b,12,0.965,0,15789.0,INR,netbanking,insufficient_funds,3,21.06,PAYMENT_LINK,PAYMENT_LINK,2,True,15789.0,23.33
rec_9b89d676edef86,cust_2ae1d0bc4a09,pay_1698875da7bb7c,16,0.969,0,532.85,INR,netbanking,insufficient_funds,1,1.3,RETRY,,0,False,0.0,0.0
rec_f87aeedb9d5ac3,cust_5115d7ee3b90,pay_5e562c4882945e,13,0.922,1,1023.78,INR,upi,authentication_failed,1,0.55,PAYMENT_LINK,,0,False,0.0,0.0
rec_2b5881f84948dc,cust_5115d7ee3b90,pay_5e562c4882945e,13,0.922,1,1023.78,INR,upi,authentication_failed,2,4.33,STOP,PAYMENT_LINK,1,False,0.0,0.0
rec_6811b11a110182,cust_aa1d3fc65f31,pay_592d899e1e74d8,33,0.883,4,333.08,INR,upi,bank_timeout,1,0.74,RETRY,,0,True,333.08,3.16
rec_776f78fbb52467,cust_54fc286f7457,pay_52bb9866ff933b,37,0.715,11,2035.77,INR,upi,payment_method_issue,1,0.1,PAYMENT_LINK,,0,False,0.0,0.0
rec_e8ea1605ea36fb,cust_54fc286f7457,pay_52bb9866ff933b,37,0.715,11,2035.77,INR,upi,payment_method_issue,2,11.44,REMINDER,PAYMENT_LINK,1,False,0.0,0.0
rec_66e24a94eac176,cust_c09c2ebe80da,pay_91f97c1681b603,8,0.711,2,34719.41,INR,wallet,bank_timeout,1,0.3,RETRY,,0,True,34719.41,1.46
rec_dfbc277061fdf9,cust_823c7ef9cd85,pay_e2f27f044bd6a0,4,0.612,2,2972.46,INR,upi,network_error,1,0.97,RETRY,,0,True,2972.46,2.01
rec_42bbba8c2e169e,cust_675dd5af3c36,pay_4b4788c1153fb1,2,0.867,0,8885.19,INR,card,technical_error,1,0.11,RETRY,,0,False,0.0,0.0
rec_015162f1e07fb7,cust_675dd5af3c36,pay_4b4788c1153fb1,2,0.867,0,8885.19,INR,card,technical_error,2,2.76,REMINDER,RETRY,1,False,0.0,0.0
rec_0f1a4334997929,cust_675dd5af3c36,pay_4b4788c1153fb1,2,0.867,0,8885.19,INR,card,technical_error,3,4.81,ESCALATE,REMINDER,2,False,0.0,0.0
rec_8d5de8d9249031,cust_1e69d7ef08b3,pay_22b515247c616a,11,0.526,5,220.58,INR,upi,bank_timeout,1,1.47,PAYMENT_LINK,,0,False,0.0,0.0
rec_8de2fc8dc055ce,cust_4588fc1bb238,pay_035f2c0648ae3a,8,0.851,1,1517.92,INR,netbanking,authentication_failed,1,0.78,PAYMENT_LINK,,0,True,1517.92,1.5
rec_f194f3d4c79eeb,cust_fd9f45f40816,pay_5f7e9ce03a698c,6,0.491,3,3916.02,INR,card,bank_timeout,1,1.37,REMINDER,,0,False,0.0,0.0
rec_ec6cd6e02199bb,cust_fd9f45f40816,pay_5f7e9ce03a698c,6,0.491,3,3916.02,INR,card,bank_timeout,2,10.46,PAYMENT_LINK,REMINDER,1,False,0.0,0.0
rec_ef9e3c5cb340e3,cust_fd9f45f40816,pay_5f7e9ce03a698c,6,0.491,3,3916.02,INR,card,bank_timeout,3,25.67,ESCALATE,PAYMENT_LINK,2,False,0.0,0.0
rec_b658f7a0dde17c,cust_9d84d303ccb0,pay_994aa04f0a7ab5,1,0.733,0,7717.72,INR,card,payment_method_issue,1,0.13,RETRY,,0,False,0.0,0.0
rec_a0f990b4e23fcb,cust_929ecc924a11,pay_553a01599cfee5,4,0.791,1,4136.23,INR,upi,network_error,1,0.28,RETRY,,0,True,4136.23,2.29
rec_fed1aaf9ac76da,cust_6e6981a35d3d,pay_828b6347a43d3c,10,0.908,1,11337.05,INR,card,insufficient_funds,1,1.54,RETRY,,0,False,0.0,0.0
rec_38cfa8b618ebb9,cust_6e6981a35d3d,pay_828b6347a43d3c,10,0.908,1,11337.05,INR,card,insufficient_funds,2,7.18,REMINDER,RETRY,1,False,0.0,0.0
rec_7e346174ea3b3f,cust_0e29ed9a0518,pay_71d37431b7fe55,3,0.674,1,2768.59,INR,card,network_error,1,1.23,PAYMENT_LINK,,0,False,0.0,0.0
rec_5bfa2c974c4c2c,cust_97da64cb8373,pay_c4a5dc98b2a7c9,17,0.73,5,2325.77,INR,card,payment_method_issue,1,0.1,RETRY,,0,False,0.0,0.0
rec_1111c859609441,cust_97da64cb8373,pay_c4a5dc98b2a7c9,17,0.73,5,2325.77,INR,card,payment_method_issue,2,16.4,REMINDER,RETRY,1,False,0.0,0.0
rec_4c80d6c611b154,cust_9f8acdeb2e8f,pay_3d977c5f75aec0,22,0.922,2,2316.21,INR,card,payment_method_issue,1,0.26,PAYMENT_LINK,,0,True,2316.21,0.86
rec_7fb7b91dd65d78,cust_0770d18fc916,pay_384ec60d5b932a,1,0.959,0,7608.25,INR,card,network_error,1,1.27,RETRY,,0,True,7608.25,1.98
rec_2042c893b59dbb,cust_bb2aa1462999,pay_cfc47f87e05e55,23,0.754,6,988.56,INR,card,network_error,1,1.81,RETRY,,0,True,988.56,1.94
rec_60fa95f1cf1a26,cust_7b3cfc106bc7,pay_f13a5d893f2136,3,0.878,0,8403.17,INR,card,insufficient_funds,1,0.97,REMINDER,,0,True,8403.17,1.45
rec_89ae9834a3d965,cust_f1394e3c0aee,pay_0fba257b73c1f6,2,0.615,1,2335.09,INR,card,bank_timeout,1,1.61,RETRY,,0,True,2335.09,2.2
rec_282f77e5f386fc,cust_5b6a81020428,pay_0bcc903239f2b7,8,0.975,0,2751.62,INR,card,insufficient_funds,1,0.45,REMINDER,,0,True,2751.62,0.89
rec_0144aea1d58ef8,cust_31ab0b56d5c9,pay_6842e7f5164679,10,0.926,1,2796.31,INR,card,bank_timeout,1,1.4,PAYMENT_LINK,,0,True,2796.31,1.96
rec_abe278a8186050,cust_2102f9c96457,pay_0873cccfc063e4,2,0.971,0,16602.94,INR,card,bank_timeout,1,0.19,REMINDER,,0,True,16602.94,0.69
rec_6074d78119758e,cust_afd380c42713,pay_3e573ce2a49acb,2,0.886,0,1932.19,INR,upi,authentication_failed,1,1.25,REMINDER,,0,True,1932.19,2.73
rec_24832bc9e60549,cust_e45e2ad08eef,pay_ad50dfe2b7cb05,6,0.808,1,1577.24,INR,upi,insufficient_funds,1,1.94,REMINDER,,0,False,0.0,0.0
rec_54dd07dc48ecd5,cust_cd6bb03beb35,pay_ba19cf045818d1,30,0.737,8,4954.76,INR,upi,bank_timeout,1,0.83,RETRY,,0,False,0.0,0.0
rec_1e46ecdcbd768a,cust_cd6bb03beb35,pay_ba19cf045818d1,30,0.737,8,4954.76,INR,upi,bank_timeout,2,8.86,PAYMENT_LINK,RETRY,1,True,4954.76,9.51
rec_e575eeb5a5ea0d,cust_3332432b3d10,pay_9d41601dad7c61,18,0.96,1,3939.69,INR,card,insufficient_funds,1,1.05,REMINDER,,0,True,3939.69,1.94
rec_3ef3ba2121cdba,cust_48603b32b4fb,pay_9353e111c8a411,8,0.782,2,441.31,INR,upi,insufficient_funds,1,1.14,PAYMENT_LINK,,0,False,0.0,0.0
rec_62e9ee62062783,cust_48603b32b4fb,pay_9353e111c8a411,8,0.782,2,441.31,INR,upi,insufficient_funds,2,4.25,PAYMENT_LINK,PAYMENT_LINK,1,True,441.31,5.64
rec_48d3ef98b8702d,cust_0660a3e9736d,pay_55d632793459f7,34,0.738,9,622.27,INR,upi,bank_timeout,1,0.78,PAYMENT_LINK,,0,False,0.0,0.0
rec_c099739c91de41,cust_6789e7d0a155,pay_7f7ba12ae95f97,11,0.772,3,999.99,INR,card,insufficient_funds,1,0.14,REMINDER,,0,True,999.99,1.01
rec_890e2e44f6e5a7,cust_e645bb00d3e6,pay_b3fa5d5f3e483c,5,0.791,1,4864.61,INR,card,insufficient_funds,1,1.35,PAYMENT_LINK,,0,True,4864.61,1.71
rec_deeca16faad41a,cust_b65feea97d82,pay_33a2f7b98dc22e,1,0.812,0,7472.39,INR,card,bank_timeout,1,1.97,REMINDER,,0,True,7472.39,2.25
rec_4797222cfe50fb,cust_38283a052baa,pay_b348c8b029e61c,2,0.978,0,1018.94,INR,upi,technical_error,1,1.77,RETRY,,0,False,0.0,0.0
rec_f33f24e77d2fb0,cust_38283a052baa,pay_b348c8b029e61c,2,0.978,0,1018.94,INR,upi,technical_error,2,8.82,PAYMENT_LINK,RETRY,1,False,0.0,0.0
rec_6925c72bfa38b5,cust_38283a052baa,pay_b348c8b029e61c,2,0.978,0,1018.94,INR,upi,technical_error,3,24.17,ESCALATE,PAYMENT_LINK,2,True,1018.94,26.06
rec_69cc7010f56519,cust_2dbb45bd2138,pay_6d05317a96b3c5,2,0.719,1,979.31,INR,netbanking,insufficient_funds,1,0.8,PAYMENT_LINK,,0,False,0.0,0.0
rec_98e725ea2de81e,cust_26870a987f0f,pay_88a934a162115e,38,0.777,8,44631.72,INR,card,network_error,1,1.75,PAYMENT_LINK,,0,False,0.0,0.0
rec_c712823d959521,cust_26870a987f0f,pay_88a934a162115e,38,0.777,8,44631.72,INR,card,network_error,2,18.86,REMINDER,PAYMENT_LINK,1,False,0.0,0.0
rec_9355ce00218896,cust_26870a987f0f,pay_88a934a162115e,38,0.777,8,44631.72,INR,card,network_error,3,24.31,ESCALATE,REMINDER,2,False,0.0,0.0
rec_b2f3b59fbadc2d,cust_0a1bebd3e60e,pay_5f0a1c6ba82052,3,0.8,1,19070.39,INR,upi,insufficient_funds,1,1.04,RETRY,,0,False,0.0,0.0
rec_dba3e45b76b12e,cust_0a1bebd3e60e,pay_5f0a1c6ba82052,3,0.8,1,19070.39,INR,upi,insufficient_funds,2,3.14,RETRY,RETRY,1,False,0.0,0.0
rec_24de61bdf28f2e,cust_5b6d6b7c54b2,pay_4a9313ba850e7e,1,0.903,0,3467.46,INR,card,bank_timeout,1,1.26,RETRY,,0,True,3467.46,3.37
rec_6830e63b327722,cust_1139fa1234c1,pay_e17e22cfbb2bc4,7,0.947,0,356.08,INR,upi,network_error,1,0.7,RETRY,,0,True,356.08,2.54
rec_b854a254e35b86,cust_81dec9db0abe,pay_c8a8a522dce683,12,0.965,0,31768.32,INR,card,bank_timeout,1,1.98,PAYMENT_LINK,,0,True,31768.32,4.36
rec_826f2b7cca3c5c,cust_69fd28e6e271,pay_206250f244b74a,1,0.905,0,907.76,INR,wallet,authentication_failed,1,0.49,PAYMENT_LINK,,0,True,907.76,1.95
rec_ea7dbecde06ff0,cust_56c890a56538,pay_7faf15be67ccfd,20,0.815,4,8743.24,INR,upi,insufficient_funds,1,1.72,PAYMENT_LINK,,0,False,0.0,0.0
rec_9179703b47a99b,cust_56c890a56538,pay_7faf15be67ccfd,20,0.815,4,8743.24,INR,upi,insufficient_funds,2,13.31,PAYMENT_LINK,PAYMENT_LINK,1,False,0.0,0.0
rec_1bb8511213d374,cust_41992fdfb310,pay_254429c630137a,2,0.858,0,1233.86,INR,netbanking,payment_method_issue,1,1.87,REMINDER,,0,False,0.0,0.0
rec_bc3c7b65ba6ecb,cust_b86d066b1ba8,pay_5850a65279a647,4,0.719,1,7775.37,INR,upi,network_error,1,0.21,RETRY,,0,True,7775.37,1.51
rec_83da6bc64641ba,cust_9b5f8f39848b,pay_4827075f0fae27,15,0.54,7,876.57,INR,card,insufficient_funds,1,1.07,PAYMENT_LINK,,0,True,876.57,2.4
rec_8c85af357367d2,cust_95dfe6cbc75a,pay_5a2df2b151d917,22,0.902,2,750.84,INR,upi,bank_timeout,1,1.85,RETRY,,0,True,750.84,2.17
rec_1b50e4d617e9a4,cust_e05fb8bc8a16,pay_09860e019bb2e4,5,0.749,1,1494.25,INR,netbanking,bank_timeout,1,1.81,RETRY,,0,True,1494.25,3.05
rec_28eab54a32ff2d,cust_85d0691c33cd,pay_8471a52ccc8054,11,0.808,2,16288.04,INR,upi,insufficient_funds,1,1.68,REMINDER,,0,False,0.0,0.0
rec_faa26a9ef83ac1,cust_85d0691c33cd,pay_8471a52ccc8054,11,0.808,2,16288.04,INR,upi,insufficient_funds,2,10.3,REMINDER,REMINDER,1,True,16288.04,11.14
rec_c2d67063c53d1c,cust_27035b27958c,pay_a4c487d55b4603,5,0.873,1,1845.57,INR,upi,insufficient_funds,1,0.38,PAYMENT_LINK,,0,True,1845.57,1.04
rec_8c4d33b56d817b,cust_ca8e858cd0f8,pay_a8d23fe266722d,44,0.884,5,1509.75,INR,upi,authentication_failed,1,1.16,PAYMENT_LINK,,0,False,0.0,0.0
rec_414ab65f38d396,cust_9ea9f5083122,pay_c6c00a8adffe2d,29,0.727,8,623.55,INR,upi,bank_timeout,1,1.81,RETRY,,0,True,623.55,3.31
rec_f0fe135430c0e6,cust_622cc212b69d,pay_b5ca7315bd1852,2,0.894,0,1094.82,INR,netbanking,insufficient_funds,1,0.67,PAYMENT_LINK,,0,False,0.0,0.0
rec_eb7b8ad874b496,cust_a7222ea2261b,pay_78ce872dec81f0,11,0.825,2,2220.77,INR,card,insufficient_funds,1,1.67,REMINDER,,0,True,2220.77,2.91
rec_e84b5e24714d46,cust_712ab8eb3756,pay_c28c708de0fa54,6,0.71,2,591.58,INR,card,network_error,1,1.34,RETRY,,0,False,0.0,0.0
rec_240c4622475622,cust_712ab8eb3756,pay_c28c708de0fa54,6,0.71,2,591.58,INR,card,network_error,2,4.67,PAYMENT_LINK,RETRY,1,False,0.0,0.0
rec_0d44ab64f6dd26,cust_712ab8eb3756,pay_c28c708de0fa54,6,0.71,2,591.58,INR,card,network_error,3,9.77,ESCALATE,PAYMENT_LINK,2,False,0.0,0.0
rec_604e86b11bbbef,cust_d029733c9e55,pay_b115d7e2d257b4,25,0.515,12,11869.1,INR,card,authentication_failed,1,1.86,PAYMENT_LINK,,0,True,11869.1,3.33
rec_04789ccf041dac,cust_2b76a718566c,pay_661532bbc599f9,11,0.279,8,1473.73,INR,card,authentication_failed,1,1.47,RETRY,,0,False,0.0,0.0
rec_945730a5169720,cust_b784ae08758f,pay_d2f98849efa8c7,13,0.579,5,11504.79,INR,wallet,insufficient_funds,1,1.45,REMINDER,,0,True,11504.79,3.2
rec_f1d6d202e86a5b,cust_89a3c811895c,pay_b4135c649faf30,9,0.897,1,258.5,INR,upi,insufficient_funds,1,0.56,PAYMENT_LINK,,0,True,258.5,2.18
rec_e8e465ae77fe73,cust_53a755812bfc,pay_11b9e56c0b3a29,13,0.716,4,2519.65,INR,card,bank_timeout,1,1.06,RETRY,,0,True,2519.65,1.62
rec_d175b167175ec2,cust_7b1dbca32286,pay_da98948deb23b9,2,0.917,0,1091.2,INR,upi,network_error,1,0.78,RETRY,,0,True,1091.2,2.23
rec_23826ff9b15309,cust_929ecc924a11,pay_815f1816b5fc44,4,0.791,1,49427.18,INR,upi,insufficient_funds,1,1.68,PAYMENT_LINK,,0,True,49427.18,4.04
rec_0a15f79a00ab4b,cust_5b249c2a9e5c,pay_c75795ba2570d1,25,0.757,6,1068.06,INR,upi,insufficient_funds,1,1.79,ESCALATE,,0,False,0.0,0.0
rec_8bcd7eb4055291,cust_5b249c2a9e5c,pay_c75795ba2570d1,25,0.757,6,1068.06,INR,upi,insufficient_funds,2,16.76,REMINDER,ESCALATE,1,False,0.0,0.0
rec_16052cda51d33d,cust_5b249c2a9e5c,pay_c75795ba2570d1,25,0.757,6,1068.06,INR,upi,insufficient_funds,3,25.02,PAYMENT_LINK,REMINDER,2,True,1068.06,26.9
rec_e60aada151fd19,cust_68181f5bbb56,pay_355e632947a131,8,0.856,1,7459.57,INR,card,payment_method_issue,1,0.49,REMINDER,,0,False,0.0,0.0
rec_8d94508a10e32e,cust_767f3c15a95d,pay_9928662561a2bc,4,0.841,1,10493.45,INR,card,bank_timeout,1,1.82,RETRY,,0,True,10493.45,3.88
rec_e17adfd98b3389,cust_f200c2614d29,pay_f0c56bf8cf3e29,1,0.868,0,2506.06,INR,wallet,bank_timeout,1,1.32,RETRY,,0,False,0.0,0.0
rec_3ae8d359bd561a,cust_f200c2614d29,pay_f0c56bf8cf3e29,1,0.868,0,2506.06,INR,wallet,bank_timeout,2,18.41,RETRY,RETRY,1,False,0.0,0.0
rec_c53353863e10a5,cust_f200c2614d29,pay_f0c56bf8cf3e29,1,0.868,0,2506.06,INR,wallet,bank_timeout,3,21.2,PAYMENT_LINK,RETRY,2,True,2506.06,22.34
rec_c7a19d754d97f3,cust_78bb22a5eba7,pay_0654df2aa487cd,2,0.815,0,2469.17,INR,card,bank_timeout,1,1.31,RETRY,,0,False,0.0,0.0
rec_e94eed3f58f49e,cust_78bb22a5eba7,pay_0654df2aa487cd,2,0.815,0,2469.17,INR,card,bank_timeout,2,10.65,REMINDER,RETRY,1,True,2469.17,11.82
rec_9acb043733eae5,cust_004b6fabfcf5,pay_ff741b09dcf853,5,0.428,3,2941.54,INR,upi,payment_method_issue,1,1.38,PAYMENT_LINK,,0,False,0.0,0.0
rec_fcc8919e95a3ba,cust_004b6fabfcf5,pay_ff741b09dcf853,5,0.428,3,2941.54,INR,upi,payment_method_issue,2,10.55,REMINDER,PAYMENT_LINK,1,False,0.0,0.0
rec_7ec805c2825388,cust_7c059799bdae,pay_9b3d4cfa6c14b1,13,0.759,3,2995.35,INR,upi,insufficient_funds,1,0.15,PAYMENT_LINK,,0,True,2995.35,1.37
rec_c845e9efc6a3cb,cust_da003f16b946,pay_cf7c5ca08aedea,1,0.89,0,27548.53,INR,card,authentication_failed,1,1.82,PAYMENT_LINK,,0,False,0.0,0.0
rec_6cd449022f1f91,cust_da003f16b946,pay_cf7c5ca08aedea,1,0.89,0,27548.53,INR,card,authentication_failed,2,14.06,REMINDER,PAYMENT_LINK,1,False,0.0,0.0
rec_e4598034ad0ce9,cust_13f392894dcc,pay_83cf176eb0ede2,21,0.711,6,2156.86,INR,card,authentication_failed,1,0.26,REMINDER,,0,True,2156.86,1.66
rec_61539a407efa38,cust_fdf02450585b,pay_94ae02444a9b69,1,0.4,1,2462.59,INR,upi,bank_timeout,1,0.71,RETRY,,0,True,2462.59,1.55
rec_6335450dc7dc82,cust_8ec61be5012b,pay_8e9a6a6ae981ad,37,0.919,3,2276.75,INR,card,bank_timeout,1,0.24,REMINDER,,0,True,2276.75,1.37
rec_4ef153c8fa1c62,cust_74017bb3c227,pay_11e99ec492581f,5,0.794,1,17285.58,INR,wallet,technical_error,1,1.75,RETRY,,0,True,17285.58,2.0
rec_768aceb7a3b320,cust_bc67f831cbc8,pay_5c6e7e01a6c7ef,8,0.832,1,3039.27,INR,upi,insufficient_funds,1,1.23,REMINDER,,0,True,3039.27,3.33
rec_2bc11bf74675ef,cust_b35b9f78f55f,pay_c621068e0443d9,19,0.855,3,748.3,INR,card,network_error,1,0.38,RETRY,,0,True,748.3,2.48
rec_0ab68866e2ed70,cust_14fcdd549e8f,pay_99c93a43a4a408,2,0.358,1,2986.3,INR,card,technical_error,1,0.88,RETRY,,0,False,0.0,0.0
rec_f1f8049a7835f8,cust_d91ea7e6afe2,pay_f0bf6023051276,16,0.701,5,931.7,INR,card,insufficient_funds,1,1.45,REMINDER,,0,False,0.0,0.0
rec_c6e7b054ada45e,cust_d3c724e87426,pay_b28158f0065eb4,2,0.822,0,7453.36,INR,upi,bank_timeout,1,1.32,RETRY,,0,True,7453.36,2.83
rec_f9a599f38c897f,cust_cb35097ae5dd,pay_8af1ac836163d2,9,0.783,2,41980.88,INR,card,insufficient_funds,1,1.89,PAYMENT_LINK,,0,True,41980.88,2.87
rec_f1d7db6d8c0a54,cust_9afa82674479,pay_839cee9fdfbe5c,3,0.789,1,2292.11,INR,card,bank_timeout,1,0.66,RETRY,,0,False,0.0,0.0
rec_fa87fb096f2632,cust_9afa82674479,pay_839cee9fdfbe5c,3,0.789,1,2292.11,INR,card,bank_timeout,2,9.52,PAYMENT_LINK,RETRY,1,False,0.0,0.0
rec_a68385d8e24224,cust_3a3e46b096f8,pay_277d6af93d86c3,2,0.852,0,2055.39,INR,upi,insufficient_funds,1,0.99,RETRY,,0,False,0.0,0.0
rec_40776c4aa61995,cust_3a3e46b096f8,pay_277d6af93d86c3,2,0.852,0,2055.39,INR,upi,insufficient_funds,2,9.53,RETRY,RETRY,1,False,0.0,0.0
rec_5653d1b3b0c52f,cust_3a3e46b096f8,pay_277d6af93d86c3,2,0.852,0,2055.39,INR,upi,insufficient_funds,3,16.34,STOP,RETRY,2,False,0.0,0.0
rec_7537fe4f0d174a,cust_a7222ea2261b,pay_c35e62d8061664,11,0.825,2,5750.41,INR,upi,insufficient_funds,1,1.47,REMINDER,,0,True,5750.41,1.92
rec_c9d91a56a28b2e,cust_476cf68c3f1b,pay_9a7f8712c216a9,13,0.871,2,8104.3,INR,upi,insufficient_funds,1,1.84,PAYMENT_LINK,,0,False,0.0,0.0
rec_ece573078fee2e,cust_476cf68c3f1b,pay_9a7f8712c216a9,13,0.871,2,8104.3,INR,upi,insufficient_funds,2,18.59,REMINDER,PAYMENT_LINK,1,False,0.0,0.0
rec_57ea38ad35b00f,cust_bcd2e8eb3f55,pay_fe2895ad8f20d2,3,0.948,0,1191.17,INR,upi,network_error,1,1.31,RETRY,,0,True,1191.17,3.71
rec_b8b78c4acc281f,cust_6a8a616fc3b2,pay_98bc6b4576c863,10,0.978,0,2113.58,INR,upi,bank_timeout,1,0.53,PAYMENT_LINK,,0,False,0.0,0.0
rec_fe66f861465768,cust_6a8a616fc3b2,pay_98bc6b4576c863,10,0.978,0,2113.58,INR,upi,bank_timeout,2,14.13,PAYMENT_LINK,PAYMENT_LINK,1,True,2113.58,15.79
rec_3143ac24874db9,cust_b4209103bca7,pay_75f1afb8e28a11,6,0.864,1,4340.88,INR,upi,network_error,1,1.82,RETRY,,0,True,4340.88,3.15
rec_7a04d8fc141187,cust_dfa0bc178db9,pay_579bd4244ae4ec,9,0.813,2,21863.16,INR,upi,unknown,1,1.62,PAYMENT_LINK,,0,False,0.0,0.0
rec_af2bde5cc17c09,cust_dfa0bc178db9,pay_579bd4244ae4ec,9,0.813,2,21863.16,INR,upi,unknown,2,14.27,STOP,PAYMENT_LINK,1,False,0.0,0.0
rec_163d0b23d88a06,cust_b88cddde3f20,pay_08000a94b2d35c,7,0.722,2,27879.57,INR,upi,authentication_failed,1,0.3,PAYMENT_LINK,,0,True,27879.57,0.58
rec_a7ae4221c895d2,cust_309a083a0c9e,pay_b819ad306c556b,16,0.845,2,10825.39,INR,card,insufficient_funds,1,1.78,PAYMENT_LINK,,0,True,10825.39,3.12
rec_6f9254fd12e184,cust_1f5d988f776a,pay_eed3252a9f1672,2,0.857,0,1797.86,INR,card,technical_error,1,0.56,RETRY,,0,False,0.0,0.0
rec_d24e387a9d9460,cust_1f5d988f776a,pay_eed3252a9f1672,2,0.857,0,1797.86,INR,card,technical_error,2,14.48,RETRY,RETRY,1,True,1797.86,14.61
rec_8e598494eb753f,cust_cca1b45c1fdd,pay_ea14c6e52002cc,6,0.942,0,9512.17,INR,upi,network_error,1,0.29,PAYMENT_LINK,,0,True,9512.17,0.9
rec_c912280e2cfaf3,cust_4dcabfb7001a,pay_d9a74d36581aa0,28,0.784,6,36987.37,INR,upi,bank_timeout,1,0.8,RETRY,,0,True,36987.37,2.95
rec_423e25cea0f330,cust_8fca7b6a8fc4,pay_78ac671d21ec7a,17,0.495,9,1238.04,INR,card,bank_timeout,1,1.26,RETRY,,0,False,0.0,0.0
rec_95d35258fb37f1,cust_61ee6c5bdeef,pay_33ffe304b50e33,11,0.748,3,5238.58,INR,netbanking,insufficient_funds,1,1.84,PAYMENT_LINK,,0,False,0.0,0.0
rec_e8e23a61107175,cust_2c6a6e9a3280,pay_5218f3fc1b71a8,21,0.354,14,610.82,INR,upi,payment_method_issue,1,1.88,PAYMENT_LINK,,0,False,0.0,0.0
rec_af705e12242942,cust_2c6a6e9a3280,pay_5218f3fc1b71a8,21,0.354,14,610.82,INR,upi,payment_method_issue,2,11.11,ESCALATE,PAYMENT_LINK,1,False,0.0,0.0
rec_7bea76c1c72bed,cust_798b07573036,pay_7d3a5cd480e01d,48,0.809,9,1930.95,INR,card,authentication_failed,1,0.57,PAYMENT_LINK,,0,True,1930.95,1.15
rec_515b1487462f9d,cust_35ebd32d9ad6,pay_838b54b4909bfa,2,0.855,0,7385.92,INR,upi,insufficient_funds,1,1.72,RETRY,,0,True,7385.92,3.89
rec_e1684d2b58a1e1,cust_d19eaf98b6b8,pay_2184c4e801813f,21,0.845,3,6395.55,INR,netbanking,bank_timeout,1,1.04,PAYMENT_LINK,,0,False,0.0,0.0
rec_0c1752fd6587a1,cust_d19eaf98b6b8,pay_2184c4e801813f,21,0.845,3,6395.55,INR,netbanking,bank_timeout,2,3.92,REMINDER,PAYMENT_LINK,1,False,0.0,0.0
rec_8aad15376c88e9,cust_01a4c2d14edf,pay_9ac63645022da2,2,0.96,0,10098.11,INR,card,network_error,1,0.97,RETRY,,0,True,10098.11,2.79
rec_00bf7f2f261e21,cust_709b7d97464c,pay_d481ba963e5bb6,13,0.846,2,569.05,INR,card,bank_timeout,1,1.53,RETRY,,0,True,569.05,1.83
rec_38e644d9693c30,cust_a7222ea2261b,pay_5c95e2492b4772,11,0.825,2,4564.31,INR,upi,network_error,1,1.4,PAYMENT_LINK,,0,True,4564.31,1.75
rec_a5e461324e66d4,cust_62801c451043,pay_ad3e9fa290ba24,2,0.922,0,3773.58,INR,netbanking,insufficient_funds,1,0.57,PAYMENT_LINK,,0,False,0.0,0.0
rec_cb55bdafdf118c,cust_37850b5c3ce5,pay_05ec28ed0af11f,24,0.702,7,425.22,INR,upi,bank_timeout,1,0.2,RETRY,,0,True,425.22,0.84
rec_a48043a5cc6d9c,cust_6d7fd4e285e9,pay_9b4dd12ad683e1,2,0.953,0,703.85,INR,upi,authentication_failed,1,0.25,REMINDER,,0,False,0.0,0.0
rec_1dc7bd19cf95e7,cust_a65be22bd5a3,pay_9b02912b6b99cf,20,0.809,4,1926.14,INR,card,insufficient_funds,1,0.32,PAYMENT_LINK,,0,True,1926.14,1.45
rec_f0a0eebb380091,cust_c5ba36affb60,pay_c00579db6a4f60,20,0.287,14,1390.84,INR,upi,insufficient_funds,1,0.36,RETRY,,0,False,0.0,0.0
rec_865634e3da216c,cust_c5ba36affb60,pay_c00579db6a4f60,20,0.287,14,1390.84,INR,upi,insufficient_funds,2,2.76,PAYMENT_LINK,RETRY,1,True,1390.84,3.05
rec_619a77cde2c045,cust_24435958eacf,pay_2a76ab820be9ee,23,0.706,7,4956.74,INR,upi,network_error,1,1.92,REMINDER,,0,False,0.0,0.0
rec_ae12f4b6f390ca,cust_24435958eacf,pay_2a76ab820be9ee,23,0.706,7,4956.74,INR,upi,network_error,2,6.73,REMINDER,REMINDER,1,False,0.0,0.0
rec_e31de8bd350ba5,cust_76b35303c719,pay_18c56a57c77569,6,0.923,0,4567.04,INR,upi,insufficient_funds,1,0.66,REMINDER,,0,False,0.0,0.0
rec_073f1d9100c3f2,cust_bba1aed944cd,pay_401082a2d77ae4,16,0.736,4,1254.9,INR,wallet,insufficient_funds,1,1.07,PAYMENT_LINK,,0,True,1254.9,2.49
rec_fce28232b4fa78,cust_b88cddde3f20,pay_eba81faf9a753c,7,0.722,2,6614.08,INR,card,technical_error,1,1.55,RETRY,,0,False,0.0,0.0
rec_622010bd0ec238,cust_b88cddde3f20,pay_eba81faf9a753c,7,0.722,2,6614.08,INR,card,technical_error,2,18.72,PAYMENT_LINK,RETRY,1,False,0.0,0.0
rec_053a6494314ce4,cust_ee9bf3e11d27,pay_e86863630b2ead,4,0.929,0,1254.94,INR,netbanking,bank_timeout,1,0.28,RETRY,,0,True,1254.94,1.02
rec_4085fa43a7faaf,cust_f200c2614d29,pay_c5ce245c9558fa,1,0.868,0,27218.38,INR,card,technical_error,1,0.74,RETRY,,0,False,0.0,0.0
rec_99ab20849fd0f4,cust_f200c2614d29,pay_c5ce245c9558fa,1,0.868,0,27218.38,INR,card,technical_error,2,16.06,REMINDER,RETRY,1,False,0.0,0.0
rec_f0c3ad82feb1d3,cust_7781321e83c5,pay_1b40abe42283af,11,0.914,1,508.06,INR,upi,insufficient_funds,1,0.74,REMINDER,,0,True,508.06,2.31
rec_f4806394fb2764,cust_f143262fdc5c,pay_361517247e1587,6,0.483,3,9162.4,INR,wallet,network_error,1,0.87,ESCALATE,,0,True,9162.4,1.15
rec_da5aa48c868ad1,cust_8ae0b8a080ff,pay_beae41322d91f6,14,0.536,6,6729.76,INR,upi,insufficient_funds,1,0.88,REMINDER,,0,True,6729.76,2.34
rec_591a65507e6681,cust_b0e8b2fa4fc3,pay_95d2c673e31654,1,0.656,0,1684.12,INR,wallet,network_error,1,0.32,PAYMENT_LINK,,0,False,0.0,0.0
rec_0960a59c9411bd,cust_1af026df3f64,pay_6396a6331d6b59,16,0.9,2,2953.27,INR,card,payment_method_issue,1,1.62,PAYMENT_LINK,,0,False,0.0,0.0
rec_de196147d20113,cust_14a0bccb8a47,pay_d5b50c219a2008,1,0.776,0,1532.42,INR,card,insufficient_funds,1,0.66,PAYMENT_LINK,,0,True,1532.42,2.41
rec_1b186be4578eff,cust_628103f01d9f,pay_c22d58528c5421,15,0.711,4,4378.34,INR,netbanking,unknown,1,0.51,RETRY,,0,False,0.0,0.0
rec_529a95732f2b68,cust_628103f01d9f,pay_c22d58528c5421,15,0.711,4,4378.34,INR,netbanking,unknown,2,9.52,PAYMENT_LINK,RETRY,1,False,0.0,0.0
rec_67e38fcd301839,cust_68949b8d00af,pay_fb409fafd7d1a5,13,0.749,3,43595.29,INR,netbanking,technical_error,1,1.81,RETRY,,0,False,0.0,0.0
rec_42d8c5239925df,cust_68949b8d00af,pay_fb409fafd7d1a5,13,0.749,3,43595.29,INR,netbanking,technical_error,2,16.79,PAYMENT_LINK,RETRY,1,False,0.0,0.0
rec_180453a03bd750,cust_68949b8d00af,pay_fb409fafd7d1a5,13,0.749,3,43595.29,INR,netbanking,technical_error,3,24.52,PAYMENT_LINK,PAYMENT_LINK,2,True,43595.29,26.46
rec_5cc3c9504e4c70,cust_1a7167c76875,pay_3e0b66229a6544,2,0.826,0,2360.07,INR,upi,insufficient_funds,1,1.36,RETRY,,0,True,2360.07,2.85
rec_f219ec35a69e22,cust_29ee29f449e3,pay_a12ff09f22b76d,16,0.978,0,2241.26,INR,upi,network_error,1,1.25,RETRY,,0,True,2241.26,3.2
rec_f980c29c4b322b,cust_171e16cc5da3,pay_107aad8b821ada,16,0.676,5,776.35,INR,wallet,insufficient_funds,1,1.88,REMINDER,,0,True,776.35,3.1
rec_3ee1d728e9909a,cust_bb2aa1462999,pay_2bf14f70a6844c,23,0.754,6,9614.78,INR,wallet,bank_timeout,1,1.27,PAYMENT_LINK,,0,True,9614.78,3.3
rec_ab5deee327c1d4,cust_ac0f680115b2,pay_e6db8a5b4efc8d,21,0.783,5,2695.37,INR,card,network_error,1,0.65,PAYMENT_LINK,,0,False,0.0,0.0
rec_6d0102f983c6e8,cust_3c9ad14cee0c,pay_3ea16e1d478e01,26,0.874,3,9785.44,INR,card,authentication_failed,1,0.93,RETRY,,0,False,0.0,0.0
rec_4fa0b71651e636,cust_b09d721b62be,pay_021081cd462288,3,0.969,0,8183.62,INR,card,authentication_failed,1,0.47,REMINDER,,0,False,0.0,0.0
rec_a228f934af3358,cust_b09d721b62be,pay_021081cd462288,3,0.969,0,8183.62,INR,card,authentication_failed,2,15.76,PAYMENT_LINK,REMINDER,1,False,0.0,0.0
rec_090501a02ce8e0,cust_1d4443517c93,pay_62b2fa872dd869,14,0.961,1,9006.58,INR,netbanking,bank_timeout,1,1.32,RETRY,,0,True,9006.58,3.21
rec_d5b31d9a17c602,cust_bf51936241a6,pay_b60c498a61d9e4,5,0.797,1,1831.64,INR,netbanking,insufficient_funds,1,0.43,PAYMENT_LINK,,0,True,1831.64,1.42
rec_832bd0422d7c16,cust_dec56dc3ad96,pay_9bdc44e5311eb1,2,0.544,1,10521.97,INR,upi,network_error,1,0.68,RETRY,,0,True,10521.97,0.74
rec_e70c32806fa97d,cust_69be173a850e,pay_ce52f6b3339a34,15,0.958,1,1647.7,INR,upi,payment_method_issue,1,0.59,PAYMENT_LINK,,0,False,0.0,0.0
rec_cfdaff515caa27,cust_69be173a850e,pay_ce52f6b3339a34,15,0.958,1,1647.7,INR,upi,payment_method_issue,2,12.39,REMINDER,PAYMENT_LINK,1,False,0.0,0.0
rec_29c036fc58eef3,cust_d631c3833030,pay_2d3555578fe08a,15,0.498,8,1935.62,INR,card,insufficient_funds,1,0.14,PAYMENT_LINK,,0,False,0.0,0.0
rec_f5cd6db1dfa5db,cust_68181f5bbb56,pay_85e76074ef9a35,8,0.856,1,11898.27,INR,upi,technical_error,1,1.85,PAYMENT_LINK,,0,True,11898.27,2.95
rec_22e96c154622d0,cust_2240063bfed7,pay_189bb8d499d72f,16,0.795,3,7232.92,INR,card,bank_timeout,1,0.34,RETRY,,0,True,7232.92,1.84
rec_b367618f6898e5,cust_4336ffe56631,pay_fc678db746576f,2,0.86,0,2242.23,INR,upi,network_error,1,1.08,RETRY,,0,True,2242.23,2.55
rec_42bde34a860a9d,cust_d0096b2a0041,pay_05b21cb3a4796c,10,0.955,0,10798.83,INR,upi,bank_timeout,1,1.71,REMINDER,,0,True,10798.83,4.12
rec_afac70bc051ee7,cust_f97a822c15e5,pay_1a45e56572b226,12,0.875,2,1544.22,INR,card,insufficient_funds,1,0.72,PAYMENT_LINK,,0,False,0.0,0.0
rec_345439ff2e427c,cust_f97a822c15e5,pay_1a45e56572b226,12,0.875,2,1544.22,INR,card,insufficient_funds,2,4.25,REMINDER,PAYMENT_LINK,1,True,1544.22,5.68
rec_c812feae55caab,cust_892621df4655,pay_9c5697015e3124,1,0.703,0,11850.44,INR,upi,insufficient_funds,1,1.78,PAYMENT_LINK,,0,False,0.0,0.0
rec_57d90d127c0664,cust_892621df4655,pay_9c5697015e3124,1,0.703,0,11850.44,INR,upi,insufficient_funds,2,10.32,ESCALATE,PAYMENT_LINK,1,False,0.0,0.0
rec_2d8dfa8ee6b7bb,cust_892621df4655,pay_9c5697015e3124,1,0.703,0,11850.44,INR,upi,insufficient_funds,3,17.29,PAYMENT_LINK,ESCALATE,2,False,0.0,0.0
rec_2af6297d967bda,cust_892621df4655,pay_9c5697015e3124,1,0.703,0,11850.44,INR,upi,insufficient_funds,4,32.02,ESCALATE,PAYMENT_LINK,3,False,0.0,0.0
rec_c16d074a2c2459,cust_4dd7cb5cb5a7,pay_f57ecb8e4cf83b,17,0.925,1,563.15,INR,card,technical_error,1,1.73,PAYMENT_LINK,,0,False,0.0,0.0
rec_694920eca11244,cust_4dd7cb5cb5a7,pay_f57ecb8e4cf83b,17,0.925,1,563.15,INR,card,technical_error,2,9.75,ESCALATE,PAYMENT_LINK,1,False,0.0,0.0
rec_1457e890c51055,cust_aa1d3fc65f31,pay_92ae2d72499b0c,33,0.883,4,2295.23,INR,netbanking,technical_error,1,1.38,RETRY,,0,True,2295.23,3.19
rec_e759070ede441c,cust_339b77a84b1f,pay_609b7c1a93feba,21,0.917,2,3756.53,INR,netbanking,authentication_failed,1,0.1,RETRY,,0,False,0.0,0.0
rec_4217199a985aaa,cust_789fed967337,pay_c24cf38a6044ab,21,0.894,2,2695.29,INR,upi,insufficient_funds,1,0.2,PAYMENT_LINK,,0,True,2695.29,1.92
rec_0c3dbeeee6f507,cust_311f5d4ac258,pay_bd1eb06fbf490d,21,0.717,6,5093.66,INR,upi,network_error,1,0.39,RETRY,,0,True,5093.66,1.61
rec_0a882932b255b7,cust_b88cddde3f20,pay_724ddd1ee2caeb,7,0.722,2,2624.88,INR,upi,payment_method_issue,1,0.43,PAYMENT_LINK,,0,True,2624.88,1.44
rec_236a1333559386,cust_31b42308b846,pay_7d06cba89aff00,32,0.808,6,5384.7,INR,upi,network_error,1,0.81,RETRY,,0,True,5384.7,1.56
rec_f552fd9d05c45a,cust_60a399d4e821,pay_c986b12d75ae9f,7,0.418,4,2511.32,INR,card,network_error,1,0.56,RETRY,,0,True,2511.32,0.67
rec_a4b2914a084601,cust_9e3bf1b34330,pay_4ee14e1b149cc4,1,0.914,0,1181.05,INR,card,bank_timeout,1,1.53,RETRY,,0,True,1181.05,3.1
rec_a83fe708a79a08,cust_f4ca6e7074b7,pay_089344bfbd0caf,43,0.713,12,6353.41,INR,card,authentication_failed,1,0.56,PAYMENT_LINK,,0,True,6353.41,3.02
rec_429e5407096cfb,cust_f8ded777bb1e,pay_e9ee045e2e27b5,5,0.917,0,2094.14,INR,wallet,insufficient_funds,1,0.16,RETRY,,0,False,0.0,0.0
rec_bc5116280f5792,cust_f8ded777bb1e,pay_e9ee045e2e27b5,5,0.917,0,2094.14,INR,wallet,insufficient_funds,2,9.62,RETRY,RETRY,1,False,0.0,0.0
rec_8c30bb02163624,cust_9adfe9816ab1,pay_aa69aac2c0e309,44,0.931,3,1378.96,INR,card,network_error,1,1.24,RETRY,,0,False,0.0,0.0
rec_46d49eb2eddcb5,cust_9adfe9816ab1,pay_aa69aac2c0e309,44,0.931,3,1378.96,INR,card,network_error,2,4.87,RETRY,RETRY,1,True,1378.96,6.75
rec_a6a148c3abd4b9,cust_6a5d932b45ff,pay_786b13364e710f,22,0.901,2,2784.29,INR,upi,network_error,1,0.88,RETRY,,0,True,2784.29,2.73
rec_b38de0cb2a0093,cust_67e546468430,pay_b54a9d9325b2e9,22,0.805,4,9663.37,INR,upi,insufficient_funds,1,0.75,PAYMENT_LINK,,0,True,9663.37,2.32
rec_27d32d45ea24ea,cust_6544e3136ea0,pay_930226392e33fa,4,0.752,1,7467.42,INR,netbanking,technical_error,1,0.7,RETRY,,0,False,0.0,0.0
rec_084053356047db,cust_6544e3136ea0,pay_930226392e33fa,4,0.752,1,7467.42,INR,netbanking,technical_error,2,3.77,PAYMENT_LINK,RETRY,1,True,7467.42,5.97
rec_301f4cda00ae81,cust_4cec495b2267,pay_369531db3e5eed,9,0.728,2,2545.42,INR,card,network_error,1,1.05,RETRY,,0,False,0.0,0.0
rec_b31e50fcae94d6,cust_861b4f5b45a0,pay_ee15fd4e044599,27,0.708,8,10863.85,INR,card,network_error,1,1.59,RETRY,,0,True,10863.85,1.84
rec_447d38ec321289,cust_bf0418a9f276,pay_ddf7e954ecf8c9,8,0.95,0,7311.59,INR,card,bank_timeout,1,0.49,RETRY,,0,True,7311.59,0.89
rec_e0778f8957fe81,cust_1440adec1243,pay_d091259688d5c2,5,0.86,1,787.1,INR,upi,authentication_failed,1,1.12,REMINDER,,0,False,0.0,0.0
rec_e2dd8660b4b4ab,cust_1440adec1243,pay_d091259688d5c2,5,0.86,1,787.1,INR,upi,authentication_failed,2,13.08,REMINDER,REMINDER,1,False,0.0,0.0
rec_f14552c8349de0,cust_a5d04d531e12,pay_ff7a3f96f89baf,2,0.652,1,1249.3,INR,card,authentication_failed,1,1.79,PAYMENT_LINK,,0,True,1249.3,3.36
rec_208befee425568,cust_5a0461c9947d,pay_c31fd74988517e,5,0.893,1,15485.41,INR,netbanking,network_error,1,1.49,REMINDER,,0,True,15485.41,2.17
rec_507c2d8d83d7b9,cust_ef3a6f27ef06,pay_1a50dc6228303f,3,0.789,1,10886.71,INR,upi,network_error,1,0.56,RETRY,,0,True,10886.71,2.87
rec_0f13280b309757,cust_1139fa1234c1,pay_164fdb8cfd7a39,7,0.947,0,1323.42,INR,card,bank_timeout,1,1.78,RETRY,,0,True,1323.42,1.98
rec_bdcddaab68228d,cust_d2eaef184b67,pay_8867260d70e22b,22,0.801,4,2193.19,INR,netbanking,authentication_failed,1,1.79,REMINDER,,0,True,2193.19,3.72
rec_575bb6ff44539a,cust_355cca9cfb6b,pay_4e307317ccdb39,1,0.916,0,2680.77,INR,card,authentication_failed,1,1.95,PAYMENT_LINK,,0,True,2680.77,3.5
rec_046bc3d717e16c,cust_53391df45ae8,pay_ef57f0bb15002f,11,0.749,3,9603.68,INR,card,insufficient_funds,1,0.3,PAYMENT_LINK,,0,False,0.0,0.0
rec_a2ee459d86c487,cust_53391df45ae8,pay_ef57f0bb15002f,11,0.749,3,9603.68,INR,card,insufficient_funds,2,3.24,ESCALATE,PAYMENT_LINK,1,False,0.0,0.0
rec_2ba5d62a66f094,cust_a56c0a56f05f,pay_bd742407ccd0d9,27,0.833,5,1698.53,INR,upi,authentication_failed,1,0.34,REMINDER,,0,False,0.0,0.0
rec_2560f364f460e4,cust_a56c0a56f05f,pay_bd742407ccd0d9,27,0.833,5,1698.53,INR,upi,authentication_failed,2,12.75,PAYMENT_LINK,REMINDER,1,False,0.0,0.0
rec_5a08afd7a23064,cust_3ea6e5b20c76,pay_92abe1cb7f1f2b,2,0.867,0,9375.75,INR,upi,bank_timeout,1,1.18,PAYMENT_LINK,,0,False,0.0,0.0
rec_20fa3560bc2a03,cust_4748ffb3d0a9,pay_74b392bda0968d,5,0.828,1,762.46,INR,card,bank_timeout,1,1.33,PAYMENT_LINK,,0,False,0.0,0.0
rec_59828abf9c2ce8,cust_4748ffb3d0a9,pay_74b392bda0968d,5,0.828,1,762.46,INR,card,bank_timeout,2,7.4,PAYMENT_LINK,PAYMENT_LINK,1,False,0.0,0.0
rec_0b3e32c1614e73,cust_e3ea2d7fc219,pay_cfb80b6db79ba0,20,0.907,2,2094.3,INR,upi,payment_method_issue,1,1.32,PAYMENT_LINK,,0,True,2094.3,2.63
rec_57500fb7f74e54,cust_711c21c9bdc1,pay_d4edcca1ef7001,1,0.878,0,234.82,INR,upi,technical_error,1,1.78,REMINDER,,0,False,0.0,0.0
rec_6e7139995abb36,cust_29ee29f449e3,pay_155bc59adee142,16,0.978,0,11748.47,INR,upi,insufficient_funds,1,0.85,PAYMENT_LINK,,0,True,11748.47,1.85
rec_63aca07b34bca6,cust_01bb819c4dfe,pay_87e555c17dfcb0,12,0.755,3,1628.26,INR,upi,insufficient_funds,1,0.91,RETRY,,0,False,0.0,0.0
rec_d7e58438235761,cust_01bb819c4dfe,pay_87e555c17dfcb0,12,0.755,3,1628.26,INR,upi,insufficient_funds,2,13.45,PAYMENT_LINK,RETRY,1,False,0.0,0.0
rec_318b2903de3e2b,cust_01bb819c4dfe,pay_87e555c17dfcb0,12,0.755,3,1628.26,INR,upi,insufficient_funds,3,24.92,STOP,PAYMENT_LINK,2,False,0.0,0.0
rec_b8957c93c28aa3,cust_f3e816b5a353,pay_47898629ec0f11,6,0.516,3,1848.54,INR,upi,insufficient_funds,1,1.78,REMINDER,,0,True,1848.54,1.87
rec_f50020580c3b49,cust_42ac66dc904f,pay_c3ea7af4fd8629,1,0.58,0,887.5,INR,card,network_error,1,0.65,RETRY,,0,True,887.5,1.83
rec_64d2e86abaeb5a,cust_9adfe9816ab1,pay_3d4740c78f9036,44,0.931,3,2670.57,INR,wallet,insufficient_funds,1,0.51,REMINDER,,0,False,0.0,0.0
rec_a9dd493ec6386a,cust_899a5349cb93,pay_82b248b6dd51ef,11,0.718,3,6636.11,INR,upi,network_error,1,0.89,RETRY,,0,True,6636.11,2.39
rec_83a52e89828c4b,cust_12068ad612aa,pay_e2cabd0cdf652d,13,0.565,6,2736.45,INR,upi,payment_method_issue,1,1.54,PAYMENT_LINK,,0,True,2736.45,2.1
rec_44d02163f93b9f,cust_a7222ea2261b,pay_f12ee3a3ae7754,11,0.825,2,7364.63,INR,upi,authentication_failed,1,0.14,PAYMENT_LINK,,0,False,0.0,0.0
rec_14503e5b2584e9,cust_a7222ea2261b,pay_f12ee3a3ae7754,11,0.825,2,7364.63,INR,upi,authentication_failed,2,13.89,REMINDER,PAYMENT_LINK,1,False,0.0,0.0
rec_c98bf146af0597,cust_a7222ea2261b,pay_f12ee3a3ae7754,11,0.825,2,7364.63,INR,upi,authentication_failed,3,19.59,ESCALATE,REMINDER,2,True,7364.63,20.81
rec_af1458cf62c1ef,cust_1e850f8015c2,pay_80c117e5ec7be9,9,0.823,2,7396.9,INR,upi,insufficient_funds,1,0.63,PAYMENT_LINK,,0,False,0.0,0.0
rec_d6cab3541ecc00,cust_1e850f8015c2,pay_80c117e5ec7be9,9,0.823,2,7396.9,INR,upi,insufficient_funds,2,16.83,STOP,PAYMENT_LINK,1,False,0.0,0.0
rec_9c8339b91c9151,cust_0a0175e5937d,pay_9dfa00dbca3778,9,0.637,3,6819.61,INR,card,insufficient_funds,1,0.87,PAYMENT_LINK,,0,True,6819.61,2.49
rec_d64dbbb031115e,cust_69479974030f,pay_ef7419b83cd23a,3,0.888,0,11221.63,INR,card,payment_method_issue,1,0.77,PAYMENT_LINK,,0,False,0.0,0.0
rec_ec05e1e72c2c5d,cust_69479974030f,pay_ef7419b83cd23a,3,0.888,0,11221.63,INR,card,payment_method_issue,2,3.37,ESCALATE,PAYMENT_LINK,1,True,11221.63,4.58
rec_0c9fe37cb1b454,cust_2102f9c96457,pay_8a9c7a82c26317,2,0.971,0,4934.7,INR,upi,authentication_failed,1,1.01,PAYMENT_LINK,,0,True,4934.7,2.94
rec_5fee2bc93df46b,cust_1e69d7ef08b3,pay_f8883405819318,11,0.526,5,221.7,INR,card,payment_method_issue,1,1.15,RETRY,,0,False,0.0,0.0
rec_6ffaa787e3f9d5,cust_87beb021f636,pay_bf32ed0dfc9c9a,1,0.447,1,2798.92,INR,card,insufficient_funds,1,1.77,REMINDER,,0,False,0.0,0.0
rec_101e92c692c965,cust_3e19fc1d9f6a,pay_fd958b6ed31f3c,1,0.858,0,2160.44,INR,upi,bank_timeout,1,0.73,REMINDER,,0,False,0.0,0.0
rec_f848169c5b7faa,cust_16dd58af5341,pay_d22dd1da87dcfa,8,0.826,1,27533.37,INR,upi,payment_method_issue,1,0.39,REMINDER,,0,True,27533.37,0.65
rec_9b7aa110f140ab,cust_5c784ca4f0e4,pay_37ae9a19a80729,6,0.69,2,2609.51,INR,upi,insufficient_funds,1,1.76,PAYMENT_LINK,,0,True,2609.51,2.26
rec_91cbee5ab26c73,cust_0660a3e9736d,pay_49dfd0184459c7,34,0.738,9,3022.75,INR,upi,network_error,1,0.14,RETRY,,0,False,0.0,0.0
rec_92950964273697,cust_0660a3e9736d,pay_49dfd0184459c7,34,0.738,9,3022.75,INR,upi,network_error,2,17.15,REMINDER,RETRY,1,True,3022.75,18.38
rec_c7d6f18b847100,cust_cf2e32967184,pay_4e8bafc4cb208d,21,0.718,6,4486.9,INR,card,bank_timeout,1,1.84,RETRY,,0,False,0.0,0.0
rec_59bab1606f3312,cust_cf2e32967184,pay_4e8bafc4cb208d,21,0.718,6,4486.9,INR,card,bank_timeout,2,14.15,REMINDER,RETRY,1,False,0.0,0.0
rec_78831ccc897bae,cust_8ee9581ae061,pay_7b3d9b73096532,14,0.937,1,1112.2,INR,upi,insufficient_funds,1,1.61,RETRY,,0,False,0.0,0.0
rec_3db195a9b1a5a1,cust_5cae9610c72c,pay_ccfae0aa69184f,17,0.909,2,2861.1,INR,upi,technical_error,1,0.6,PAYMENT_LINK,,0,False,0.0,0.0
rec_0d0b44e9fe7df3,cust_5cae9610c72c,pay_ccfae0aa69184f,17,0.909,2,2861.1,INR,upi,technical_error,2,7.38,PAYMENT_LINK,PAYMENT_LINK,1,True,2861.1,8.88
rec_7bd77913895bf8,cust_8e867f3ca487,pay_a4b912f155412f,23,0.61,9,1472.59,INR,card,insufficient_funds,1,1.93,PAYMENT_LINK,,0,False,0.0,0.0
rec_77b42cd65fc487,cust_8ae0b8a080ff,pay_f640ab2877e267,14,0.536,6,1322.61,INR,card,insufficient_funds,1,1.33,REMINDER,,0,True,1322.61,2.69
rec_9909b9c7bf30bb,cust_ebf6dd3256d2,pay_dc570f3f3cdfa0,6,0.762,1,1225.81,INR,card,authentication_failed,1,1.68,PAYMENT_LINK,,0,False,0.0,0.0
rec_6707174668a614,cust_ebf6dd3256d2,pay_dc570f3f3cdfa0,6,0.762,1,1225.81,INR,card,authentication_failed,2,8.5,REMINDER,PAYMENT_LINK,1,False,0.0,0.0
rec_007b453d71ac94,cust_ad8cc85c5355,pay_c5fe5b5887e943,1,0.713,0,35866.4,INR,card,bank_timeout,1,0.42,RETRY,,0,False,0.0,0.0
rec_3edcd10db18b78,cust_631d9c8be0f0,pay_ce8e9fda6683b4,46,0.927,3,2931.25,INR,upi,bank_timeout,1,1.49,RETRY,,0,False,0.0,0.0
rec_84a8db260aaf7a,cust_631d9c8be0f0,pay_ce8e9fda6683b4,46,0.927,3,2931.25,INR,upi,bank_timeout,2,19.08,PAYMENT_LINK,RETRY,1,True,2931.25,19.91
rec_c20ae0f10a1075,cust_35b8726ce462,pay_b6c125255f73f8,13,0.862,2,3333.72,INR,upi,bank_timeout,1,1.67,RETRY,,0,True,3333.72,3.38
rec_e763b8fe65dab5,cust_a8b97820e92c,pay_75c35754621a8c,4,0.573,2,2008.38,INR,upi,authentication_failed,1,0.92,RETRY,,0,False,0.0,0.0
rec_3c817b14c7d4f9,cust_a8b97820e92c,pay_75c35754621a8c,4,0.573,2,2008.38,INR,upi,authentication_failed,2,14.18,PAYMENT_LINK,RETRY,1,False,0.0,0.0
rec_9827152386f5cd,cust_e80d9169c244,pay_6c99b72695db47,19,0.807,4,2094.2,INR,card,bank_timeout,1,0.91,RETRY,,0,False,0.0,0.0
rec_36e2d60f89d00d,cust_e80d9169c244,pay_6c99b72695db47,19,0.807,4,2094.2,INR,card,bank_timeout,2,9.43,REMINDER,RETRY,1,False,0.0,0.0
rec_31a0261ec0d70f,cust_e80d9169c244,pay_6c99b72695db47,19,0.807,4,2094.2,INR,card,bank_timeout,3,15.75,PAYMENT_LINK,REMINDER,2,True,2094.2,17.76
rec_ba287777c59aa4,cust_218a15368c99,pay_9a8598af0c109a,17,0.913,1,2599.36,INR,card,authentication_failed,1,1.95,PAYMENT_LINK,,0,True,2599.36,2.55
rec_b88dfdd8ac6d68,cust_a449d64f922d,pay_1003a4ade26a97,25,0.836,4,22185.61,INR,wallet,bank_timeout,1,1.56,RETRY,,0,False,0.0,0.0
rec_d052857e8f8b55,cust_a449d64f922d,pay_1003a4ade26a97,25,0.836,4,22185.61,INR,wallet,bank_timeout,2,7.21,PAYMENT_LINK,RETRY,1,False,0.0,0.0
rec_2e7520e457bb86,cust_a449d64f922d,pay_1003a4ade26a97,25,0.836,4,22185.61,INR,wallet,bank_timeout,3,11.66,ESCALATE,PAYMENT_LINK,2,False,0.0,0.0
rec_975f455bcf4d9e,cust_a449d64f922d,pay_1003a4ade26a97,25,0.836,4,22185.61,INR,wallet,bank_timeout,4,28.84,STOP,ESCALATE,3,False,0.0,0.0
rec_cd61647ccbf8b7,cust_eb93f78c620a,pay_117cbbe9ccc782,1,0.358,1,1617.42,INR,upi,insufficient_funds,1,1.88,RETRY,,0,False,0.0,0.0
rec_9e62e113cf5cf1,cust_00a854738242,pay_52805fbc2a989e,2,0.902,0,10245.94,INR,card,bank_timeout,1,1.03,RETRY,,0,False,0.0,0.0
rec_439c725df6b90a,cust_00a854738242,pay_52805fbc2a989e,2,0.902,0,10245.94,INR,card,bank_timeout,2,16.87,PAYMENT_LINK,RETRY,1,False,0.0,0.0
rec_c3b7367ed999b6,cust_7316ce642a14,pay_b3378e705f4f27,3,0.864,0,1248.4,INR,netbanking,insufficient_funds,1,1.86,PAYMENT_LINK,,0,False,0.0,0.0
rec_f38321e3d6667c,cust_7f9ad277db49,pay_ebdeaaf961cdcd,4,0.924,0,1630.39,INR,card,insufficient_funds,1,0.21,REMINDER,,0,True,1630.39,1.95
rec_52da47ac3e30ed,cust_fa8bd601d21c,pay_897c9f4e19870d,6,0.715,2,5515.12,INR,upi,bank_timeout,1,0.83,RETRY,,0,True,5515.12,2.5
rec_0bd469167b9fa2,cust_58007c0287ea,pay_2f40e7221c7da3,15,0.863,2,1715.77,INR,netbanking,bank_timeout,1,0.1,PAYMENT_LINK,,0,False,0.0,0.0
rec_1bc095f06f7c4f,cust_58007c0287ea,pay_2f40e7221c7da3,15,0.863,2,1715.77,INR,netbanking,bank_timeout,2,13.82,PAYMENT_LINK,PAYMENT_LINK,1,False,0.0,0.0
rec_482d26490ab32f,cust_8fc3d7d3f6bd,pay_24f62acb609141,6,0.738,2,6358.59,INR,upi,authentication_failed,1,1.41,PAYMENT_LINK,,0,False,0.0,0.0
rec_668e180ecbbc84,cust_6c936f698269,pay_a8221fae0ca09c,19,0.819,3,1601.81,INR,netbanking,bank_timeout,1,0.53,RETRY,,0,False,0.0,0.0
rec_52a9a87f097928,cust_6c936f698269,pay_a8221fae0ca09c,19,0.819,3,1601.81,INR,netbanking,bank_timeout,2,6.64,PAYMENT_LINK,RETRY,1,True,1601.81,8.13
rec_d0794a0456174d,cust_8f188e729696,pay_ae85e8619bf63d,8,0.803,2,2395.96,INR,card,network_error,1,0.16,RETRY,,0,True,2395.96,0.25
rec_765dfb3002c220,cust_7f54a51101fa,pay_735c64d4989f73,3,0.772,1,4110.45,INR,card,technical_error,1,1.16,RETRY,,0,True,4110.45,2.63
rec_6c66ccf51cf2ea,cust_a21b030782af,pay_3f215d74ec1a1d,5,0.793,1,896.11,INR,netbanking,network_error,1,1.58,RETRY,,0,False,0.0,0.0
rec_80e46e2bc18990,cust_0c754a170131,pay_82923f7fb534ef,28,0.786,6,2418.47,INR,upi,bank_timeout,1,1.7,RETRY,,0,False,0.0,0.0
rec_68834f5701174b,cust_0c754a170131,pay_82923f7fb534ef,28,0.786,6,2418.47,INR,upi,bank_timeout,2,16.94,PAYMENT_LINK,RETRY,1,False,0.0,0.0
rec_e847d6b70c0dc1,cust_70fd6672b80f,pay_d9edaf6a538686,21,0.93,1,1071.2,INR,netbanking,insufficient_funds,1,0.51,PAYMENT_LINK,,0,True,1071.2,0.96
rec_dcc130e6c22455,cust_bec39a379b3d,pay_3e9a66d68b0747,11,0.909,1,1798.8,INR,card,payment_method_issue,1,1.21,PAYMENT_LINK,,0,False,0.0,0.0
rec_b302a11e7c6611,cust_bec39a379b3d,pay_3e9a66d68b0747,11,0.909,1,1798.8,INR,card,payment_method_issue,2,12.86,PAYMENT_LINK,PAYMENT_LINK,1,False,0.0,0.0
rec_c2c1925c3b5b1d,cust_09e9db0adf46,pay_73afccd98014c6,20,0.92,2,45942.78,INR,card,bank_timeout,1,1.83,RETRY,,0,True,45942.78,2.84
rec_3974f1d947a1fa,cust_c2a59d7b2bd3,pay_3d338c19357623,1,0.938,0,1763.12,INR,card,authentication_failed,1,1.55,PAYMENT_LINK,,0,True,1763.12,3.7
rec_ca8f0a3a948453,cust_b4522738e073,pay_964da5b0ee646b,3,0.81,1,7095.42,INR,upi,technical_error,1,1.7,RETRY,,0,True,7095.42,2.31
rec_962e9b700b0e72,cust_f9fc9c3f3206,pay_e993a0e555552e,9,0.628,3,7498.85,INR,wallet,unknown,1,0.75,RETRY,,0,False,0.0,0.0
rec_1df8252ed7fc8b,cust_f9fc9c3f3206,pay_e993a0e555552e,9,0.628,3,7498.85,INR,wallet,unknown,2,7.61,RETRY,RETRY,1,False,0.0,0.0
rec_4a1d5528d85a25,cust_f9fc9c3f3206,pay_e993a0e555552e,9,0.628,3,7498.85,INR,wallet,unknown,3,18.27,STOP,RETRY,2,False,0.0,0.0
rec_7bef14350d1d14,cust_98f6fd7f7eb1,pay_98276b5e747bce,41,0.799,8,8253.09,INR,netbanking,technical_error,1,1.46,RETRY,,0,False,0.0,0.0
rec_81c4d9434bc97e,cust_9e15ebcc66d1,pay_e1909c434e8226,28,0.854,4,1010.8,INR,upi,insufficient_funds,1,0.98,REMINDER,,0,True,1010.8,1.98
rec_ec1343672e974f,cust_d50cf57e3dc8,pay_9478ea2c340610,3,0.923,0,1619.92,INR,wallet,insufficient_funds,1,1.73,PAYMENT_LINK,,0,True,1619.92,3.55
rec_0a77201e77e83c,cust_a5accd5a48f1,pay_11536ed5686093,2,0.322,1,569.21,INR,upi,authentication_failed,1,0.16,PAYMENT_LINK,,0,True,569.21,1.33
rec_f244281a0e1fe4,cust_13075157d8c1,pay_d34e5d4ae4a0e5,10,0.716,3,1252.5,INR,upi,authentication_failed,1,1.77,RETRY,,0,False,0.0,0.0
rec_2ffb80322c21d5,cust_13075157d8c1,pay_d34e5d4ae4a0e5,10,0.716,3,1252.5,INR,upi,authentication_failed,2,10.77,PAYMENT_LINK,RETRY,1,True,1252.5,11.14
rec_47a9087e409238,cust_09e9db0adf46,pay_e6a857d1f7828c,20,0.92,2,4511.33,INR,card,bank_timeout,1,1.4,RETRY,,0,True,4511.33,2.96
rec_574d515030d3a0,cust_ad8cc85c5355,pay_e3bca0e6b557ad,1,0.713,0,2573.86,INR,wallet,authentication_failed,1,1.95,REMINDER,,0,True,2573.86,3.5
rec_d3f9a489e2c28f,cust_c4c7aab4ca20,pay_994a04ce23fcb5,1,0.764,0,581.31,INR,card,authentication_failed,1,1.69,PAYMENT_LINK,,0,False,0.0,0.0
rec_87873c5e24a6f5,cust_f9d2014a22ee,pay_f273f4a4c7a5b7,35,0.728,10,497.57,INR,wallet,authentication_failed,1,1.55,PAYMENT_LINK,,0,True,497.57,2.46
rec_72565a3ef5e8ea,cust_c79ddb62c379,pay_6902ad0571ae55,18,0.914,2,5724.15,INR,card,insufficient_funds,1,0.16,RETRY,,0,False,0.0,0.0
rec_2b356a41214bb3,cust_c79ddb62c379,pay_6902ad0571ae55,18,0.914,2,5724.15,INR,card,insufficient_funds,2,10.87,PAYMENT_LINK,RETRY,1,True,5724.15,11.48
rec_78d36023cfa4e7,cust_a14923c2f920,pay_e6e723a208c031,32,0.896,3,8592.89,INR,upi,insufficient_funds,1,0.86,PAYMENT_LINK,,0,True,8592.89,2.32
rec_1cf423ead1435d,cust_62649ce8eab8,pay_e2b345eaeb7083,23,0.916,2,767.35,INR,upi,bank_timeout,1,1.62,RETRY,,0,False,0.0,0.0
rec_0222b3006d5719,cust_62649ce8eab8,pay_e2b345eaeb7083,23,0.916,2,767.35,INR,upi,bank_timeout,2,11.2,REMINDER,RETRY,1,False,0.0,0.0
rec_012632587893f0,cust_62649ce8eab8,pay_e2b345eaeb7083,23,0.916,2,767.35,INR,upi,bank_timeout,3,16.95,ESCALATE,REMINDER,2,False,0.0,0.0
rec_7d358d1fe32fb9,cust_dd81b7f57d59,pay_86ee20c12dc5ab,4,0.864,1,1146.73,INR,card,payment_method_issue,1,0.38,REMINDER,,0,False,0.0,0.0
rec_0495845bbd5e62,cust_b784ae08758f,pay_65fa309f111b53,13,0.579,5,1594.21,INR,card,technical_error,1,0.23,RETRY,,0,True,1594.21,2.42
rec_8af8689bbc2552,cust_82cbcdc73cd3,pay_ae384228ae5279,17,0.577,7,907.01,INR,card,bank_timeout,1,1.75,RETRY,,0,False,0.0,0.0
rec_168238e9cbadd0,cust_bec5715ca71d,pay_92a74604036df9,4,0.893,0,31292.15,INR,upi,payment_method_issue,1,1.41,PAYMENT_LINK,,0,False,0.0,0.0
rec_1b5b0268b8ed09,cust_57bcad3ad0a1,pay_274dafe5982bd3,7,0.946,0,1322.74,INR,card,network_error,1,1.11,RETRY,,0,True,1322.74,1.18
rec_3a127eae3cff96,cust_cc8ceba90662,pay_f9b5dc89d8d685,19,0.956,1,569.26,INR,upi,insufficient_funds,1,1.19,RETRY,,0,True,569.26,3.01
rec_e897036da1b2b0,cust_0df1172a46f2,pay_d4d2beb800f5d0,4,0.775,1,2011.85,INR,card,insufficient_funds,1,0.75,RETRY,,0,False,0.0,0.0
rec_4d7e013075a12a,cust_fc950bbae818,pay_6dea4b8713cb97,2,0.815,0,10218.65,INR,upi,bank_timeout,1,1.24,REMINDER,,0,False,0.0,0.0
rec_4c8d03f62efb11,cust_fc950bbae818,pay_6dea4b8713cb97,2,0.815,0,10218.65,INR,upi,bank_timeout,2,14.38,PAYMENT_LINK,REMINDER,1,False,0.0,0.0
rec_99ee266558881e,cust_fc950bbae818,pay_6dea4b8713cb97,2,0.815,0,10218.65,INR,upi,bank_timeout,3,25.36,REMINDER,PAYMENT_LINK,2,True,10218.65,26.42
rec_7ae25bd27609dc,cust_c1eecd7a2428,pay_2d856e3711f168,18,0.794,4,1809.29,INR,wallet,network_error,1,0.99,PAYMENT_LINK,,0,False,0.0,0.0
rec_57b525e0e222af,cust_c1eecd7a2428,pay_2d856e3711f168,18,0.794,4,1809.29,INR,wallet,network_error,2,5.74,ESCALATE,PAYMENT_LINK,1,True,1809.29,7.35
rec_0b02be16a5c86c,cust_d513da02544c,pay_7ed3046284d61b,26,0.734,7,2927.56,INR,card,insufficient_funds,1,0.74,REMINDER,,0,True,2927.56,2.98
rec_914fd1040cc244,cust_b7bba2aa178a,pay_c34d5cbe0c0004,67,0.763,16,5431.9,INR,upi,bank_timeout,1,0.66,RETRY,,0,True,5431.9,0.83
rec_9809c9e542feb5,cust_c3cb0c28474c,pay_5ab5cea8b2f1c6,57,0.935,4,1537.07,INR,card,technical_error,1,0.87,REMINDER,,0,False,0.0,0.0
rec_986e48270d94c5,cust_c3cb0c28474c,pay_5ab5cea8b2f1c6,57,0.935,4,1537.07,INR,card,technical_error,2,5.33,PAYMENT_LINK,REMINDER,1,False,0.0,0.0
rec_6560624f2ea9d8,cust_9fbeffb3a8e3,pay_d486f3b8ec469e,2,0.765,0,3527.83,INR,card,insufficient_funds,1,0.99,REMINDER,,0,False,0.0,0.0
rec_547833abfa98a0,cust_0f6b40d09efb,pay_ddc4c146f5c2aa,8,0.686,3,1799.42,INR,upi,technical_error,1,1.3,RETRY,,0,False,0.0,0.0
rec_286d17da29e0a2,cust_0f6b40d09efb,pay_ddc4c146f5c2aa,8,0.686,3,1799.42,INR,upi,technical_error,2,13.07,STOP,RETRY,1,False,0.0,0.0
rec_dcf07d7d3fcb54,cust_7a9e8394bb4c,pay_d58539af3e0b1d,10,0.445,6,9854.93,INR,upi,authentication_failed,1,1.4,PAYMENT_LINK,,0,True,9854.93,3.74
rec_f8acffb4b40303,cust_77806788dff1,pay_c4e6e27c6e681e,20,0.888,2,40186.16,INR,upi,network_error,1,0.87,RETRY,,0,True,40186.16,2.3
rec_ebcbb289b6e2d3,cust_355cca9cfb6b,pay_681593bd740a54,1,0.916,0,2552.99,INR,card,bank_timeout,1,1.06,RETRY,,0,True,2552.99,1.75
rec_f4b9a6d84e4767,cust_47efa886d5b5,pay_9e86b8f8668a99,2,0.736,1,601.1,INR,upi,bank_timeout,1,0.92,PAYMENT_LINK,,0,True,601.1,2.37
rec_559986e738f14f,cust_e55ec7497952,pay_46f50bca04ebe9,17,0.396,10,792.63,INR,upi,authentication_failed,1,0.45,PAYMENT_LINK,,0,False,0.0,0.0
rec_38a81aaae455f6,cust_e55ec7497952,pay_46f50bca04ebe9,17,0.396,10,792.63,INR,upi,authentication_failed,2,9.76,PAYMENT_LINK,PAYMENT_LINK,1,False,0.0,0.0
rec_e5ece8fba10ad0,cust_e55ec7497952,pay_46f50bca04ebe9,17,0.396,10,792.63,INR,upi,authentication_failed,3,15.7,STOP,PAYMENT_LINK,2,False,0.0,0.0
rec_2843ab0275692f,cust_8a713a73fdee,pay_fc5ac9062e4827,5,0.907,0,1067.63,INR,netbanking,bank_timeout,1,1.54,RETRY,,0,True,1067.63,2.51
rec_0ddc0d6e7fa7f0,cust_05c8234b1d76,pay_ea75712652fe8d,15,0.784,3,333.95,INR,card,bank_timeout,1,0.28,RETRY,,0,True,333.95,1.2
rec_db190bf75f4c88,cust_74ed51458d97,pay_0d65519eb2c175,8,0.937,1,625.48,INR,upi,network_error,1,0.67,RETRY,,0,True,625.48,2.24
rec_b72accc6596b7f,cust_5f26946654d1,pay_d00a950ecd0034,6,0.786,1,1560.68,INR,upi,authentication_failed,1,1.7,REMINDER,,0,False,0.0,0.0
rec_11817582f95f0b,cust_5f26946654d1,pay_d00a950ecd0034,6,0.786,1,1560.68,INR,upi,authentication_failed,2,15.59,REMINDER,REMINDER,1,True,1560.68,17.99
rec_fb0ca32c21a76c,cust_9df034d39caa,pay_7f494f83b12756,19,0.752,5,5826.53,INR,upi,bank_timeout,1,1.87,RETRY,,0,False,0.0,0.0
rec_6917a9fbbeb70b,cust_9df034d39caa,pay_7f494f83b12756,19,0.752,5,5826.53,INR,upi,bank_timeout,2,8.31,PAYMENT_LINK,RETRY,1,False,0.0,0.0
rec_0e031c3627623c,cust_218a15368c99,pay_89549282df6340,17,0.913,1,11026.0,INR,upi,bank_timeout,1,0.35,RETRY,,0,True,11026.0,0.58
rec_8153e500eeeae2,cust_af4637b3c9a6,pay_cf055ebe803fe3,4,0.489,2,2024.97,INR,upi,insufficient_funds,1,0.25,PAYMENT_LINK,,0,False,0.0,0.0
rec_89b6e4cd192139,cust_cab214388557,pay_0b4c30c01bfb5d,5,0.88,1,995.68,INR,upi,network_error,1,1.71,RETRY,,0,True,995.68,3.02
rec_5a6cb33eaf5f89,cust_4dcabfb7001a,pay_e55531d8f94bb1,28,0.784,6,519.82,INR,netbanking,authentication_failed,1,0.32,PAYMENT_LINK,,0,True,519.82,1.23
rec_b6ebcf0927f504,cust_7986f498b52f,pay_a0b1a2d959bb81,44,0.76,11,1854.39,INR,card,insufficient_funds,1,1.16,PAYMENT_LINK,,0,True,1854.39,1.29
rec_b640718eb9743f,cust_c241330b01a9,pay_8dd15aebfbc7b2,10,0.865,1,2071.54,INR,netbanking,insufficient_funds,1,1.3,PAYMENT_LINK,,0,True,2071.54,2.49
rec_69624b673454d6,cust_d013b7a3f4a2,pay_667cd512c4c604,19,0.793,4,11570.7,INR,upi,authentication_failed,1,1.29,PAYMENT_LINK,,0,True,11570.7,3.73
rec_1581184d19d994,cust_620a60ac9261,pay_437081d17b1619,8,0.753,2,2841.69,INR,card,authentication_failed,1,0.89,RETRY,,0,False,0.0,0.0
rec_96ac9b5d35a262,cust_fbc8c77e2933,pay_ab38ca2959e150,2,0.756,0,6288.99,INR,upi,unknown,1,0.57,PAYMENT_LINK,,0,False,0.0,0.0
rec_6db3a232589a15,cust_fbc8c77e2933,pay_ab38ca2959e150,2,0.756,0,6288.99,INR,upi,unknown,2,17.48,PAYMENT_LINK,PAYMENT_LINK,1,True,6288.99,18.39
rec_5f056ef91b9445,cust_fe4cefed6f55,pay_783fed58c5417a,3,0.885,0,7339.0,INR,card,network_error,1,0.29,RETRY,,0,True,7339.0,2.26
rec_9700abb04bb8b9,cust_4edd2a2a6b69,pay_da242350033ac0,2,0.329,1,934.34,INR,card,payment_method_issue,1,1.92,PAYMENT_LINK,,0,False,0.0,0.0
rec_644845b118eefd,cust_28b58db58c46,pay_09569f9bb84cc1,10,0.816,2,8275.34,INR,upi,bank_timeout,1,1.71,RETRY,,0,True,8275.34,2.93
rec_7de14528048bed,cust_0bb401e769f7,pay_48379aacc59dcd,8,0.652,3,814.33,INR,upi,bank_timeout,1,1.2,RETRY,,0,True,814.33,2.77
rec_85993420198aed,cust_a0135044a041,pay_fdd8d2b2700bfc,1,0.746,0,2891.97,INR,upi,unknown,1,0.89,PAYMENT_LINK,,0,False,0.0,0.0
rec_be59d25461da96,cust_d009550707fc,pay_27bb607f563a14,1,0.705,0,1115.46,INR,upi,bank_timeout,1,0.34,RETRY,,0,False,0.0,0.0
rec_5639755503109f,cust_ba2c98ce0b19,pay_a8c7916a142d0e,9,0.841,1,1777.81,INR,card,insufficient_funds,1,1.85,PAYMENT_LINK,,0,False,0.0,0.0
rec_37aeba542e0059,cust_ba2c98ce0b19,pay_a8c7916a142d0e,9,0.841,1,1777.81,INR,card,insufficient_funds,2,4.96,REMINDER,PAYMENT_LINK,1,True,1777.81,6.34
rec_cfe06ac9cf70b5,cust_ed56c7145a96,pay_c5757f5b4b3ddf,12,0.847,2,1976.68,INR,card,authentication_failed,1,1.62,PAYMENT_LINK,,0,True,1976.68,3.17
rec_3c15a84376242c,cust_3b964c74ffe6,pay_03cacbba27c144,1,0.483,1,2436.89,INR,card,authentication_failed,1,0.58,PAYMENT_LINK,,0,False,0.0,0.0
rec_1c20e230df19ce,cust_3b964c74ffe6,pay_03cacbba27c144,1,0.483,1,2436.89,INR,card,authentication_failed,2,9.97,PAYMENT_LINK,PAYMENT_LINK,1,True,2436.89,12.33
rec_438177ff06461b,cust_2dea94930658,pay_add5901e6158a7,24,0.607,9,1843.05,INR,card,insufficient_funds,1,0.33,REMINDER,,0,False,0.0,0.0
rec_d4b0927b1fc7aa,cust_2dea94930658,pay_add5901e6158a7,24,0.607,9,1843.05,INR,card,insufficient_funds,2,9.6,ESCALATE,REMINDER,1,True,1843.05,10.88
rec_103a5cbe4a1a72,cust_867a211ade16,pay_200cc0d49d9a7d,11,0.758,3,10622.99,INR,card,authentication_failed,1,1.24,REMINDER,,0,True,10622.99,2.64
rec_b430ea3cb2894d,cust_01bb819c4dfe,pay_17de56dd47e94d,12,0.755,3,394.33,INR,card,payment_method_issue,1,2.0,PAYMENT_LINK,,0,True,394.33,4.46
rec_62ea9514e719a3,cust_95a0f35665ab,pay_dfb6399371e736,4,0.89,0,205.23,INR,card,bank_timeout,1,0.79,RETRY,,0,False,0.0,0.0
rec_53ffd1eb752d71,cust_8cb6b0ba925f,pay_7572092080da24,4,0.767,1,392.79,INR,card,insufficient_funds,1,1.63,PAYMENT_LINK,,0,True,392.79,1.99
rec_9ab158f300f322,cust_f3402dd34515,pay_0dfdb74fca621b,3,0.914,0,948.64,INR,card,technical_error,1,1.88,RETRY,,0,True,948.64,4.19
rec_c252e7c36d3772,cust_48998e5fd40e,pay_3a8ff93eb540ba,3,0.759,1,2914.08,INR,upi,bank_timeout,1,1.65,RETRY,,0,True,2914.08,2.64
rec_4b9a44b65510c7,cust_8325bd9ebf98,pay_b3ec368010bbee,8,0.816,1,3409.26,INR,upi,payment_method_issue,1,0.56,PAYMENT_LINK,,0,True,3409.26,1.92
rec_95790a83a2dab4,cust_9c2e58deea4e,pay_656b0e9939d1ec,4,0.948,0,2805.86,INR,card,insufficient_funds,1,0.65,REMINDER,,0,True,2805.86,2.08
rec_12628861c0e4f4,cust_20f36e9238ec,pay_844aad90409869,6,0.708,2,232.93,INR,upi,insufficient_funds,1,0.3,RETRY,,0,False,0.0,0.0
rec_502dc9167b002e,cust_20f36e9238ec,pay_844aad90409869,6,0.708,2,232.93,INR,upi,insufficient_funds,2,9.41,RETRY,RETRY,1,False,0.0,0.0
rec_71b3e4d6097703,cust_20f36e9238ec,pay_844aad90409869,6,0.708,2,232.93,INR,upi,insufficient_funds,3,20.6,REMINDER,RETRY,2,True,232.93,21.14
rec_cf663bc3f8c3df,cust_24ac2130deaf,pay_713dd54e12ea16,15,0.795,3,2168.76,INR,upi,bank_timeout,1,0.17,RETRY,,0,True,2168.76,0.92
rec_fc52cc61914ac1,cust_7bf820f6c652,pay_3a3a2365478141,1,0.92,0,2062.63,INR,upi,network_error,1,1.49,REMINDER,,0,False,0.0,0.0
rec_e828bb223e69e1,cust_7bf820f6c652,pay_3a3a2365478141,1,0.92,0,2062.63,INR,upi,network_error,2,5.23,ESCALATE,REMINDER,1,True,2062.63,5.8
rec_d4db54a3a5c8c0,cust_3332432b3d10,pay_b1d9f12d9e0015,18,0.96,1,8252.46,INR,upi,insufficient_funds,1,0.76,REMINDER,,0,False,0.0,0.0
rec_6d755a78c36ad3,cust_3332432b3d10,pay_b1d9f12d9e0015,18,0.96,1,8252.46,INR,upi,insufficient_funds,2,10.06,PAYMENT_LINK,REMINDER,1,True,8252.46,12.47
rec_d5e976193e5ca8,cust_4ddb1b36272c,pay_b7b85d667ecca1,7,0.274,5,11361.85,INR,card,network_error,1,1.16,RETRY,,0,False,0.0,0.0
rec_70b8b52a63f8ea,cust_b5103e9c8618,pay_8dac278463554c,2,0.826,0,457.97,INR,upi,unknown,1,1.92,RETRY,,0,True,457.97,3.84
rec_9662fce2cfbc4c,cust_c02553ead7f2,pay_8f28b7a85d2474,75,0.922,6,7299.22,INR,card,insufficient_funds,1,1.25,REMINDER,,0,True,7299.22,2.13
rec_7c6a57385c518a,cust_8f0d55400ec7,pay_c0078f905ef97d,20,0.844,3,1045.33,INR,card,authentication_failed,1,1.42,PAYMENT_LINK,,0,True,1045.33,3.86
rec_204aeb785278b2,cust_bd90b81afbe0,pay_4023385d3cc21e,23,0.89,3,7278.92,INR,netbanking,bank_timeout,1,1.13,REMINDER,,0,False,0.0,0.0
rec_d166e47f154a3f,cust_cd32e7120c76,pay_9f02e5f4061b44,16,0.5,8,26798.57,INR,card,bank_timeout,1,0.25,PAYMENT_LINK,,0,False,0.0,0.0
rec_c9ac091142073e,cust_cd32e7120c76,pay_9f02e5f4061b44,16,0.5,8,26798.57,INR,card,bank_timeout,2,7.48,PAYMENT_LINK,PAYMENT_LINK,1,True,26798.57,8.96
rec_aa7f97c64d8e7a,cust_61652fd341dd,pay_83a73323a075ed,31,0.743,8,2852.16,INR,netbanking,bank_timeout,1,1.38,RETRY,,0,False,0.0,0.0
rec_f33a86dbafc4ea,cust_61652fd341dd,pay_83a73323a075ed,31,0.743,8,2852.16,INR,netbanking,bank_timeout,2,18.92,RETRY,RETRY,1,False,0.0,0.0
rec_f2dd2f15775922,cust_a3708c7fd235,pay_67a6269fda4a60,29,0.759,7,749.6,INR,netbanking,bank_timeout,1,0.6,RETRY,,0,False,0.0,0.0
rec_055faefc23c3fa,cust_ca10b4996802,pay_e6aadd6cdb27f2,30,0.946,2,48837.29,INR,upi,bank_timeout,1,0.36,PAYMENT_LINK,,0,False,0.0,0.0
rec_4994d0add26b24,cust_ca10b4996802,pay_e6aadd6cdb27f2,30,0.946,2,48837.29,INR,upi,bank_timeout,2,8.93,ESCALATE,PAYMENT_LINK,1,False,0.0,0.0
rec_392d17ccb7c0b1,cust_ca10b4996802,pay_e6aadd6cdb27f2,30,0.946,2,48837.29,INR,upi,bank_timeout,3,12.88,REMINDER,ESCALATE,2,False,0.0,0.0
rec_a0b6ef8eb0b60d,cust_ca10b4996802,pay_e6aadd6cdb27f2,30,0.946,2,48837.29,INR,upi,bank_timeout,4,28.14,ESCALATE,REMINDER,3,False,0.0,0.0
rec_bbf2bd45925218,cust_c5c5ae8abe15,pay_511e0267307445,4,0.747,1,35160.37,INR,card,technical_error,1,0.93,RETRY,,0,True,35160.37,2.39
rec_4291c441954ad9,cust_55c551fcfba5,pay_c9d42fd323d145,26,0.859,4,4342.66,INR,netbanking,technical_error,1,1.63,RETRY,,0,False,0.0,0.0
rec_2fbe7816efb034,cust_55c551fcfba5,pay_c9d42fd323d145,26,0.859,4,4342.66,INR,netbanking,technical_error,2,13.31,REMINDER,RETRY,1,False,0.0,0.0
rec_af0d21f44d20ff,cust_55c551fcfba5,pay_c9d42fd323d145,26,0.859,4,4342.66,INR,netbanking,technical_error,3,20.32,STOP,REMINDER,2,False,0.0,0.0
rec_f89991bfc87cc2,cust_92ef63c1781f,pay_3f916981f6208a,6,0.831,1,9722.94,INR,upi,network_error,1,1.13,PAYMENT_LINK,,0,False,0.0,0.0
rec_8fda8d85520a9f,cust_92ef63c1781f,pay_3f916981f6208a,6,0.831,1,9722.94,INR,upi,network_error,2,6.69,PAYMENT_LINK,PAYMENT_LINK,1,True,9722.94,8.22
rec_9c1890b3edd79d,cust_61ee6c5bdeef,pay_b3d5c359513837,11,0.748,3,2088.48,INR,upi,bank_timeout,1,1.32,PAYMENT_LINK,,0,False,0.0,0.0
rec_05c1bac4b98f80,cust_61af663ced2e,pay_26e5ce42b02705,19,0.781,4,2242.26,INR,wallet,payment_method_issue,1,0.99,PAYMENT_LINK,,0,False,0.0,0.0
rec_eabd4666f85d26,cust_60a399d4e821,pay_128cc17a4c055b,7,0.418,4,217.8,INR,upi,insufficient_funds,1,1.28,REMINDER,,0,False,0.0,0.0
rec_9430c2bbda4b86,cust_60a399d4e821,pay_128cc17a4c055b,7,0.418,4,217.8,INR,upi,insufficient_funds,2,16.03,PAYMENT_LINK,REMINDER,1,False,0.0,0.0
rec_8717be6db5e247,cust_41191aa71b61,pay_a4bc556bf63009,3,0.901,0,5293.7,INR,upi,network_error,1,0.24,RETRY,,0,True,5293.7,2.55
rec_f4cc306265de43,cust_acef45c4de37,pay_76883ea9a726d0,17,0.928,1,3936.66,INR,card,payment_method_issue,1,0.65,PAYMENT_LINK,,0,True,3936.66,0.74
rec_0a1092c71c5249,cust_641118ecddf0,pay_256a463eb30d8a,5,0.869,1,664.16,INR,card,authentication_failed,1,0.36,RETRY,,0,False,0.0,0.0
rec_a2fd3e962bf8c7,cust_641118ecddf0,pay_256a463eb30d8a,5,0.869,1,664.16,INR,card,authentication_failed,2,16.57,REMINDER,RETRY,1,False,0.0,0.0
rec_d460f4be40ddcb,cust_f97a822c15e5,pay_c332fba95a6781,12,0.875,2,32701.12,INR,card,bank_timeout,1,0.35,RETRY,,0,True,32701.12,1.12
rec_04b0a4ee04fcea,cust_bbb24366704f,pay_7d745b8c29009f,48,0.912,4,6868.94,INR,netbanking,authentication_failed,1,0.72,REMINDER,,0,True,6868.94,1.58
rec_210645202277ca,cust_19b17e80dea4,pay_9e524f171d6511,9,0.841,1,1704.75,INR,card,bank_timeout,1,0.92,RETRY,,0,True,1704.75,1.99
rec_930659ad3467f7,cust_4dcabfb7001a,pay_876913e0a7793d,28,0.784,6,2174.09,INR,card,insufficient_funds,1,0.37,PAYMENT_LINK,,0,False,0.0,0.0
rec_07b6fbf78f6cd4,cust_4dcabfb7001a,pay_876913e0a7793d,28,0.784,6,2174.09,INR,card,insufficient_funds,2,4.21,REMINDER,PAYMENT_LINK,1,False,0.0,0.0
rec_e65cb372d71990,cust_4dcabfb7001a,pay_876913e0a7793d,28,0.784,6,2174.09,INR,card,insufficient_funds,3,20.04,PAYMENT_LINK,REMINDER,2,True,2174.09,21.06
rec_641632b96f96c1,cust_2aa814da56ec,pay_78a38a818ee309,14,0.841,2,5749.94,INR,card,technical_error,1,0.58,RETRY,,0,False,0.0,0.0
rec_2b824325b17bf6,cust_be9063fb64b5,pay_8bedaf07af8ee6,1,0.848,0,2407.58,INR,card,bank_timeout,1,0.73,RETRY,,0,True,2407.58,2.2
rec_31f4d370c5d89a,cust_a391ffdb8794,pay_1e77c934188c6b,7,0.407,4,1088.98,INR,card,authentication_failed,1,1.63,ESCALATE,,0,False,0.0,0.0
rec_3e9a521db2b8b4,cust_a391ffdb8794,pay_1e77c934188c6b,7,0.407,4,1088.98,INR,card,authentication_failed,2,5.58,ESCALATE,ESCALATE,1,False,0.0,0.0
rec_d9d035e3b30e48,cust_290a3abbc35b,pay_8d7c131ffac842,2,0.625,1,24326.69,INR,netbanking,bank_timeout,1,0.97,RETRY,,0,True,24326.69,1.68
rec_81acc28051c059,cust_dfb68a5fbb81,pay_f03c43062ca2a5,8,0.753,2,2636.02,INR,card,insufficient_funds,1,1.57,RETRY,,0,False,0.0,0.0
rec_e7044fd6cd6643,cust_67ce378fe5a4,pay_8b1591b5b4417e,11,0.749,3,695.07,INR,card,bank_timeout,1,0.95,RETRY,,0,True,695.07,1.62
rec_f51031775e33af,cust_d900da4bff31,pay_c25d0c74b4ea34,11,0.977,0,528.65,INR,upi,bank_timeout,1,1.79,PAYMENT_LINK,,0,True,528.65,3.33
rec_ae3d132b1b62b2,cust_4f10aae3b518,pay_bb1828f1a926f8,25,0.86,4,2660.99,INR,card,network_error,1,0.77,RETRY,,0,True,2660.99,2.31
rec_ff5062f31677a5,cust_36fea0b438cd,pay_8c5a3de8cc27b6,9,0.383,6,2183.2,INR,upi,insufficient_funds,1,1.95,PAYMENT_LINK,,0,False,0.0,0.0
rec_87d5dabdf7cd86,cust_36fea0b438cd,pay_8c5a3de8cc27b6,9,0.383,6,2183.2,INR,upi,insufficient_funds,2,10.17,REMINDER,PAYMENT_LINK,1,False,0.0,0.0
rec_8396ad17ea5886,cust_7118e3647709,pay_e0d15b701be95f,5,0.862,1,2798.43,INR,card,bank_timeout,1,0.49,RETRY,,0,False,0.0,0.0
rec_1b17809de70a7e,cust_15f7ef61da4e,pay_12025337bf92c6,21,0.805,4,1620.24,INR,upi,authentication_failed,1,1.27,REMINDER,,0,False,0.0,0.0
rec_0c73949fef5edd,cust_3f30ea12cebc,pay_927ea55ad64c49,1,0.718,0,8751.46,INR,upi,technical_error,1,1.23,RETRY,,0,False,0.0,0.0
rec_e1c60b7b8a7f2e,cust_3f30ea12cebc,pay_927ea55ad64c49,1,0.718,0,8751.46,INR,upi,technical_error,2,17.83,RETRY,RETRY,1,True,8751.46,19.16
rec_f81a821c3c1f43,cust_9532caba7af9,pay_836bd2f72541b4,15,0.732,4,1998.58,INR,wallet,technical_error,1,1.07,RETRY,,0,False,0.0,0.0
rec_a521fd3b023086,cust_9532caba7af9,pay_836bd2f72541b4,15,0.732,4,1998.58,INR,wallet,technical_error,2,12.28,PAYMENT_LINK,RETRY,1,True,1998.58,14.07
rec_4f48f2e6cccae4,cust_8fc3d7d3f6bd,pay_9d8fdea848d964,6,0.738,2,1911.81,INR,upi,network_error,1,1.67,RETRY,,0,True,1911.81,3.29
rec_916b66defe56f6,cust_714c7df4e434,pay_e7d7261394df2d,14,0.512,7,9694.36,INR,card,authentication_failed,1,1.86,PAYMENT_LINK,,0,False,0.0,0.0
rec_0ddf6858bda33e,cust_004ea81ad3d8,pay_bbcee7a3cce291,2,0.736,1,1153.47,INR,upi,authentication_failed,1,1.85,RETRY,,0,False,0.0,0.0
rec_819bab055d26dd,cust_004ea81ad3d8,pay_bbcee7a3cce291,2,0.736,1,1153.47,INR,upi,authentication_failed,2,11.24,REMINDER,RETRY,1,False,0.0,0.0
rec_09f82ed3ad5c5b,cust_4199322e3ba5,pay_ec03ca00391473,6,0.803,1,5968.79,INR,upi,network_error,1,0.24,RETRY,,0,False,0.0,0.0
rec_ab802329a6f39c,cust_4199322e3ba5,pay_ec03ca00391473,6,0.803,1,5968.79,INR,upi,network_error,2,10.06,STOP,RETRY,1,False,0.0,0.0
rec_95786324634db0,cust_0f8035f55bd2,pay_7749de00d7172c,2,0.852,0,1285.2,INR,netbanking,network_error,1,1.73,RETRY,,0,True,1285.2,2.99
rec_2ff20b42ba612f,cust_dc3bbdd8a74e,pay_8044c4edb62b60,6,0.885,1,237.23,INR,netbanking,insufficient_funds,1,1.22,RETRY,,0,False,0.0,0.0
rec_27e76f64735355,cust_e098d2e3bd3f,pay_ee0099432363ff,1,0.513,0,10210.46,INR,card,bank_timeout,1,0.55,RETRY,,0,False,0.0,0.0
rec_7cbf9e447b6908,cust_e098d2e3bd3f,pay_ee0099432363ff,1,0.513,0,10210.46,INR,card,bank_timeout,2,6.75,REMINDER,RETRY,1,True,10210.46,9.17
rec_1d115c12693c19,cust_3a2516fe8a27,pay_e2dff5e35469ca,9,0.787,2,879.47,INR,card,insufficient_funds,1,1.42,PAYMENT_LINK,,0,False,0.0,0.0
rec_5c46876ccaffe1,cust_3a2516fe8a27,pay_e2dff5e35469ca,9,0.787,2,879.47,INR,card,insufficient_funds,2,10.94,PAYMENT_LINK,PAYMENT_LINK,1,True,879.47,11.75
rec_d7bdbc4303a724,cust_e9917f60a8c4,pay_1c74ca366441ba,3,0.81,1,3969.96,INR,upi,payment_method_issue,1,1.23,PAYMENT_LINK,,0,False,0.0,0.0
rec_2b3a67bf2760d6,cust_e9917f60a8c4,pay_1c74ca366441ba,3,0.81,1,3969.96,INR,upi,payment_method_issue,2,9.93,PAYMENT_LINK,PAYMENT_LINK,1,False,0.0,0.0
rec_a1dfc05cb5c81c,cust_e9917f60a8c4,pay_1c74ca366441ba,3,0.81,1,3969.96,INR,upi,payment_method_issue,3,25.84,STOP,PAYMENT_LINK,2,False,0.0,0.0
rec_3655c0ac686b79,cust_43b409ef2260,pay_488542bf4bc940,21,0.886,2,2144.93,INR,card,bank_timeout,1,0.59,PAYMENT_LINK,,0,True,2144.93,1.46
rec_99c1510cb921fc,cust_7df373789f6c,pay_7cbef1967f9863,5,0.873,1,8451.44,INR,upi,payment_method_issue,1,0.51,PAYMENT_LINK,,0,False,0.0,0.0
rec_b1bc64f92d8daf,cust_7df373789f6c,pay_7cbef1967f9863,5,0.873,1,8451.44,INR,upi,payment_method_issue,2,3.5,REMINDER,PAYMENT_LINK,1,False,0.0,0.0
rec_71b2050b90719f,cust_a0b8575544ca,pay_b88b1d28608504,18,0.837,3,10376.55,INR,card,payment_method_issue,1,1.79,PAYMENT_LINK,,0,False,0.0,0.0
rec_6e81a8a309811a,cust_a0b8575544ca,pay_b88b1d28608504,18,0.837,3,10376.55,INR,card,payment_method_issue,2,9.78,PAYMENT_LINK,PAYMENT_LINK,1,True,10376.55,10.09
rec_e990b82e29e105,cust_5c375254a8fc,pay_112fc376b8a741,1,0.776,0,37771.82,INR,card,bank_timeout,1,1.21,RETRY,,0,True,37771.82,2.33
rec_9c01a7dea617a2,cust_725d42593c4b,pay_a6285d8e8d1d9b,2,0.769,0,864.48,INR,upi,bank_timeout,1,1.5,RETRY,,0,True,864.48,2.97
rec_bfa418d471c8e1,cust_43b7a3a69a8d,pay_065f39b5396dc7,5,0.727,1,645.92,INR,netbanking,bank_timeout,1,0.21,PAYMENT_LINK,,0,False,0.0,0.0
rec_bc3f1ed37db1e2,cust_43b7a3a69a8d,pay_065f39b5396dc7,5,0.727,1,645.92,INR,netbanking,bank_timeout,2,6.69,REMINDER,PAYMENT_LINK,1,True,645.92,7.44
rec_f9ddc52d6be01c,cust_8ef4d74b2dcc,pay_8c2918d1e40290,3,0.77,1,14362.18,INR,card,bank_timeout,1,1.35,RETRY,,0,True,14362.18,1.59
rec_04fad688d2690f,cust_93676a024fdc,pay_6a7c2cfc423943,21,0.298,15,6291.07,INR,upi,bank_timeout,1,1.77,RETRY,,0,False,0.0,0.0
rec_a0ac2cd1b1dcbd,cust_93676a024fdc,pay_6a7c2cfc423943,21,0.298,15,6291.07,INR,upi,bank_timeout,2,14.12,RETRY,RETRY,1,False,0.0,0.0
rec_6aa49b3d45c81a,cust_7f9ad277db49,pay_37af51d8760630,4,0.924,0,1503.17,INR,card,authentication_failed,1,1.82,PAYMENT_LINK,,0,False,0.0,0.0
rec_22e6942f9946f6,cust_e8b45c6afee5,pay_0d8815dede1644,5,0.847,1,15284.43,INR,netbanking,authentication_failed,1,1.25,PAYMENT_LINK,,0,True,15284.43,2.28
rec_631f0d2955ae2b,cust_702c1821c804,pay_b834a149afe05f,14,0.313,10,2001.92,INR,card,bank_timeout,1,0.15,PAYMENT_LINK,,0,True,2001.92,1.46
rec_7759ad2124f3cf,cust_99a9af6aed05,pay_cb7e778402b502,41,0.726,11,2130.93,INR,wallet,insufficient_funds,1,0.68,RETRY,,0,False,0.0,0.0
rec_222f6ce14333c3,cust_99a9af6aed05,pay_cb7e778402b502,41,0.726,11,2130.93,INR,wallet,insufficient_funds,2,12.0,PAYMENT_LINK,RETRY,1,True,2130.93,12.48
rec_ee53868500b514,cust_8b074d1a6a7a,pay_ac18a9c55f8236,3,0.719,1,3748.85,INR,upi,bank_timeout,1,1.2,RETRY,,0,True,3748.85,2.61
rec_4904f586d3b6f1,cust_7800e27a9ace,pay_c789ac3183b21b,6,0.833,1,6603.48,INR,netbanking,bank_timeout,1,0.42,RETRY,,0,False,0.0,0.0
rec_bb64f9885f7c47,cust_7800e27a9ace,pay_c789ac3183b21b,6,0.833,1,6603.48,INR,netbanking,bank_timeout,2,3.35,PAYMENT_LINK,RETRY,1,False,0.0,0.0
rec_0d0e1789780f31,cust_80499bbf76f6,pay_a5eaf9f626d399,4,0.905,0,27666.96,INR,upi,insufficient_funds,1,0.23,RETRY,,0,False,0.0,0.0
rec_9e26696faec3f7,cust_cc8ceba90662,pay_07300eb55cb3f0,19,0.956,1,3106.39,INR,card,insufficient_funds,1,0.65,REMINDER,,0,False,0.0,0.0
rec_e2bcf839e6b65d,cust_cc8ceba90662,pay_07300eb55cb3f0,19,0.956,1,3106.39,INR,card,insufficient_funds,2,5.46,PAYMENT_LINK,REMINDER,1,False,0.0,0.0
rec_4f29d580bf87d0,cust_8bb5f2425105,pay_44df2d21792ed7,11,0.805,2,9069.95,INR,upi,technical_error,1,0.73,RETRY,,0,True,9069.95,2.9
rec_4aae35bc70d8d2,cust_4748ffb3d0a9,pay_6232287c26bebc,5,0.828,1,9124.11,INR,upi,bank_timeout,1,1.33,RETRY,,0,True,9124.11,2.24
rec_92cc391dbdd6c8,cust_c8fb2050a460,pay_5dcb9a37d9cd34,6,0.906,1,2713.6,INR,card,insufficient_funds,1,1.58,PAYMENT_LINK,,0,True,2713.6,2.67
rec_0be29ae9a844c2,cust_2826a561bf1a,pay_889840e8611b25,24,0.76,6,2091.97,INR,card,payment_method_issue,1,1.69,PAYMENT_LINK,,0,True,2091.97,3.69
rec_ac80ced30b8dd2,cust_2ae1d0bc4a09,pay_64179ff7b93d05,16,0.969,0,419.75,INR,card,authentication_failed,1,1.08,REMINDER,,0,True,419.75,2.11
rec_1dd6e056e6bfac,cust_cb35097ae5dd,pay_909fbd3f06dcf7,9,0.783,2,8020.57,INR,card,bank_timeout,1,1.55,REMINDER,,0,False,0.0,0.0
rec_38ed676798b13a,cust_7367c28de1b2,pay_5f37c64984a0c5,4,0.616,2,10754.42,INR,wallet,bank_timeout,1,1.39,RETRY,,0,False,0.0,0.0
rec_35ab45efaa7f87,cust_7367c28de1b2,pay_5f37c64984a0c5,4,0.616,2,10754.42,INR,wallet,bank_timeout,2,16.49,PAYMENT_LINK,RETRY,1,True,10754.42,17.95
rec_9dbf4277589e4b,cust_cdfcef75651e,pay_32d4cddcb1c741,44,0.889,5,9238.62,INR,netbanking,bank_timeout,1,1.54,RETRY,,0,False,0.0,0.0
rec_54f63c68d9fffa,cust_cdfcef75651e,pay_32d4cddcb1c741,44,0.889,5,9238.62,INR,netbanking,bank_timeout,2,19.02,REMINDER,RETRY,1,False,0.0,0.0
rec_ed5ef65ee2661f,cust_cdfcef75651e,pay_32d4cddcb1c741,44,0.889,5,9238.62,INR,netbanking,bank_timeout,3,25.76,ESCALATE,REMINDER,2,False,0.0,0.0
rec_2cac5acd4b70a2,cust_aa5ca8cd1f83,pay_b7dffeb91a1b02,3,0.833,1,11715.47,INR,netbanking,technical_error,1,0.99,RETRY,,0,True,11715.47,2.13
rec_58195e87457c08,cust_7b1dbca32286,pay_b89745027b55dd,2,0.917,0,904.8,INR,upi,network_error,1,0.44,RETRY,,0,True,904.8,1.31
rec_475e2bbe4b0ec4,cust_d6fdd1a5f173,pay_6c7faeb52e5160,7,0.884,1,2838.67,INR,upi,payment_method_issue,1,1.09,PAYMENT_LINK,,0,True,2838.67,2.27
rec_fea608ae6a7b9f,cust_b66edbf4a0ea,pay_4b7f4932c22c83,1,0.921,0,20953.33,INR,card,payment_method_issue,1,1.86,RETRY,,0,False,0.0,0.0
rec_1c62a05006f796,cust_142c3fe860e7,pay_9a210ec8f66a65,20,0.85,3,2146.06,INR,card,unknown,1,1.98,RETRY,,0,False,0.0,0.0
rec_7a80174e4b6b4b,cust_142c3fe860e7,pay_9a210ec8f66a65,20,0.85,3,2146.06,INR,card,unknown,2,6.43,PAYMENT_LINK,RETRY,1,False,0.0,0.0
rec_0fe5f265e5712b,cust_08ffeab00750,pay_59770a37ab48cf,5,0.737,1,2778.14,INR,card,insufficient_funds,1,1.15,REMINDER,,0,False,0.0,0.0
rec_07bedb4c84b9cc,cust_08ffeab00750,pay_59770a37ab48cf,5,0.737,1,2778.14,INR,card,insufficient_funds,2,18.61,ESCALATE,REMINDER,1,True,2778.14,19.69
rec_e88f823dc01ddf,cust_0123a348638a,pay_219e2a6e08fdd5,1,0.755,0,7045.6,INR,netbanking,bank_timeout,1,0.2,REMINDER,,0,True,7045.6,2.42
rec_03ab8a34b2d2c3,cust_39d119508a45,pay_2975a005a61136,7,0.594,3,1477.39,INR,netbanking,insufficient_funds,1,1.74,PAYMENT_LINK,,0,False,0.0,0.0
rec_cc463570c21fb2,cust_39d119508a45,pay_2975a005a61136,7,0.594,3,1477.39,INR,netbanking,insufficient_funds,2,11.6,ESCALATE,PAYMENT_LINK,1,False,0.0,0.0
rec_dc9cb3eb9f6197,cust_39d119508a45,pay_2975a005a61136,7,0.594,3,1477.39,INR,netbanking,insufficient_funds,3,14.36,REMINDER,ESCALATE,2,True,1477.39,16.12
rec_ea34eefd2bddf9,cust_9714fadcb3c4,pay_5a881ca43b4d34,6,0.631,2,2183.22,INR,card,authentication_failed,1,0.15,PAYMENT_LINK,,0,True,2183.22,1.03
rec_e3fbd382806267,cust_8e484bc069c5,pay_958100fc6ecb68,1,0.952,0,2789.91,INR,netbanking,authentication_failed,1,0.84,REMINDER,,0,False,0.0,0.0
rec_093783f2e2285b,cust_8e484bc069c5,pay_958100fc6ecb68,1,0.952,0,2789.91,INR,netbanking,authentication_failed,2,5.34,REMINDER,REMINDER,1,False,0.0,0.0
rec_9decc064d08280,cust_8e484bc069c5,pay_958100fc6ecb68,1,0.952,0,2789.91,INR,netbanking,authentication_failed,3,12.59,PAYMENT_LINK,REMINDER,2,True,2789.91,13.18
rec_edf193c3714898,cust_c017466e85f4,pay_c12fccd3bbcc54,1,0.851,0,4886.47,INR,card,bank_timeout,1,1.75,RETRY,,0,False,0.0,0.0
rec_b3d205ae8aa4e4,cust_c017466e85f4,pay_c12fccd3bbcc54,1,0.851,0,4886.47,INR,card,bank_timeout,2,17.71,REMINDER,RETRY,1,False,0.0,0.0
rec_60f3bb28bd20c0,cust_c017466e85f4,pay_c12fccd3bbcc54,1,0.851,0,4886.47,INR,card,bank_timeout,3,30.32,REMINDER,REMINDER,2,False,0.0,0.0
rec_7bad9046e9ab31,cust_c017466e85f4,pay_c12fccd3bbcc54,1,0.851,0,4886.47,INR,card,bank_timeout,4,48.02,STOP,REMINDER,3,False,0.0,0.0
rec_c11fda29debdf5,cust_36fea0b438cd,pay_44c56f4cd4c705,9,0.383,6,422.98,INR,upi,insufficient_funds,1,1.37,PAYMENT_LINK,,0,False,0.0,0.0
rec_4133557c0e51bc,cust_2e2cb8506b17,pay_3e22c2227af779,11,0.375,7,1389.79,INR,card,authentication_failed,1,1.73,PAYMENT_LINK,,0,False,0.0,0.0
rec_203634bff10757,cust_2e2cb8506b17,pay_3e22c2227af779,11,0.375,7,1389.79,INR,card,authentication_failed,2,9.02,PAYMENT_LINK,PAYMENT_LINK,1,True,1389.79,10.5
rec_f890be80ba10ee,cust_01bb819c4dfe,pay_d32d9358ab504c,12,0.755,3,1741.1,INR,netbanking,technical_error,1,1.85,RETRY,,0,False,0.0,0.0
rec_1a9face21ab0dc,cust_d12daea8673d,pay_6919732fe88288,43,0.762,10,2233.05,INR,upi,bank_timeout,1,1.2,REMINDER,,0,False,0.0,0.0
rec_c9e939745c1452,cust_d12daea8673d,pay_6919732fe88288,43,0.762,10,2233.05,INR,upi,bank_timeout,2,9.85,STOP,REMINDER,1,False,0.0,0.0
rec_abd3f91483d070,cust_7e388a1946f7,pay_dd3df93cc8caa5,9,0.769,2,2633.45,INR,upi,authentication_failed,1,1.7,PAYMENT_LINK,,0,True,2633.45,2.48
rec_700d5278b08139,cust_eb93f78c620a,pay_7fdcadde6e655f,1,0.358,1,4865.06,INR,upi,authentication_failed,1,0.23,PAYMENT_LINK,,0,True,4865.06,1.14
rec_0626cb30699ede,cust_b22f2e910411,pay_2963eb20e42390,5,0.704,1,1920.89,INR,wallet,authentication_failed,1,1.23,RETRY,,0,False,0.0,0.0
rec_39b316a20c1533,cust_b22f2e910411,pay_2963eb20e42390,5,0.704,1,1920.89,INR,wallet,authentication_failed,2,13.41,REMINDER,RETRY,1,True,1920.89,13.67
rec_e33ac2d0e41ea3,cust_67213a7017d5,pay_b19d78e3076857,7,0.877,1,2218.75,INR,upi,bank_timeout,1,1.54,RETRY,,0,True,2218.75,2.94
rec_82f1417e2a6b5d,cust_a5d04d531e12,pay_04541f13ac74e3,2,0.652,1,25907.33,INR,card,insufficient_funds,1,1.69,PAYMENT_LINK,,0,True,25907.33,3.3
rec_9c922c0657dfde,cust_2cd94cbbc19a,pay_61875ae0ed0e7a,94,0.775,21,1407.18,INR,upi,insufficient_funds,1,1.84,PAYMENT_LINK,,0,False,0.0,0.0
rec_a6069af6e5845c,cust_2cd94cbbc19a,pay_61875ae0ed0e7a,94,0.775,21,1407.18,INR,upi,insufficient_funds,2,12.96,STOP,PAYMENT_LINK,1,False,0.0,0.0
rec_585038099fcfdf,cust_3f5e3b8cc058,pay_224e11ba630042,10,0.295,7,1967.32,INR,upi,insufficient_funds,1,0.79,RETRY,,0,False,0.0,0.0
rec_cf1af57524b6a9,cust_3f5e3b8cc058,pay_224e11ba630042,10,0.295,7,1967.32,INR,upi,insufficient_funds,2,17.86,REMINDER,RETRY,1,True,1967.32,20.0
rec_5fcf8f6fe85d8e,cust_0ddb545b61ea,pay_879370a3c60d47,13,0.703,4,7505.61,INR,upi,bank_timeout,1,1.34,RETRY,,0,True,7505.61,1.84
rec_c64cda80bb0bf3,cust_f845846efdf0,pay_0f5eed862620c9,9,0.754,2,3363.24,INR,netbanking,bank_timeout,1,1.3,PAYMENT_LINK,,0,False,0.0,0.0
rec_3df1e70edbb5d0,cust_f845846efdf0,pay_0f5eed862620c9,9,0.754,2,3363.24,INR,netbanking,bank_timeout,2,12.05,PAYMENT_LINK,PAYMENT_LINK,1,True,3363.24,14.12
rec_4021b7c1936c83,cust_e9ff1cae41c8,pay_fdf4ca04bce235,43,0.956,2,2974.61,INR,card,network_error,1,1.21,RETRY,,0,True,2974.61,3.31
rec_7a7be33fd13a89,cust_08cac260b3f5,pay_8d3ab986d29f22,12,0.886,1,25744.78,INR,netbanking,bank_timeout,1,1.01,RETRY,,0,False,0.0,0.0
rec_4d777e4dccc74f,cust_59e7703a70aa,pay_e9308a4fccec13,2,0.702,1,11138.14,INR,card,insufficient_funds,1,0.26,PAYMENT_LINK,,0,False,0.0,0.0
rec_1193874e7915f9,cust_59e7703a70aa,pay_e9308a4fccec13,2,0.702,1,11138.14,INR,card,insufficient_funds,2,14.12,REMINDER,PAYMENT_LINK,1,True,11138.14,16.13
rec_9e86e4e82a593e,cust_d8125123984f,pay_6eb21dcc9f97fa,46,0.973,1,11032.44,INR,upi,insufficient_funds,1,0.45,RETRY,,0,True,11032.44,0.79
rec_873e21b2a50cb0,cust_0f14f86c2b50,pay_1565b21b80a3e4,4,0.786,1,13499.39,INR,card,technical_error,1,1.16,RETRY,,0,False,0.0,0.0
rec_f6d77d91647e7d,cust_031eef965f71,pay_4d5116cd6983e1,6,0.939,0,4420.05,INR,card,authentication_failed,1,1.38,PAYMENT_LINK,,0,True,4420.05,3.07
rec_e949e29c11b766,cust_0f14f86c2b50,pay_f587a482713884,4,0.786,1,2328.05,INR,netbanking,authentication_failed,1,1.03,ESCALATE,,0,False,0.0,0.0
rec_902ce1fce6e3c5,cust_0f14f86c2b50,pay_f587a482713884,4,0.786,1,2328.05,INR,netbanking,authentication_failed,2,10.78,PAYMENT_LINK,ESCALATE,1,False,0.0,0.0
rec_d029f8e35230f3,cust_0f14f86c2b50,pay_f587a482713884,4,0.786,1,2328.05,INR,netbanking,authentication_failed,3,14.26,PAYMENT_LINK,PAYMENT_LINK,2,True,2328.05,16.18
rec_84ecd2aee4f529,cust_27d415b60d77,pay_c81ee77d34b8c3,16,0.859,2,2336.64,INR,wallet,insufficient_funds,1,1.62,PAYMENT_LINK,,0,False,0.0,0.0
rec_b40f1f18c04a00,cust_27d415b60d77,pay_c81ee77d34b8c3,16,0.859,2,2336.64,INR,wallet,insufficient_funds,2,11.22,PAYMENT_LINK,PAYMENT_LINK,1,True,2336.64,13.02
rec_17c32ec613ab16,cust_ae38cf4647f8,pay_26eb088f75901d,34,0.762,8,2510.43,INR,upi,bank_timeout,1,0.85,RETRY,,0,False,0.0,0.0
rec_c54251eb50c1ce,cust_ae38cf4647f8,pay_26eb088f75901d,34,0.762,8,2510.43,INR,upi,bank_timeout,2,13.29,RETRY,RETRY,1,False,0.0,0.0
rec_301e5da2f44050,cust_ae38cf4647f8,pay_26eb088f75901d,34,0.762,8,2510.43,INR,upi,bank_timeout,3,29.51,ESCALATE,RETRY,2,False,0.0,0.0
rec_9ac6ce9fafb925,cust_ee5a88566791,pay_c5801d91dc1631,10,0.784,2,1387.67,INR,netbanking,bank_timeout,1,0.76,RETRY,,0,True,1387.67,2.86
rec_a7ed47d5463bb0,cust_9997496bc697,pay_3f710a1ac40feb,1,0.922,0,1490.4,INR,card,bank_timeout,1,1.39,RETRY,,0,True,1490.4,2.65
rec_8d53c40a86b0a2,cust_0dc781048c66,pay_37590e762ebf3f,3,0.718,1,2563.26,INR,upi,insufficient_funds,1,1.79,PAYMENT_LINK,,0,False,0.0,0.0
rec_d73a0e2d01550f,cust_0dc781048c66,pay_37590e762ebf3f,3,0.718,1,2563.26,INR,upi,insufficient_funds,2,6.87,ESCALATE,PAYMENT_LINK,1,True,2563.26,8.07
rec_1d44999bc4f094,cust_e723ada38c32,pay_e3abed80d9d5c3,15,0.858,2,1715.87,INR,upi,network_error,1,1.15,RETRY,,0,True,1715.87,3.33
rec_e0c6dd6365791c,cust_0dc781048c66,pay_36fb3f7af6bf38,3,0.718,1,31736.41,INR,card,network_error,1,0.91,REMINDER,,0,False,0.0,0.0
rec_b1e225714212af,cust_0dc781048c66,pay_36fb3f7af6bf38,3,0.718,1,31736.41,INR,card,network_error,2,11.91,REMINDER,REMINDER,1,True,31736.41,12.55
rec_3a5d38cc667bae,cust_9b5f8f39848b,pay_4faadd5b84d570,15,0.54,7,2715.04,INR,card,insufficient_funds,1,1.01,PAYMENT_LINK,,0,True,2715.04,2.94
rec_5eafe559145838,cust_92fbacf6d5d1,pay_9338eda62b2d1a,5,0.888,1,1317.98,INR,card,insufficient_funds,1,0.67,PAYMENT_LINK,,0,False,0.0,0.0
rec_61162d0db3faec,cust_92fbacf6d5d1,pay_9338eda62b2d1a,5,0.888,1,1317.98,INR,card,insufficient_funds,2,9.7,REMINDER,PAYMENT_LINK,1,False,0.0,0.0
rec_56fc295a577954,cust_a99f131849c8,pay_1e4677ae6196ec,14,0.395,8,1281.79,INR,card,bank_timeout,1,0.81,RETRY,,0,True,1281.79,2.69
rec_7ff4fb393b41e3,cust_247296a4ff38,pay_e8e67bc059c328,10,0.838,2,2275.25,INR,upi,bank_timeout,1,1.06,PAYMENT_LINK,,0,False,0.0,0.0
rec_01c72a9dfe12ec,cust_74ed51458d97,pay_4a41e22a32caa4,8,0.937,1,9089.93,INR,upi,insufficient_funds,1,1.98,PAYMENT_LINK,,0,True,9089.93,3.07
rec_19570f0cb0c259,cust_ad238d36dc32,pay_a4be4e4b69e5c6,2,0.312,1,17783.83,INR,upi,payment_method_issue,1,1.94,PAYMENT_LINK,,0,False,0.0,0.0
rec_fad6d030057f74,cust_d8f8001856fe,pay_be660c0571ece1,3,0.948,0,4868.93,INR,upi,bank_timeout,1,0.8,RETRY,,0,True,4868.93,2.9
rec_e43f374bdb2b80,cust_3ea6e5b20c76,pay_b754afdcc7e891,2,0.867,0,3765.3,INR,upi,payment_method_issue,1,0.16,PAYMENT_LINK,,0,False,0.0,0.0
rec_b6683f4654aa09,cust_03c72ba8d605,pay_8716b3ded0f587,24,0.714,7,8057.76,INR,card,network_error,1,1.0,RETRY,,0,True,8057.76,3.04
rec_79d9c4a1b25ae1,cust_e4ffc31a5b86,pay_4e0cad291fc5e8,1,0.542,0,8345.26,INR,card,insufficient_funds,1,1.52,PAYMENT_LINK,,0,True,8345.26,1.78
rec_111c3918dd45a2,cust_8d9957fa76fe,pay_6f643c79d840ef,17,0.732,5,1158.83,INR,upi,unknown,1,0.31,PAYMENT_LINK,,0,False,0.0,0.0
rec_c87ce81da98a22,cust_8d9957fa76fe,pay_6f643c79d840ef,17,0.732,5,1158.83,INR,upi,unknown,2,12.68,REMINDER,PAYMENT_LINK,1,False,0.0,0.0
rec_1e174c87ac959c,cust_8d9957fa76fe,pay_6f643c79d840ef,17,0.732,5,1158.83,INR,upi,unknown,3,19.23,ESCALATE,REMINDER,2,False,0.0,0.0
rec_474ba3406c2d10,cust_8d9957fa76fe,pay_6f643c79d840ef,17,0.732,5,1158.83,INR,upi,unknown,4,34.29,STOP,ESCALATE,3,False,0.0,0.0
rec_a7f70868a2e1cd,cust_868592d25fb6,pay_b7eb27377c8595,9,0.83,2,2874.54,INR,netbanking,bank_timeout,1,0.95,REMINDER,,0,True,2874.54,2.67
rec_a021a41d2c7995,cust_6994bf8450d3,pay_bd0a239abcd7bd,13,0.548,6,2597.02,INR,netbanking,network_error,1,1.89,RETRY,,0,False,0.0,0.0
rec_78cc99a6cf470c,cust_737335549e20,pay_3ec6f665cce807,7,0.781,2,1180.69,INR,card,unknown,1,1.65,PAYMENT_LINK,,0,False,0.0,0.0
rec_1febf83d8e070c,cust_737335549e20,pay_3ec6f665cce807,7,0.781,2,1180.69,INR,card,unknown,2,15.06,ESCALATE,PAYMENT_LINK,1,False,0.0,0.0
rec_8651d059d5f674,cust_ab3b4d37560c,pay_e2a06bd86a2057,3,0.822,1,965.97,INR,upi,network_error,1,0.28,RETRY,,0,True,965.97,2.12
rec_eedab4fe4cfa76,cust_115c42cd5147,pay_e3de00e3acd5b2,45,0.961,2,1863.65,INR,card,network_error,1,0.1,RETRY,,0,False,0.0,0.0
rec_ffd5f52d1a62de,cust_115c42cd5147,pay_e3de00e3acd5b2,45,0.961,2,1863.65,INR,card,network_error,2,8.52,PAYMENT_LINK,RETRY,1,False,0.0,0.0
rec_8bef4b48ead0a6,cust_5d0b042de9b1,pay_93999743c21c93,4,0.941,0,2439.68,INR,card,network_error,1,1.76,REMINDER,,0,False,0.0,0.0
rec_ffff450c7f3e1f,cust_5d0b042de9b1,pay_93999743c21c93,4,0.941,0,2439.68,INR,card,network_error,2,17.49,ESCALATE,REMINDER,1,False,0.0,0.0
rec_1627e3cf2825a0,cust_01aec50599a0,pay_acb885988f3fd6,11,0.815,2,9552.08,INR,upi,bank_timeout,1,1.16,RETRY,,0,True,9552.08,1.63
rec_5c4f59656e2d3c,cust_19e79a3de920,pay_07e221b9d40c46,10,0.706,3,656.59,INR,card,authentication_failed,1,1.95,PAYMENT_LINK,,0,True,656.59,3.78
rec_d440759a004c46,cust_91ddb9bf613d,pay_d435b914370abf,11,0.743,3,2991.89,INR,upi,insufficient_funds,1,0.86,REMINDER,,0,False,0.0,0.0
rec_bfcfb715c1cb98,cust_91ddb9bf613d,pay_d435b914370abf,11,0.743,3,2991.89,INR,upi,insufficient_funds,2,3.08,REMINDER,REMINDER,1,False,0.0,0.0
rec_852afbbb7cc76f,cust_91ddb9bf613d,pay_d435b914370abf,11,0.743,3,2991.89,INR,upi,insufficient_funds,3,14.58,STOP,REMINDER,2,False,0.0,0.0
rec_08fdd0ceb4d026,cust_62649ce8eab8,pay_831a0705a1aae0,23,0.916,2,6752.23,INR,upi,network_error,1,1.53,RETRY,,0,True,6752.23,3.54
rec_798aa772da3856,cust_02f865f82260,pay_457538a5812ded,22,0.979,0,2081.68,INR,upi,authentication_failed,1,0.68,PAYMENT_LINK,,0,True,2081.68,2.24
rec_7f97ebd8457d80,cust_4968fdf25760,pay_571ece45cfe416,7,0.769,2,1435.6,INR,upi,insufficient_funds,1,1.39,REMINDER,,0,True,1435.6,1.69
rec_d85c2ff420007b,cust_9be702abfac0,pay_ce7482caeb6041,12,0.472,6,1059.53,INR,upi,network_error,1,0.22,RETRY,,0,True,1059.53,2.66
rec_d1ecab32c67872,cust_3b5e2d657ce7,pay_586673414174d7,11,0.89,1,2792.93,INR,wallet,bank_timeout,1,0.12,PAYMENT_LINK,,0,False,0.0,0.0
rec_6ec426c1162793,cust_3b5e2d657ce7,pay_586673414174d7,11,0.89,1,2792.93,INR,wallet,bank_timeout,2,6.25,ESCALATE,PAYMENT_LINK,1,False,0.0,0.0
rec_1f46a4555e3b89,cust_3b5e2d657ce7,pay_586673414174d7,11,0.89,1,2792.93,INR,wallet,bank_timeout,3,16.49,PAYMENT_LINK,ESCALATE,2,True,2792.93,17.68
rec_31b203cb35783e,cust_7e2a9f7347df,pay_c2930d267b70a7,16,0.838,3,8341.99,INR,card,network_error,1,0.78,RETRY,,0,True,8341.99,2.71
rec_7f4e8eeb3817fe,cust_6553b15f1ea1,pay_4203e5dafe2f4f,13,0.747,3,1690.81,INR,card,insufficient_funds,1,1.57,PAYMENT_LINK,,0,True,1690.81,3.55
rec_352657bca7acc5,cust_e723ada38c32,pay_3538c7d6946930,15,0.858,2,851.62,INR,card,insufficient_funds,1,1.56,RETRY,,0,True,851.62,3.31
rec_660c33665dfc84,cust_adf4e62d6651,pay_02da1b64721e0a,24,0.373,15,734.04,INR,netbanking,bank_timeout,1,0.34,PAYMENT_LINK,,0,False,0.0,0.0
rec_8c240e9be40ee0,cust_adf4e62d6651,pay_02da1b64721e0a,24,0.373,15,734.04,INR,netbanking,bank_timeout,2,12.49,STOP,PAYMENT_LINK,1,False,0.0,0.0
rec_8a549fd862b975,cust_eade7b17b0d0,pay_76f9338544f63b,12,0.541,6,481.88,INR,upi,network_error,1,1.29,RETRY,,0,True,481.88,3.67
rec_6f6127a8284790,cust_ad2b2c8276a9,pay_5e9975464bb90c,7,0.711,2,6208.88,INR,card,technical_error,1,0.37,RETRY,,0,True,6208.88,0.97
rec_36a061058e5c16,cust_552734077cd2,pay_a115ce59253d7e,8,0.9,1,4783.97,INR,wallet,unknown,1,0.91,PAYMENT_LINK,,0,True,4783.97,3.32
rec_8282db58980766,cust_1dee4b6d3ce7,pay_74f1c6899a6d4c,22,0.887,2,8464.7,INR,netbanking,network_error,1,1.08,RETRY,,0,True,8464.7,1.19
rec_a34d2ee867a012,cust_7d9704fe8dca,pay_f6c58ec66bacd4,17,0.752,4,1214.85,INR,card,network_error,1,0.16,RETRY,,0,True,1214.85,2.44
rec_16ca77c89d9a70,cust_1fe771d6d917,pay_39209ed6752e9f,1,0.792,0,30780.08,INR,upi,technical_error,1,1.67,RETRY,,0,True,30780.08,3.09
rec_92a0768834b5bf,cust_17fc695a07a0,pay_2f692b3455bf39,14,0.288,10,2597.25,INR,upi,bank_timeout,1,0.72,RETRY,,0,False,0.0,0.0
rec_eabd7c895639a1,cust_17fc695a07a0,pay_2f692b3455bf39,14,0.288,10,2597.25,INR,upi,bank_timeout,2,13.55,PAYMENT_LINK,RETRY,1,False,0.0,0.0
rec_bd033fda264d4d,cust_7fcd9eb1a7ca,pay_590dc4bf90190c,3,0.636,1,2282.48,INR,upi,insufficient_funds,1,1.36,PAYMENT_LINK,,0,True,2282.48,2.61
rec_d3ab1c3fb45898,cust_5496f63cdc11,pay_ce819acfbc7e3e,1,0.764,0,47719.68,INR,upi,insufficient_funds,1,1.4,PAYMENT_LINK,,0,True,47719.68,3.4
rec_6e48582c84f738,cust_ebc78c063e9a,pay_81472a1eeb0a2f,6,0.868,1,1778.98,INR,upi,bank_timeout,1,1.37,RETRY,,0,True,1778.98,2.9
rec_781241bcaa1af0,cust_19e79a3de920,pay_35372547713ed7,10,0.706,3,40343.13,INR,upi,insufficient_funds,1,1.54,REMINDER,,0,False,0.0,0.0
rec_fde157367bfdf5,cust_19e79a3de920,pay_35372547713ed7,10,0.706,3,40343.13,INR,upi,insufficient_funds,2,11.77,REMINDER,REMINDER,1,False,0.0,0.0
rec_32a4d31a9976df,cust_19e79a3de920,pay_35372547713ed7,10,0.706,3,40343.13,INR,upi,insufficient_funds,3,20.66,PAYMENT_LINK,REMINDER,2,False,0.0,0.0
rec_d5dc3956931c28,cust_29d0c613b0c7,pay_c56afa5bf00dc3,5,0.859,1,8956.7,INR,upi,authentication_failed,1,0.13,PAYMENT_LINK,,0,True,8956.7,0.85
rec_07adb7299295ea,cust_d73aae7b47cc,pay_f5dcdf5fb04c6c,20,0.406,12,32503.27,INR,upi,payment_method_issue,1,1.51,RETRY,,0,False,0.0,0.0
rec_8ad5810c7147d0,cust_d73aae7b47cc,pay_f5dcdf5fb04c6c,20,0.406,12,32503.27,INR,upi,payment_method_issue,2,14.06,PAYMENT_LINK,RETRY,1,True,32503.27,16.53
rec_36ddcbc19e74cb,cust_8e6de263635a,pay_172fa76c714a79,4,0.652,1,2781.62,INR,upi,bank_timeout,1,0.95,RETRY,,0,True,2781.62,3.01
rec_4c54e2e338e815,cust_2dc091587b83,pay_0ec937c652c862,14,0.816,3,325.22,INR,netbanking,authentication_failed,1,1.67,PAYMENT_LINK,,0,True,325.22,3.29
rec_8bc035bb8567a9,cust_0123a348638a,pay_67dbfad487448c,1,0.755,0,694.05,INR,card,technical_error,1,1.4,PAYMENT_LINK,,0,False,0.0,0.0
rec_a835f6d11f5dd7,cust_8532fc74a998,pay_9f34b1456b6b66,15,0.784,3,1395.07,INR,netbanking,authentication_failed,1,0.21,PAYMENT_LINK,,0,True,1395.07,1.31
rec_b5cd169668a57f,cust_43d88870f81d,pay_2d6b5a302faee9,7,0.743,2,1145.48,INR,wallet,bank_timeout,1,1.19,RETRY,,0,False,0.0,0.0
rec_c9af27940adb10,cust_43d88870f81d,pay_2d6b5a302faee9,7,0.743,2,1145.48,INR,wallet,bank_timeout,2,11.23,RETRY,RETRY,1,True,1145.48,12.66
rec_dcd3cdccc4341b,cust_80599b9379c2,pay_38bb7df49a2853,8,0.537,4,1242.86,INR,netbanking,insufficient_funds,1,1.46,PAYMENT_LINK,,0,True,1242.86,2.28
rec_e945c1a517b76c,cust_a391ffdb8794,pay_7b5f2193dac5fd,7,0.407,4,1651.24,INR,card,technical_error,1,0.16,RETRY,,0,True,1651.24,1.35
rec_9359a8131eedac,cust_6b88f83dd97d,pay_a7717fb2ea1197,7,0.842,1,8379.64,INR,upi,network_error,1,0.32,RETRY,,0,True,8379.64,0.46
rec_25c951cdf2aaec,cust_096765693cb2,pay_38fd0c7997d66c,10,0.728,3,8187.49,INR,upi,bank_timeout,1,0.92,RETRY,,0,True,8187.49,1.0
rec_6c2d2f0099a441,cust_c36b9a0a41e0,pay_d5e867a3c04f88,22,0.883,3,44284.49,INR,netbanking,payment_method_issue,1,1.71,PAYMENT_LINK,,0,False,0.0,0.0
rec_c32d0d15130075,cust_c36b9a0a41e0,pay_d5e867a3c04f88,22,0.883,3,44284.49,INR,netbanking,payment_method_issue,2,5.05,STOP,PAYMENT_LINK,1,False,0.0,0.0
rec_ad1cea98df6ea5,cust_937bf79bbb44,pay_29c70a8b5a5f26,1,0.781,0,13600.38,INR,netbanking,technical_error,1,1.64,RETRY,,0,False,0.0,0.0
rec_6a1d95f8e7b5a4,cust_06ad7920aff7,pay_8e4079cc85aba4,4,0.765,1,631.6,INR,upi,authentication_failed,1,0.84,REMINDER,,0,False,0.0,0.0
rec_8deb04141e2d5c,cust_da5a8bc37331,pay_a6508bf4086737,3,0.895,0,365.73,INR,upi,unknown,1,0.8,RETRY,,0,False,0.0,0.0
rec_5b6ff793531574,cust_7862246c092e,pay_e6331c8114f55a,20,0.742,5,2242.62,INR,netbanking,network_error,1,1.58,RETRY,,0,True,2242.62,2.17
rec_9af50294b37c32,cust_53a755812bfc,pay_94afe8b97ecd61,13,0.716,4,4220.92,INR,upi,bank_timeout,1,0.32,RETRY,,0,True,4220.92,1.73
rec_d7b140e20c8832,cust_6e191042370b,pay_952a47ffe1a839,23,0.915,2,8699.39,INR,upi,insufficient_funds,1,1.14,PAYMENT_LINK,,0,True,8699.39,1.41
rec_8a868900e05e8d,cust_08ffeab00750,pay_67aaaf941f58d3,5,0.737,1,9983.77,INR,wallet,payment_method_issue,1,1.56,REMINDER,,0,False,0.0,0.0
rec_02f5428267689d,cust_16a9e518a55a,pay_1a2a3a8ee8338e,10,0.642,4,2451.44,INR,upi,bank_timeout,1,0.91,RETRY,,0,False,0.0,0.0
rec_ea201dc38bdfb1,cust_23cd8a4471e6,pay_d42161da55194b,36,0.919,3,31057.08,INR,upi,bank_timeout,1,1.89,RETRY,,0,True,31057.08,2.48
rec_6e5b285ae85f18,cust_2ce4599df924,pay_42052edf7cb358,3,0.563,1,2950.85,INR,card,bank_timeout,1,1.28,RETRY,,0,True,2950.85,3.44
rec_8641768f239473,cust_dc3bbdd8a74e,pay_889d8cdca089ac,6,0.885,1,1336.46,INR,upi,bank_timeout,1,1.24,RETRY,,0,True,1336.46,3.39
rec_f5129698722c6c,cust_66414954c798,pay_4b225d64fd3e14,4,0.744,1,6377.92,INR,upi,authentication_failed,1,0.13,RETRY,,0,False,0.0,0.0
rec_6f75793a662602,cust_66414954c798,pay_4b225d64fd3e14,4,0.744,1,6377.92,INR,upi,authentication_failed,2,8.34,PAYMENT_LINK,RETRY,1,True,6377.92,8.73
rec_d6d4f7ef284b73,cust_f6ba745ba558,pay_20a22ec985a7e9,7,0.914,1,2834.44,INR,netbanking,authentication_failed,1,1.3,PAYMENT_LINK,,0,True,2834.44,1.66
rec_33fcfd7df605aa,cust_65637d1f5763,pay_0b785ac84b9c36,9,0.702,3,2710.17,INR,netbanking,authentication_failed,1,0.35,RETRY,,0,False,0.0,0.0
rec_d966cd4ef4aea6,cust_54b586353dab,pay_d4c5be4f63e947,23,0.283,16,1657.8,INR,upi,authentication_failed,1,1.28,RETRY,,0,False,0.0,0.0
rec_5498e46f3a480b,cust_54b586353dab,pay_d4c5be4f63e947,23,0.283,16,1657.8,INR,upi,authentication_failed,2,4.19,RETRY,RETRY,1,True,1657.8,5.12
rec_01b26bec1fa2e8,cust_4bbe4aff9326,pay_83d95e361e788e,6,0.766,1,2770.92,INR,card,authentication_failed,1,1.68,REMINDER,,0,True,2770.92,2.04
rec_ed1dedcd89caa6,cust_702c1821c804,pay_455791ab94228d,14,0.313,10,45785.25,INR,card,bank_timeout,1,1.65,RETRY,,0,True,45785.25,3.81
rec_2609d490c19e83,cust_952d986c16db,pay_e82ccfd9b1d5ae,35,0.975,1,4771.51,INR,netbanking,insufficient_funds,1,1.69,REMINDER,,0,False,0.0,0.0
rec_378e045a17bd1f,cust_952d986c16db,pay_e82ccfd9b1d5ae,35,0.975,1,4771.51,INR,netbanking,insufficient_funds,2,5.24,PAYMENT_LINK,REMINDER,1,False,0.0,0.0
rec_84f20b1a7691ec,cust_785ca87b1f69,pay_beef6c30e6b520,1,0.836,0,1605.3,INR,upi,unknown,1,1.63,RETRY,,0,True,1605.3,4.06
rec_8094ad764cee12,cust_bdcf6fd488df,pay_37903886cf8e83,3,0.728,1,6254.6,INR,upi,unknown,1,1.57,REMINDER,,0,False,0.0,0.0
rec_262b0255a06017,cust_bdcf6fd488df,pay_37903886cf8e83,3,0.728,1,6254.6,INR,upi,unknown,2,11.93,REMINDER,REMINDER,1,True,6254.6,13.84
rec_5d92f083561eed,cust_8a45a905badf,pay_a3af5ce520d5bf,3,0.895,0,1114.42,INR,card,insufficient_funds,1,1.1,PAYMENT_LINK,,0,True,1114.42,1.26
rec_7ec1c04cf84953,cust_46c3c90cc92e,pay_f651a5eb82c2c4,2,0.476,1,218.92,INR,card,insufficient_funds,1,0.93,REMINDER,,0,False,0.0,0.0
rec_aa45baabb913d6,cust_46c3c90cc92e,pay_f651a5eb82c2c4,2,0.476,1,218.92,INR,card,insufficient_funds,2,7.72,REMINDER,REMINDER,1,False,0.0,0.0
rec_d2512894d78d91,cust_46c3c90cc92e,pay_f651a5eb82c2c4,2,0.476,1,218.92,INR,card,insufficient_funds,3,11.79,ESCALATE,REMINDER,2,False,0.0,0.0
rec_f466e6deca5486,cust_2d6b8a4e18a7,pay_308875879aab5c,24,0.818,4,2374.98,INR,upi,insufficient_funds,1,0.28,REMINDER,,0,True,2374.98,2.53
rec_3469f389ee7b99,cust_3139d32c93cd,pay_03e5cd741f2d0d,10,0.522,5,3734.58,INR,netbanking,insufficient_funds,1,1.22,PAYMENT_LINK,,0,True,3734.58,3.0
rec_d78d54c16ea077,cust_8761f9da0394,pay_7a9444d1d9a6f5,4,0.728,1,541.95,INR,netbanking,bank_timeout,1,1.66,PAYMENT_LINK,,0,False,0.0,0.0
rec_4d738fb7a21821,cust_8761f9da0394,pay_7a9444d1d9a6f5,4,0.728,1,541.95,INR,netbanking,bank_timeout,2,13.5,PAYMENT_LINK,PAYMENT_LINK,1,True,541.95,13.66
rec_0dbe742b6749de,cust_f2f5b1762c41,pay_5d428a457f0fc5,14,0.734,4,7884.64,INR,card,authentication_failed,1,0.89,PAYMENT_LINK,,0,True,7884.64,2.99
rec_eb79a7b1f3dc28,cust_d19eaf98b6b8,pay_5dc982461d9832,21,0.845,3,628.65,INR,upi,bank_timeout,1,0.93,RETRY,,0,True,628.65,1.69
rec_e0bd6240bce0c9,cust_dedab0276550,pay_3aa711b52fabe6,23,0.865,3,5893.44,INR,upi,payment_method_issue,1,0.93,PAYMENT_LINK,,0,True,5893.44,1.74
rec_66f7ac985a6ebd,cust_8f3dc97fe6b0,pay_769c617f8e3a33,6,0.809,1,1519.48,INR,netbanking,bank_timeout,1,0.97,RETRY,,0,False,0.0,0.0
rec_d438ebbe94be48,cust_277fecc6196b,pay_f65ce64360ac0a,5,0.842,1,4458.49,INR,wallet,technical_error,1,0.33,PAYMENT_LINK,,0,False,0.0,0.0
rec_2a3f9aff8984f4,cust_277fecc6196b,pay_f65ce64360ac0a,5,0.842,1,4458.49,INR,wallet,technical_error,2,17.18,ESCALATE,PAYMENT_LINK,1,False,0.0,0.0
rec_b554204842ecf2,cust_277fecc6196b,pay_f65ce64360ac0a,5,0.842,1,4458.49,INR,wallet,technical_error,3,26.87,ESCALATE,ESCALATE,2,False,0.0,0.0
rec_b8cfea4e4ca324,cust_277fecc6196b,pay_f65ce64360ac0a,5,0.842,1,4458.49,INR,wallet,technical_error,4,41.52,STOP,ESCALATE,3,False,0.0,0.0
rec_3b4afedffd10c3,cust_01a4c2d14edf,pay_ff9096f4961323,2,0.96,0,8129.28,INR,upi,bank_timeout,1,0.86,RETRY,,0,False,0.0,0.0
rec_570da126ff9c78,cust_01a4c2d14edf,pay_ff9096f4961323,2,0.96,0,8129.28,INR,upi,bank_timeout,2,4.37,PAYMENT_LINK,RETRY,1,False,0.0,0.0
rec_df7790c3077265,cust_d8f8001856fe,pay_ffea1eeae0d70d,3,0.948,0,513.9,INR,upi,insufficient_funds,1,1.73,PAYMENT_LINK,,0,False,0.0,0.0
rec_4e92f23704dbae,cust_d8f8001856fe,pay_ffea1eeae0d70d,3,0.948,0,513.9,INR,upi,insufficient_funds,2,9.95,PAYMENT_LINK,PAYMENT_LINK,1,True,513.9,10.22
rec_a01bc630ce7628,cust_70be96304a63,pay_6052e329ca0e8e,6,0.708,2,2858.13,INR,card,network_error,1,1.48,REMINDER,,0,False,0.0,0.0
rec_7fe8730e3f2a9c,cust_70be96304a63,pay_6052e329ca0e8e,6,0.708,2,2858.13,INR,card,network_error,2,14.84,REMINDER,REMINDER,1,False,0.0,0.0
rec_9165911e5db934,cust_7688d11fce47,pay_c3580e4c356517,8,0.382,5,4740.79,INR,upi,insufficient_funds,1,1.04,REMINDER,,0,False,0.0,0.0
rec_4f004e22c68af5,cust_7688d11fce47,pay_c3580e4c356517,8,0.382,5,4740.79,INR,upi,insufficient_funds,2,6.39,ESCALATE,REMINDER,1,False,0.0,0.0
rec_9b9926123352eb,cust_78946a15c342,pay_95b70a3112ae68,24,0.802,5,2367.4,INR,wallet,bank_timeout,1,1.14,RETRY,,0,True,2367.4,2.39
rec_bfd79d5f2ef52e,cust_8a713a73fdee,pay_67f26386d97a76,5,0.907,0,2623.48,INR,card,bank_timeout,1,0.53,RETRY,,0,False,0.0,0.0
rec_e84d61e9d1bbdb,cust_3a9c43081221,pay_c215821f280238,21,0.436,12,2978.9,INR,upi,bank_timeout,1,1.74,RETRY,,0,False,0.0,0.0
rec_a0fbb1e1d6d8cd,cust_3a9c43081221,pay_c215821f280238,21,0.436,12,2978.9,INR,upi,bank_timeout,2,16.91,RETRY,RETRY,1,False,0.0,0.0
rec_73bc35a3631947,cust_d029733c9e55,pay_16ed9108f4aa12,25,0.515,12,2735.06,INR,card,network_error,1,0.15,REMINDER,,0,False,0.0,0.0
rec_2e64ca5dcd0bf1,cust_d029733c9e55,pay_16ed9108f4aa12,25,0.515,12,2735.06,INR,card,network_error,2,5.05,PAYMENT_LINK,REMINDER,1,False,0.0,0.0
rec_1a82cc30780e94,cust_ec993c800b7d,pay_3945c74b4e38b2,12,0.445,7,3514.21,INR,upi,insufficient_funds,1,1.18,RETRY,,0,False,0.0,0.0
rec_9e39582271a57d,cust_ec993c800b7d,pay_3945c74b4e38b2,12,0.445,7,3514.21,INR,upi,insufficient_funds,2,13.81,RETRY,RETRY,1,False,0.0,0.0
rec_ae690e2b1d9a06,cust_ec993c800b7d,pay_3945c74b4e38b2,12,0.445,7,3514.21,INR,upi,insufficient_funds,3,18.94,ESCALATE,RETRY,2,False,0.0,0.0
rec_7fc779bead0993,cust_ec993c800b7d,pay_3945c74b4e38b2,12,0.445,7,3514.21,INR,upi,insufficient_funds,4,26.31,STOP,ESCALATE,3,False,0.0,0.0
rec_10160de4c11b6c,cust_a175a9c3d7b1,pay_baeb99342ed1b3,35,0.914,3,6723.38,INR,netbanking,authentication_failed,1,1.07,PAYMENT_LINK,,0,True,6723.38,2.69
rec_b2657cedf2eaa1,cust_a8f8687bb766,pay_9ade04deac6dca,15,0.607,6,2835.94,INR,upi,unknown,1,1.01,REMINDER,,0,False,0.0,0.0
rec_0d124a8a7f05ed,cust_a8f8687bb766,pay_9ade04deac6dca,15,0.607,6,2835.94,INR,upi,unknown,2,17.66,STOP,REMINDER,1,False,0.0,0.0
rec_71c776d784ab8b,cust_f8d8b7f1c86c,pay_7d70c952267f59,14,0.833,2,1578.83,INR,upi,technical_error,1,1.76,PAYMENT_LINK,,0,False,0.0,0.0
rec_43dc2248a20d27,cust_f8d8b7f1c86c,pay_7d70c952267f59,14,0.833,2,1578.83,INR,upi,technical_error,2,14.25,PAYMENT_LINK,PAYMENT_LINK,1,False,0.0,0.0
rec_5d52cfd5c64fa5,cust_06dee37b7d15,pay_d78aa4e95a846e,2,0.709,1,9644.49,INR,card,insufficient_funds,1,0.58,PAYMENT_LINK,,0,False,0.0,0.0
rec_d092e7b5ce02c1,cust_5f2019ea3cd6,pay_016c639ba5bf82,5,0.816,1,963.1,INR,netbanking,authentication_failed,1,0.86,REMINDER,,0,True,963.1,3.06
rec_1ef10ccd9b6f01,cust_3756999b251a,pay_c5d9a51508546b,3,0.836,0,31949.08,INR,card,authentication_failed,1,0.48,RETRY,,0,False,0.0,0.0
rec_46d59102eb36b2,cust_3756999b251a,pay_c5d9a51508546b,3,0.836,0,31949.08,INR,card,authentication_failed,2,6.44,REMINDER,RETRY,1,True,31949.08,8.3
rec_50711ea9078120,cust_b0e6a969e213,pay_35831d717566ae,10,0.703,3,2447.21,INR,card,insufficient_funds,1,1.47,PAYMENT_LINK,,0,False,0.0,0.0
rec_fbc35bfeb1106d,cust_e5b015b44a84,pay_685936ef24228f,8,0.739,2,844.29,INR,upi,authentication_failed,1,0.92,PAYMENT_LINK,,0,True,844.29,1.66
rec_b56e2a210dbe59,cust_95dad216a6cd,pay_098f4aebbedd7a,14,0.801,3,2581.14,INR,wallet,payment_method_issue,1,0.47,REMINDER,,0,True,2581.14,1.34
rec_4c8d35ce644915,cust_7a9e8394bb4c,pay_11df72d2d0d2cb,10,0.445,6,447.61,INR,card,authentication_failed,1,0.19,PAYMENT_LINK,,0,False,0.0,0.0
rec_78262f74a243d5,cust_7a9e8394bb4c,pay_11df72d2d0d2cb,10,0.445,6,447.61,INR,card,authentication_failed,2,17.82,PAYMENT_LINK,PAYMENT_LINK,1,False,0.0,0.0
rec_406996a0437a5b,cust_7a9e8394bb4c,pay_11df72d2d0d2cb,10,0.445,6,447.61,INR,card,authentication_failed,3,23.05,PAYMENT_LINK,PAYMENT_LINK,2,True,447.61,25.14
rec_2ef4d78eafae9a,cust_1eac41d9801f,pay_5f0746c1a7c1ca,11,0.281,8,2849.15,INR,upi,bank_timeout,1,0.75,REMINDER,,0,False,0.0,0.0
rec_8721a8cedc57f9,cust_1eac41d9801f,pay_5f0746c1a7c1ca,11,0.281,8,2849.15,INR,upi,bank_timeout,2,9.31,PAYMENT_LINK,REMINDER,1,False,0.0,0.0
rec_d89c8969a2f23f,cust_1eac41d9801f,pay_5f0746c1a7c1ca,11,0.281,8,2849.15,INR,upi,bank_timeout,3,18.84,REMINDER,PAYMENT_LINK,2,False,0.0,0.0
rec_2ead67149986df,cust_1eac41d9801f,pay_5f0746c1a7c1ca,11,0.281,8,2849.15,INR,upi,bank_timeout,4,35.47,STOP,REMINDER,3,False,0.0,0.0
rec_bc85fa40b32b83,cust_8b0901abc66d,pay_ec250fe8662d2c,18,0.732,5,810.58,INR,card,bank_timeout,1,0.98,RETRY,,0,True,810.58,1.76
rec_a4245d9fd85360,cust_6d84414df541,pay_8023f539ef6791,2,0.444,1,1135.51,INR,upi,network_error,1,0.12,PAYMENT_LINK,,0,False,0.0,0.0
rec_092b041d7ef71a,cust_6d84414df541,pay_8023f539ef6791,2,0.444,1,1135.51,INR,upi,network_error,2,7.93,ESCALATE,PAYMENT_LINK,1,False,0.0,0.0
rec_6ecfe167368b8a,cust_d82010d1f4c8,pay_ae44582d89b002,14,0.957,1,6972.31,INR,upi,authentication_failed,1,0.47,PAYMENT_LINK,,0,False,0.0,0.0
rec_3eaf05b4818c7f,cust_cac8d87ea689,pay_adab3072b0aa63,16,0.747,4,1013.95,INR,card,bank_timeout,1,0.45,RETRY,,0,True,1013.95,1.61
rec_0aa9504de3859c,cust_c05e5adeb303,pay_419ec43efc6c57,2,0.943,0,2854.02,INR,upi,network_error,1,0.72,PAYMENT_LINK,,0,False,0.0,0.0
rec_37325a7f966e81,cust_c05e5adeb303,pay_419ec43efc6c57,2,0.943,0,2854.02,INR,upi,network_error,2,11.53,REMINDER,PAYMENT_LINK,1,False,0.0,0.0
rec_e97e225fd55a08,cust_e723ada38c32,pay_760f1514089ee1,15,0.858,2,6345.68,INR,card,network_error,1,0.75,RETRY,,0,True,6345.68,2.62
rec_f813ddba43c5d1,cust_b836c448ad26,pay_a88cabba991e2b,20,0.823,4,6429.88,INR,card,payment_method_issue,1,1.66,PAYMENT_LINK,,0,False,0.0,0.0
rec_ddcb32bb255e41,cust_67213a7017d5,pay_a485d43c98e4dc,7,0.877,1,2448.09,INR,card,network_error,1,0.21,RETRY,,0,False,0.0,0.0
rec_8465d576eeeb75,cust_fdf02450585b,pay_8ef504c817ea3d,1,0.4,1,24401.95,INR,card,bank_timeout,1,0.25,RETRY,,0,True,24401.95,2.74
rec_5be1e450842607,cust_75b17a55d426,pay_1fdbaf7adfde55,21,0.969,1,3292.79,INR,card,unknown,1,1.83,PAYMENT_LINK,,0,False,0.0,0.0
rec_15ab577ddba748,cust_d1fcdedd6102,pay_345eee44e28dcf,33,0.784,7,1670.22,INR,upi,insufficient_funds,1,1.46,PAYMENT_LINK,,0,False,0.0,0.0
rec_dece969783e572,cust_d1fcdedd6102,pay_345eee44e28dcf,33,0.784,7,1670.22,INR,upi,insufficient_funds,2,12.03,REMINDER,PAYMENT_LINK,1,False,0.0,0.0
rec_e7bf5cb05627b6,cust_4c80d33aad5b,pay_5ae3a07a963dde,2,0.8,0,3886.2,INR,card,technical_error,1,0.79,RETRY,,0,True,3886.2,2.13
rec_d3162db903d006,cust_664fa6637e8f,pay_8367c2d1efd612,7,0.754,2,1384.02,INR,upi,technical_error,1,0.72,RETRY,,0,True,1384.02,1.02
rec_06d9e2ee551a89,cust_fa60ede1e5eb,pay_95cfe765481f1f,3,0.905,0,10962.98,INR,netbanking,network_error,1,1.07,RETRY,,0,True,10962.98,1.83
rec_2254a932b638e4,cust_b8875caf1991,pay_58bf597c5c71d3,3,0.861,0,8412.01,INR,upi,payment_method_issue,1,0.8,PAYMENT_LINK,,0,False,0.0,0.0
rec_728752ed83aa1b,cust_eefb2a247169,pay_4cce7196546989,7,0.744,2,2540.82,INR,upi,payment_method_issue,1,0.62,PAYMENT_LINK,,0,True,2540.82,2.4
rec_91b67a234f7f85,cust_5b58eb49c978,pay_cfb93e61cfee8f,3,0.555,1,1868.18,INR,upi,bank_timeout,1,0.22,RETRY,,0,True,1868.18,2.68
rec_5d30005d5473cf,cust_93acb00e32ee,pay_ec09b2f243e0f9,1,0.943,0,11033.5,INR,upi,bank_timeout,1,1.39,RETRY,,0,False,0.0,0.0
rec_25c437d47da651,cust_f692641a9aad,pay_2b3397f1ee1cf2,7,0.7,2,6878.33,INR,card,network_error,1,0.14,PAYMENT_LINK,,0,False,0.0,0.0
rec_486d4aed56c7b5,cust_639c4c6c2926,pay_1010a064ce2620,5,0.895,1,43046.73,INR,wallet,network_error,1,0.48,REMINDER,,0,False,0.0,0.0
rec_a9df3155f848cd,cust_b09d721b62be,pay_4a2fae54ca517a,3,0.969,0,1941.96,INR,card,technical_error,1,1.85,REMINDER,,0,False,0.0,0.0
rec_f8754b4cb308f5,cust_b09d721b62be,pay_4a2fae54ca517a,3,0.969,0,1941.96,INR,card,technical_error,2,7.29,PAYMENT_LINK,REMINDER,1,False,0.0,0.0
rec_9cddef42c84612,cust_b09d721b62be,pay_4a2fae54ca517a,3,0.969,0,1941.96,INR,card,technical_error,3,23.06,REMINDER,PAYMENT_LINK,2,False,0.0,0.0
rec_5230fce98f24cf,cust_beb799193f22,pay_be6adc96cdb454,7,0.452,4,282.91,INR,upi,network_error,1,0.66,RETRY,,0,False,0.0,0.0
rec_093a5d376b9474,cust_bfbf397bac3e,pay_74f04bc0943eec,19,0.85,3,823.59,INR,upi,payment_method_issue,1,1.58,RETRY,,0,False,0.0,0.0
rec_59aaae048bdbbc,cust_bfbf397bac3e,pay_74f04bc0943eec,19,0.85,3,823.59,INR,upi,payment_method_issue,2,11.96,STOP,RETRY,1,False,0.0,0.0
rec_9c705735087144,cust_5422ea97e32a,pay_1686d8c8fac1bd,7,0.915,1,1240.06,INR,upi,bank_timeout,1,0.25,PAYMENT_LINK,,0,True,1240.06,0.7
rec_f19231792b6843,cust_29b01062d2e5,pay_b5263f493cc3ea,7,0.465,4,1796.86,INR,card,authentication_failed,1,0.45,REMINDER,,0,True,1796.86,1.87
rec_cdec28d1d7e40d,cust_c0b6fce2de53,pay_3614cf939d6c97,44,0.895,5,992.31,INR,netbanking,authentication_failed,1,1.53,PAYMENT_LINK,,0,True,992.31,3.41
rec_07ad2ae1d92570,cust_5cabcc97663f,pay_83336fe84c89cc,10,0.864,1,4670.35,INR,card,network_error,1,0.93,RETRY,,0,False,0.0,0.0
rec_9969d2b07eb213,cust_5cabcc97663f,pay_83336fe84c89cc,10,0.864,1,4670.35,INR,card,network_error,2,7.05,REMINDER,RETRY,1,True,4670.35,8.78
rec_169b9f03a9eb9c,cust_bf0418a9f276,pay_c8eeeaad9808bb,8,0.95,0,7664.55,INR,upi,authentication_failed,1,0.94,PAYMENT_LINK,,0,True,7664.55,1.75
rec_f109508e029ee2,cust_78946a15c342,pay_379c2a7a9c1fc7,24,0.802,5,33623.25,INR,upi,bank_timeout,1,1.64,RETRY,,0,True,33623.25,2.04
rec_f56fc67d105a34,cust_647ac5915da6,pay_c24e1ca5955582,10,0.458,5,1754.45,INR,upi,insufficient_funds,1,1.55,PAYMENT_LINK,,0,False,0.0,0.0
rec_c81088d8939806,cust_647ac5915da6,pay_c24e1ca5955582,10,0.458,5,1754.45,INR,upi,insufficient_funds,2,17.91,REMINDER,PAYMENT_LINK,1,False,0.0,0.0
rec_0da0ba2a451453,cust_22b5f4571860,pay_a151277ea66194,4,0.684,1,36532.59,INR,card,authentication_failed,1,0.36,PAYMENT_LINK,,0,True,36532.59,1.6
rec_9588ff3c53ee80,cust_c5ba36affb60,pay_83c224ac342921,20,0.287,14,2774.77,INR,upi,unknown,1,1.93,RETRY,,0,False,0.0,0.0
rec_a99fa70e7308f8,cust_c5ba36affb60,pay_83c224ac342921,20,0.287,14,2774.77,INR,upi,unknown,2,10.09,RETRY,RETRY,1,False,0.0,0.0
rec_bfa4f6c8a31fa0,cust_5c39b57dbc0d,pay_5f30e7b8fb1c1f,15,0.617,6,7143.37,INR,upi,network_error,1,0.2,RETRY,,0,False,0.0,0.0
rec_4055e0bde1ffdb,cust_02b3c9484db6,pay_f0cdba2741650e,20,0.802,4,4933.52,INR,upi,bank_timeout,1,0.99,RETRY,,0,False,0.0,0.0
rec_f894331b925799,cust_a6fd0cb116e6,pay_26a30e644ab5fb,40,0.881,5,2116.99,INR,upi,bank_timeout,1,1.46,RETRY,,0,True,2116.99,1.71
rec_d53c95282f856d,cust_c81a5f0f1b1b,pay_cdf18511058e44,7,0.936,0,1246.39,INR,card,bank_timeout,1,1.77,RETRY,,0,True,1246.39,2.46
rec_8c4795b834572d,cust_e8f60796f200,pay_79cd96c1eddb5b,2,0.574,1,6696.81,INR,wallet,bank_timeout,1,1.03,RETRY,,0,False,0.0,0.0
rec_9d98235d816256,cust_e8f60796f200,pay_79cd96c1eddb5b,2,0.574,1,6696.81,INR,wallet,bank_timeout,2,4.56,PAYMENT_LINK,RETRY,1,False,0.0,0.0
rec_680bbe76c4415b,cust_5571276b3347,pay_09c4dfe90b1051,32,0.72,9,554.35,INR,card,insufficient_funds,1,0.97,REMINDER,,0,False,0.0,0.0
rec_59f1e37c2e20f4,cust_5571276b3347,pay_09c4dfe90b1051,32,0.72,9,554.35,INR,card,insufficient_funds,2,8.76,REMINDER,REMINDER,1,True,554.35,9.14
rec_1f9ddfb05dc48d,cust_171726543b99,pay_cd4102051cf1c7,2,0.9,0,1085.28,INR,wallet,technical_error,1,0.19,RETRY,,0,True,1085.28,2.03
rec_ff93602f4852fb,cust_22f9cafe2eb2,pay_c04cb7bf98681b,17,0.432,10,2689.45,INR,card,insufficient_funds,1,1.22,RETRY,,0,False,0.0,0.0
rec_69f03ffee7820d,cust_84d67c4ff0df,pay_152ad1783eeea8,3,0.899,0,6991.23,INR,card,bank_timeout,1,0.89,RETRY,,0,True,6991.23,1.48
rec_24db70c40eb496,cust_84e3b774569a,pay_c349263f6b241f,11,0.974,0,1469.33,INR,card,bank_timeout,1,0.97,RETRY,,0,True,1469.33,2.56
rec_1375bd91f4f987,cust_7580e4e95945,pay_e3a6801e01f8dd,41,0.819,7,46329.17,INR,netbanking,payment_method_issue,1,1.85,PAYMENT_LINK,,0,False,0.0,0.0
rec_6210f992d971c2,cust_7580e4e95945,pay_e3a6801e01f8dd,41,0.819,7,46329.17,INR,netbanking,payment_method_issue,2,16.21,STOP,PAYMENT_LINK,1,False,0.0,0.0
rec_48290817879c11,cust_b2a0f778809d,pay_33de3631994ccf,5,0.851,1,11746.55,INR,card,network_error,1,1.19,RETRY,,0,True,11746.55,2.78
rec_457b1a0725dd25,cust_0f67a1740023,pay_def1855014f770,8,0.377,5,5977.62,INR,netbanking,payment_method_issue,1,1.21,RETRY,,0,False,0.0,0.0
rec_b5c8c6e152afb8,cust_1af026df3f64,pay_874004dabff7e2,16,0.9,2,8652.72,INR,upi,network_error,1,1.19,RETRY,,0,True,8652.72,3.14
rec_5e493434c5b1ea,cust_5d0b042de9b1,pay_1939045550e97f,4,0.941,0,818.8,INR,card,network_error,1,1.47,RETRY,,0,True,818.8,1.54
rec_76614b81c94a48,cust_3ea6e5b20c76,pay_0d8d2944ded9c3,2,0.867,0,2493.97,INR,netbanking,bank_timeout,1,1.57,RETRY,,0,True,2493.97,3.19
rec_d1db8feda0a97c,cust_9339304b9a8c,pay_1c7f690c0fbda7,3,0.899,0,6069.08,INR,upi,authentication_failed,1,1.15,REMINDER,,0,False,0.0,0.0
rec_5fc5ce278a00f0,cust_9339304b9a8c,pay_1c7f690c0fbda7,3,0.899,0,6069.08,INR,upi,authentication_failed,2,12.2,REMINDER,REMINDER,1,False,0.0,0.0
rec_58df8fd5af8587,cust_59a1120e1bb4,pay_71c776cb9ae9ce,11,0.884,1,1191.9,INR,card,payment_method_issue,1,0.55,PAYMENT_LINK,,0,True,1191.9,2.32
rec_41f8a080d10e19,cust_ea8104ad75e2,pay_9b488a0b60e064,10,0.912,1,4702.84,INR,upi,bank_timeout,1,1.22,RETRY,,0,True,4702.84,1.34
rec_a9f86b67057e06,cust_714c7df4e434,pay_b7a5eb3cb446ee,14,0.512,7,5664.14,INR,wallet,insufficient_funds,1,0.38,REMINDER,,0,False,0.0,0.0
rec_42ce41ce9398bc,cust_714c7df4e434,pay_b7a5eb3cb446ee,14,0.512,7,5664.14,INR,wallet,insufficient_funds,2,10.34,STOP,REMINDER,1,False,0.0,0.0
rec_20f08b3cc2950e,cust_c4c7aab4ca20,pay_780eabae03295e,1,0.764,0,2013.49,INR,upi,authentication_failed,1,1.47,PAYMENT_LINK,,0,False,0.0,0.0
rec_f59ef621d1af62,cust_c4c7aab4ca20,pay_780eabae03295e,1,0.764,0,2013.49,INR,upi,authentication_failed,2,19.12,ESCALATE,PAYMENT_LINK,1,False,0.0,0.0
rec_925f9b67d82527,cust_a0970ff4dc42,pay_dd7803c1dc5985,19,0.83,3,528.11,INR,wallet,payment_method_issue,1,1.6,PAYMENT_LINK,,0,False,0.0,0.0
rec_32410617df52cf,cust_a0970ff4dc42,pay_dd7803c1dc5985,19,0.83,3,528.11,INR,wallet,payment_method_issue,2,3.66,REMINDER,PAYMENT_LINK,1,False,0.0,0.0
rec_470c386315aa1a,cust_abcec90f70ec,pay_2b07d815aab18e,5,0.777,1,1164.23,INR,netbanking,network_error,1,1.41,PAYMENT_LINK,,0,False,0.0,0.0
rec_f5771042e1855e,cust_abcec90f70ec,pay_2b07d815aab18e,5,0.777,1,1164.23,INR,netbanking,network_error,2,14.15,REMINDER,PAYMENT_LINK,1,False,0.0,0.0
rec_cc5402b4b20360,cust_0a76bd919e7f,pay_a7f21a19a5c138,14,0.299,10,8399.08,INR,upi,insufficient_funds,1,1.93,REMINDER,,0,False,0.0,0.0
rec_5aa65fb8097383,cust_0a76bd919e7f,pay_a7f21a19a5c138,14,0.299,10,8399.08,INR,upi,insufficient_funds,2,12.94,PAYMENT_LINK,REMINDER,1,False,0.0,0.0
rec_0b7d80f95a0964,cust_50ee7a92a091,pay_66b983745e4f21,10,0.875,1,2795.88,INR,netbanking,payment_method_issue,1,1.36,REMINDER,,0,False,0.0,0.0
rec_86628c3ab8f469,cust_50ee7a92a091,pay_66b983745e4f21,10,0.875,1,2795.88,INR,netbanking,payment_method_issue,2,4.14,PAYMENT_LINK,REMINDER,1,True,2795.88,6.02
rec_edb2b0619d3d70,cust_2d54ff2b10ee,pay_1ee2c3e88a9540,7,0.977,0,2245.3,INR,upi,authentication_failed,1,1.07,PAYMENT_LINK,,0,True,2245.3,1.7
rec_0fc3d695333cd4,cust_e3386d523483,pay_8cd121e8a79437,10,0.558,4,1702.73,INR,card,authentication_failed,1,1.22,PAYMENT_LINK,,0,True,1702.73,1.36
rec_3ecd0223138883,cust_a505da9c46e7,pay_1f82bdfb93f336,6,0.388,4,2466.6,INR,card,bank_timeout,1,0.9,RETRY,,0,True,2466.6,2.61
rec_2bf2350eb08615,cust_171603b17466,pay_5228e8ca0a2396,3,0.9,0,7773.32,INR,upi,network_error,1,1.59,RETRY,,0,False,0.0,0.0
rec_1f49d7c15e4ecb,cust_39d2d74a71a7,pay_8c822081c68a94,5,0.787,1,21636.58,INR,upi,bank_timeout,1,1.16,PAYMENT_LINK,,0,False,0.0,0.0
rec_70c45bc5152c17,cust_39d2d74a71a7,pay_8c822081c68a94,5,0.787,1,21636.58,INR,upi,bank_timeout,2,10.39,REMINDER,PAYMENT_LINK,1,True,21636.58,10.75
rec_f726d24c535e3d,cust_a92f85fe258f,pay_eec58bcce7d9b0,27,0.53,13,883.03,INR,upi,network_error,1,1.64,PAYMENT_LINK,,0,False,0.0,0.0
rec_1431528a9002e0,cust_a92f85fe258f,pay_eec58bcce7d9b0,27,0.53,13,883.03,INR,upi,network_error,2,11.36,REMINDER,PAYMENT_LINK,1,False,0.0,0.0
rec_e661ea7e240664,cust_c36b9a0a41e0,pay_ab586163202355,22,0.883,3,1044.07,INR,card,insufficient_funds,1,1.06,PAYMENT_LINK,,0,True,1044.07,1.97
rec_19b51f73939d3b,cust_4d560a3df4e7,pay_83fc5866458c6b,13,0.876,2,2403.21,INR,upi,network_error,1,0.81,ESCALATE,,0,True,2403.21,2.36
rec_441a0c4145c833,cust_d009550707fc,pay_75eaa8fbca7e6b,1,0.705,0,42649.68,INR,upi,insufficient_funds,1,0.86,PAYMENT_LINK,,0,False,0.0,0.0
rec_dbacee2f255a27,cust_d009550707fc,pay_75eaa8fbca7e6b,1,0.705,0,42649.68,INR,upi,insufficient_funds,2,15.69,PAYMENT_LINK,PAYMENT_LINK,1,False,0.0,0.0
rec_47458e95594b76,cust_d009550707fc,pay_75eaa8fbca7e6b,1,0.705,0,42649.68,INR,upi,insufficient_funds,3,25.48,ESCALATE,PAYMENT_LINK,2,False,0.0,0.0
rec_27d6f1f5f59a44,cust_f7b217c7ae92,pay_005b8b64f52d67,8,0.446,4,1667.8,INR,card,authentication_failed,1,1.32,RETRY,,0,False,0.0,0.0
rec_f407c3d7f89c03,cust_f7b217c7ae92,pay_005b8b64f52d67,8,0.446,4,1667.8,INR,card,authentication_failed,2,15.52,RETRY,RETRY,1,False,0.0,0.0
rec_494a7487697b34,cust_3de667f9bfc4,pay_e342dc1980b750,2,0.81,0,3906.71,INR,card,authentication_failed,1,1.72,PAYMENT_LINK,,0,True,3906.71,2.0
rec_cb051bf8402b48,cust_1c3efda4689b,pay_4d48870d2ff7e6,35,0.967,1,6008.91,INR,card,insufficient_funds,1,0.41,RETRY,,0,False,0.0,0.0
rec_7d7d2f7c0103ea,cust_1c3efda4689b,pay_4d48870d2ff7e6,35,0.967,1,6008.91,INR,card,insufficient_funds,2,8.64,REMINDER,RETRY,1,True,6008.91,10.32
rec_b88291910cb1c1,cust_4991ab9bebc2,pay_aa99b6a33f01b9,25,0.719,7,972.35,INR,upi,bank_timeout,1,1.91,RETRY,,0,False,0.0,0.0
rec_86867a7792181d,cust_4991ab9bebc2,pay_aa99b6a33f01b9,25,0.719,7,972.35,INR,upi,bank_timeout,2,14.5,PAYMENT_LINK,RETRY,1,False,0.0,0.0
rec_1b504d43a2135d,cust_30cbd7556232,pay_fec6418593fdb2,22,0.357,14,3975.2,INR,card,bank_timeout,1,0.59,RETRY,,0,True,3975.2,2.88
rec_5c127211645e6b,cust_02bdeabe7060,pay_0aa6a29883bc85,11,0.611,4,24822.85,INR,card,technical_error,1,1.1,RETRY,,0,True,24822.85,1.68
rec_79339fa8ba1e73,cust_ce88cb2dd4e8,pay_fb039d53572de5,5,0.96,0,42404.12,INR,card,payment_method_issue,1,1.42,PAYMENT_LINK,,0,True,42404.12,2.97
rec_4534a7d79b8bf4,cust_785ca87b1f69,pay_2d7c60c1544603,1,0.836,0,5736.16,INR,card,bank_timeout,1,1.21,RETRY,,0,True,5736.16,1.65
rec_0176f8102761cf,cust_54c7743b2401,pay_c046c19501c041,42,0.858,6,2482.59,INR,wallet,network_error,1,0.85,RETRY,,0,True,2482.59,2.99
rec_85443479f5d9e9,cust_98f6fd7f7eb1,pay_1baaa5f007d0ba,41,0.799,8,2691.08,INR,card,authentication_failed,1,1.06,PAYMENT_LINK,,0,False,0.0,0.0
rec_6a956959e9c399,cust_823c7ef9cd85,pay_12f867828b33cc,4,0.612,2,4321.88,INR,card,network_error,1,0.34,RETRY,,0,True,4321.88,2.72
rec_37bd0ad8232c40,cust_73b0d6763527,pay_1fae590493a389,8,0.85,1,48732.28,INR,card,bank_timeout,1,0.32,PAYMENT_LINK,,0,True,48732.28,0.52
rec_650050154075d5,cust_8f026c2c1b41,pay_c47b0bfa889b56,32,0.773,7,2900.0,INR,card,authentication_failed,1,1.87,REMINDER,,0,True,2900.0,3.7
rec_0a1323efccc26a,cust_157511addbea,pay_a1361c2714e887,2,0.834,0,2384.0,INR,card,bank_timeout,1,0.57,PAYMENT_LINK,,0,True,2384.0,1.21
rec_6d361110e65765,cust_d3073198bc3e,pay_c5d376db4f998d,8,0.813,1,2771.4,INR,card,unknown,1,1.87,REMINDER,,0,False,0.0,0.0
rec_e0632508b367a1,cust_d3073198bc3e,pay_c5d376db4f998d,8,0.813,1,2771.4,INR,card,unknown,2,15.2,STOP,REMINDER,1,False,0.0,0.0
rec_dabec72a5ed0a0,cust_35b8726ce462,pay_1335bd822253f4,13,0.862,2,2019.81,INR,card,insufficient_funds,1,1.41,RETRY,,0,False,0.0,0.0
rec_6fd694ff10923d,cust_4e0f89b95f18,pay_c11b9af2cdcc26,2,0.711,1,2615.24,INR,wallet,bank_timeout,1,1.62,RETRY,,0,True,2615.24,2.73
rec_383325b82f6e86,cust_5c39b57dbc0d,pay_abc0e19197b555,15,0.617,6,697.07,INR,wallet,insufficient_funds,1,1.48,REMINDER,,0,False,0.0,0.0
rec_9399512282e3da,cust_5c39b57dbc0d,pay_abc0e19197b555,15,0.617,6,697.07,INR,wallet,insufficient_funds,2,12.37,PAYMENT_LINK,REMINDER,1,False,0.0,0.0
rec_759c8c8fd58e15,cust_5c39b57dbc0d,pay_abc0e19197b555,15,0.617,6,697.07,INR,wallet,insufficient_funds,3,17.42,REMINDER,PAYMENT_LINK,2,True,697.07,19.11
rec_9a223fd39d3bf3,cust_a55fa725bcb3,pay_e277b64e7a6506,7,0.811,1,46906.5,INR,card,authentication_failed,1,0.54,PAYMENT_LINK,,0,False,0.0,0.0
rec_941efa01ae8360,cust_a55fa725bcb3,pay_e277b64e7a6506,7,0.811,1,46906.5,INR,card,authentication_failed,2,8.42,PAYMENT_LINK,PAYMENT_LINK,1,False,0.0,0.0
rec_b50516a14ffd78,cust_a55fa725bcb3,pay_e277b64e7a6506,7,0.811,1,46906.5,INR,card,authentication_failed,3,19.91,ESCALATE,PAYMENT_LINK,2,False,0.0,0.0
rec_93ef3396a89b7c,cust_7367c28de1b2,pay_7822ed38d0aa1e,4,0.616,2,49872.09,INR,card,insufficient_funds,1,0.11,RETRY,,0,False,0.0,0.0
rec_60bd0ea874c0e9,cust_7367c28de1b2,pay_7822ed38d0aa1e,4,0.616,2,49872.09,INR,card,insufficient_funds,2,11.86,RETRY,RETRY,1,False,0.0,0.0
rec_2bdb4b39bf8d7a,cust_ec191606a57d,pay_c4c952d820101b,8,0.704,2,1730.14,INR,card,insufficient_funds,1,1.2,REMINDER,,0,True,1730.14,1.93
rec_ebb43d161c1784,cust_243113fd8e19,pay_19cf722c562e7e,16,0.966,1,2568.1,INR,card,bank_timeout,1,0.72,RETRY,,0,True,2568.1,1.28
rec_55ce011dda7f1c,cust_8de08fc2c3e1,pay_7f7556f9692503,4,0.858,1,499.31,INR,card,technical_error,1,1.87,PAYMENT_LINK,,0,False,0.0,0.0
rec_f5319da6f5e5f9,cust_4c9bff5ce188,pay_7f22fba53cc309,6,0.729,2,11150.49,INR,card,insufficient_funds,1,0.9,RETRY,,0,False,0.0,0.0
rec_376b30452c283f,cust_4c9bff5ce188,pay_7f22fba53cc309,6,0.729,2,11150.49,INR,card,insufficient_funds,2,3.53,REMINDER,RETRY,1,False,0.0,0.0
rec_bde198a1717054,cust_36965c84cb08,pay_148690f7841597,45,0.738,12,2682.16,INR,netbanking,technical_error,1,1.34,RETRY,,0,False,0.0,0.0
rec_12133d641eb8a9,cust_36965c84cb08,pay_148690f7841597,45,0.738,12,2682.16,INR,netbanking,technical_error,2,14.25,REMINDER,RETRY,1,False,0.0,0.0
rec_ff0e46f4042255,cust_2dbb45bd2138,pay_94d2f8d0f2af86,2,0.719,1,2319.78,INR,upi,technical_error,1,0.23,PAYMENT_LINK,,0,True,2319.78,2.71
rec_826a17bb18744f,cust_8f026c2c1b41,pay_0dc856a63da0fe,32,0.773,7,9588.03,INR,card,unknown,1,1.79,RETRY,,0,False,0.0,0.0
rec_b71b7fc75f4a02,cust_8f026c2c1b41,pay_0dc856a63da0fe,32,0.773,7,9588.03,INR,card,unknown,2,16.61,PAYMENT_LINK,RETRY,1,False,0.0,0.0
rec_8cd6d040a26885,cust_b27c40266703,pay_11563f5b21056f,16,0.787,3,1051.74,INR,upi,bank_timeout,1,0.27,RETRY,,0,False,0.0,0.0
rec_aa0f03354fb71c,cust_acab8b695ba3,pay_310a1455a1e0c3,17,0.73,5,378.85,INR,upi,authentication_failed,1,1.74,PAYMENT_LINK,,0,True,378.85,1.84
rec_3c027c081f38af,cust_ad5229dd639f,pay_4e31031d4e8995,1,0.767,0,320.49,INR,card,technical_error,1,1.63,RETRY,,0,True,320.49,3.22
rec_dc51ee4ac14906,cust_439db29d4bc8,pay_923bc8227488f8,2,0.765,0,331.51,INR,upi,unknown,1,0.38,PAYMENT_LINK,,0,False,0.0,0.0
rec_c7f66ab7cb7f47,cust_439db29d4bc8,pay_923bc8227488f8,2,0.765,0,331.51,INR,upi,unknown,2,18.31,REMINDER,PAYMENT_LINK,1,False,0.0,0.0
rec_37bda64d1045f8,cust_41c7d9b3db9c,pay_e42725249993b1,23,0.737,6,11468.49,INR,upi,network_error,1,1.82,RETRY,,0,True,11468.49,2.94
rec_5c7a9f0046608c,cust_fef97d573c77,pay_ca328ebf20f88e,3,0.799,1,1702.73,INR,upi,authentication_failed,1,1.27,REMINDER,,0,True,1702.73,2.56
rec_f63b2c0f7fa64b,cust_59e7703a70aa,pay_8054a1debd4065,2,0.702,1,1626.46,INR,netbanking,authentication_failed,1,1.6,PAYMENT_LINK,,0,True,1626.46,3.01
rec_8a11bab8fc0588,cust_0496179588cc,pay_ba5897ee4fcb77,17,0.944,1,5231.78,INR,upi,bank_timeout,1,1.77,RETRY,,0,True,5231.78,4.04
rec_3a57e6fe691ba6,cust_c5c5ae8abe15,pay_23e4beafb86519,4,0.747,1,2720.48,INR,netbanking,authentication_failed,1,1.56,PAYMENT_LINK,,0,True,2720.48,2.38
rec_a61d0ed9aeb47c,cust_0dc781048c66,pay_23e8e6800228ad,3,0.718,1,40077.02,INR,wallet,bank_timeout,1,0.77,RETRY,,0,True,40077.02,2.5
rec_868fe763dfe105,cust_21ec47541cf1,pay_51d1fedfac7c2b,23,0.882,3,2822.52,INR,netbanking,insufficient_funds,1,1.88,REMINDER,,0,True,2822.52,3.08
rec_0257943baa847e,cust_5cbad4100256,pay_2a2c8f9de0712f,2,0.91,0,11077.39,INR,card,unknown,1,0.3,PAYMENT_LINK,,0,False,0.0,0.0
rec_f84b8619c28332,cust_5cbad4100256,pay_2a2c8f9de0712f,2,0.91,0,11077.39,INR,card,unknown,2,17.11,PAYMENT_LINK,PAYMENT_LINK,1,False,0.0,0.0
rec_ab2dbaaa5df7b5,cust_5cbad4100256,pay_2a2c8f9de0712f,2,0.91,0,11077.39,INR,card,unknown,3,20.2,PAYMENT_LINK,PAYMENT_LINK,2,True,11077.39,21.24
rec_f5bde84b262098,cust_8ab5a7999e63,pay_478c91acf18ed5,10,0.857,1,2684.62,INR,wallet,unknown,1,1.15,RETRY,,0,False,0.0,0.0
rec_0f2de6397f606d,cust_8ab5a7999e63,pay_478c91acf18ed5,10,0.857,1,2684.62,INR,wallet,unknown,2,10.08,RETRY,RETRY,1,False,0.0,0.0
rec_396082414b33b3,cust_e8f60796f200,pay_1508b722785329,2,0.574,1,242.88,INR,card,insufficient_funds,1,1.58,PAYMENT_LINK,,0,True,242.88,1.75
rec_c13820b90f51cc,cust_b0e6a969e213,pay_4ed65164227564,10,0.703,3,8934.66,INR,upi,authentication_failed,1,1.27,RETRY,,0,False,0.0,0.0
rec_fb8c799f836fe9,cust_b0e6a969e213,pay_4ed65164227564,10,0.703,3,8934.66,INR,upi,authentication_failed,2,6.69,RETRY,RETRY,1,False,0.0,0.0
rec_ae1a309eef554b,cust_be9063fb64b5,pay_e0db93089844e3,1,0.848,0,11401.49,INR,upi,insufficient_funds,1,1.7,REMINDER,,0,True,11401.49,3.04
rec_14a7091a983cc6,cust_171e16cc5da3,pay_fa43c7bbc48eca,16,0.676,5,579.52,INR,card,insufficient_funds,1,0.78,PAYMENT_LINK,,0,True,579.52,1.14
rec_cb402706d0012d,cust_74f76d09739c,pay_456f25c03ee831,9,0.596,4,2324.0,INR,card,network_error,1,0.39,PAYMENT_LINK,,0,False,0.0,0.0
rec_e0163b1c17669e,cust_74f76d09739c,pay_456f25c03ee831,9,0.596,4,2324.0,INR,card,network_error,2,17.87,REMINDER,PAYMENT_LINK,1,False,0.0,0.0
rec_11039e7ea3119c,cust_74f76d09739c,pay_456f25c03ee831,9,0.596,4,2324.0,INR,card,network_error,3,30.26,PAYMENT_LINK,REMINDER,2,True,2324.0,32.32
rec_29f8a38e43c883,cust_35ebd32d9ad6,pay_6111fe2d071bcd,2,0.855,0,485.89,INR,upi,authentication_failed,1,0.49,PAYMENT_LINK,,0,True,485.89,0.72
rec_af77a587f69c2e,cust_3a2516fe8a27,pay_a76b9d80700fa7,9,0.787,2,21285.58,INR,upi,technical_error,1,1.17,RETRY,,0,True,21285.58,1.52
rec_890a697b51153d,cust_a45ca94a3452,pay_9c71aebdb725f1,1,0.783,0,2255.76,INR,upi,network_error,1,1.11,RETRY,,0,True,2255.76,3.03
rec_8e1eff0558eb1b,cust_953b0f1fea3e,pay_a422c6ccb84736,1,0.78,0,3540.24,INR,card,technical_error,1,1.2,RETRY,,0,True,3540.24,3.21
rec_df73a6480baa8c,cust_05c8234b1d76,pay_0e539f2282dc6f,15,0.784,3,11541.06,INR,upi,authentication_failed,1,1.76,PAYMENT_LINK,,0,True,11541.06,4.08
rec_7e0a096e792e30,cust_b91633574b1b,pay_afa5ef5f95fe26,12,0.539,6,8674.07,INR,upi,bank_timeout,1,0.59,RETRY,,0,True,8674.07,1.08
rec_22be550fec8693,cust_714011a1afc2,pay_46024eece8e52e,16,0.742,4,939.72,INR,upi,bank_timeout,1,0.91,RETRY,,0,True,939.72,2.35
rec_dd8729e4a6ce6b,cust_94fd0594ecf9,pay_bde11274f5d50b,7,0.855,1,6277.39,INR,card,bank_timeout,1,0.98,PAYMENT_LINK,,0,False,0.0,0.0
rec_c173550317b350,cust_1e69d7ef08b3,pay_19c5e478953302,11,0.526,5,260.99,INR,netbanking,bank_timeout,1,0.4,PAYMENT_LINK,,0,True,260.99,0.94
rec_e48ba51af025bd,cust_ee5a88566791,pay_dabc36199d4fa1,10,0.784,2,20457.56,INR,netbanking,network_error,1,0.99,RETRY,,0,False,0.0,0.0
rec_c61b216564ed08,cust_ee5a88566791,pay_dabc36199d4fa1,10,0.784,2,20457.56,INR,netbanking,network_error,2,15.69,REMINDER,RETRY,1,False,0.0,0.0
rec_8e8b26f775bdeb,cust_c73323044822,pay_d3426658a62a6c,6,0.683,2,2104.11,INR,upi,authentication_failed,1,0.57,PAYMENT_LINK,,0,True,2104.11,2.94
rec_5ab64d5ce5567d,cust_46426c458d03,pay_6d68c2353e27fd,28,0.36,18,2582.26,INR,upi,insufficient_funds,1,0.89,RETRY,,0,False,0.0,0.0
rec_bab68460707fb8,cust_fbc8c77e2933,pay_81cf999fbba8e6,2,0.756,0,4559.71,INR,upi,network_error,1,1.04,RETRY,,0,False,0.0,0.0
rec_e6f8df7d47a4e1,cust_fbc8c77e2933,pay_81cf999fbba8e6,2,0.756,0,4559.71,INR,upi,network_error,2,4.74,PAYMENT_LINK,RETRY,1,False,0.0,0.0
rec_ea0aba28aa68ba,cust_fbc8c77e2933,pay_81cf999fbba8e6,2,0.756,0,4559.71,INR,upi,network_error,3,7.12,PAYMENT_LINK,PAYMENT_LINK,2,False,0.0,0.0
rec_8d6c25a729d2a7,cust_f27f3ad74890,pay_eb0a0a80689d9d,10,0.901,1,9394.43,INR,upi,insufficient_funds,1,0.18,PAYMENT_LINK,,0,False,0.0,0.0
rec_01ad3eb359a7b1,cust_f27f3ad74890,pay_eb0a0a80689d9d,10,0.901,1,9394.43,INR,upi,insufficient_funds,2,8.22,REMINDER,PAYMENT_LINK,1,False,0.0,0.0
rec_b7d9cd26fa3083,cust_ae38cf4647f8,pay_882a66d5219a0e,34,0.762,8,4457.42,INR,upi,authentication_failed,1,1.39,PAYMENT_LINK,,0,False,0.0,0.0
rec_74f146e6e157c1,cust_0c90e0284185,pay_6b850d90e66126,22,0.847,3,2423.85,INR,card,authentication_failed,1,0.7,RETRY,,0,False,0.0,0.0
rec_2a46397bc1afe7,cust_ad8cc85c5355,pay_8520a93870c25f,1,0.713,0,35100.41,INR,upi,authentication_failed,1,0.25,PAYMENT_LINK,,0,True,35100.41,1.23
rec_117b01df7f28ef,cust_3ea6e5b20c76,pay_405a81d8a06b80,2,0.867,0,38482.12,INR,upi,technical_error,1,1.37,PAYMENT_LINK,,0,False,0.0,0.0
rec_79ef6c270d3ece,cust_0dc5fb068d58,pay_f8372e301c84a0,6,0.679,2,707.24,INR,upi,authentication_failed,1,0.22,PAYMENT_LINK,,0,False,0.0,0.0
rec_3a4cdc8ee7912c,cust_0dc5fb068d58,pay_f8372e301c84a0,6,0.679,2,707.24,INR,upi,authentication_failed,2,12.18,ESCALATE,PAYMENT_LINK,1,False,0.0,0.0
rec_ff68307fe99640,cust_b836c448ad26,pay_315960cbfd28d0,20,0.823,4,5476.41,INR,card,insufficient_funds,1,0.75,REMINDER,,0,False,0.0,0.0
rec_69772fbc263d9c,cust_b836c448ad26,pay_315960cbfd28d0,20,0.823,4,5476.41,INR,card,insufficient_funds,2,8.72,REMINDER,REMINDER,1,False,0.0,0.0
rec_070b7f772c3e08,cust_b836c448ad26,pay_315960cbfd28d0,20,0.823,4,5476.41,INR,card,insufficient_funds,3,19.43,PAYMENT_LINK,REMINDER,2,False,0.0,0.0
rec_21a3c03409ad6f,cust_ca10b4996802,pay_281862b3df14ca,30,0.946,2,16607.83,INR,upi,network_error,1,0.63,RETRY,,0,True,16607.83,1.47
rec_0385d09832552d,cust_687213f98d60,pay_9ee4f965cf8972,12,0.744,3,45958.68,INR,upi,insufficient_funds,1,0.77,PAYMENT_LINK,,0,False,0.0,0.0
rec_00c642f5dd1d06,cust_687213f98d60,pay_9ee4f965cf8972,12,0.744,3,45958.68,INR,upi,insufficient_funds,2,15.87,REMINDER,PAYMENT_LINK,1,False,0.0,0.0
rec_b35ef82c84033b,cust_fb8fe8c4d8b4,pay_5612872b7700dd,30,0.979,1,2872.28,INR,upi,bank_timeout,1,0.52,RETRY,,0,True,2872.28,1.61
rec_640d354a3f83fb,cust_7a36e788f71f,pay_568cb2fb8a8cb8,2,0.877,0,12186.66,INR,card,network_error,1,0.68,RETRY,,0,False,0.0,0.0
rec_45384b248dae66,cust_02ead2df7256,pay_720008f320c06a,2,0.879,0,1400.9,INR,card,authentication_failed,1,0.34,PAYMENT_LINK,,0,True,1400.9,2.76
rec_e77d0c0c92f14a,cust_c79ddb62c379,pay_f4558bdeae962d,18,0.914,2,11159.98,INR,card,authentication_failed,1,0.83,RETRY,,0,False,0.0,0.0
rec_e2fba491c08d5a,cust_c79ddb62c379,pay_f4558bdeae962d,18,0.914,2,11159.98,INR,card,authentication_failed,2,7.41,PAYMENT_LINK,RETRY,1,False,0.0,0.0
rec_508dea87886c08,cust_6307d4d121c9,pay_8e504c86710dfe,10,0.684,3,8037.7,INR,netbanking,insufficient_funds,1,1.07,RETRY,,0,False,0.0,0.0
rec_a547f8186531d5,cust_6307d4d121c9,pay_8e504c86710dfe,10,0.684,3,8037.7,INR,netbanking,insufficient_funds,2,10.21,REMINDER,RETRY,1,False,0.0,0.0
rec_f31a21ef4a2993,cust_6307d4d121c9,pay_8e504c86710dfe,10,0.684,3,8037.7,INR,netbanking,insufficient_funds,3,25.19,REMINDER,REMINDER,2,False,0.0,0.0
rec_5b3b5572441699,cust_8bae295e902a,pay_943d84e4a732ca,18,0.903,2,1910.22,INR,card,insufficient_funds,1,0.2,PAYMENT_LINK,,0,True,1910.22,2.32
rec_cd42d024117a49,cust_5c7ae8efc324,pay_ed22238825b032,51,0.731,14,11839.59,INR,wallet,insufficient_funds,1,0.13,PAYMENT_LINK,,0,True,11839.59,1.62
rec_f2d42229f81235,cust_698f546d5f29,pay_9474a74ac94f6c,6,0.978,0,1408.91,INR,upi,authentication_failed,1,1.54,REMINDER,,0,False,0.0,0.0
rec_5d3c989824177c,cust_698f546d5f29,pay_9474a74ac94f6c,6,0.978,0,1408.91,INR,upi,authentication_failed,2,15.14,REMINDER,REMINDER,1,True,1408.91,16.03
rec_245109123befd8,cust_084d7822da94,pay_128689bcfd2f96,1,0.883,0,896.67,INR,card,network_error,1,0.97,RETRY,,0,False,0.0,0.0
rec_9490c1a401c4ab,cust_084d7822da94,pay_128689bcfd2f96,1,0.883,0,896.67,INR,card,network_error,2,14.26,PAYMENT_LINK,RETRY,1,False,0.0,0.0
rec_f9bcd06ee903dd,cust_e04872dc744d,pay_df50607fe01e42,40,0.817,7,1574.1,INR,upi,insufficient_funds,1,1.25,PAYMENT_LINK,,0,True,1574.1,3.53
rec_70f1df49cd7dd2,cust_737335549e20,pay_3065758ea77c01,7,0.781,2,1642.63,INR,upi,payment_method_issue,1,0.61,REMINDER,,0,False,0.0,0.0
rec_45b91b527fac17,cust_737335549e20,pay_3065758ea77c01,7,0.781,2,1642.63,INR,upi,payment_method_issue,2,15.67,PAYMENT_LINK,REMINDER,1,True,1642.63,15.83
rec_48a1551bf33724,cust_8de08fc2c3e1,pay_3d574d80c98497,4,0.858,1,1445.39,INR,wallet,network_error,1,1.49,PAYMENT_LINK,,0,False,0.0,0.0
rec_7d630ec0b53728,cust_0413ffc7173a,pay_ba6be41ea90a91,36,0.783,8,10628.4,INR,upi,authentication_failed,1,1.43,RETRY,,0,False,0.0,0.0
rec_d555c60a5fe979,cust_0413ffc7173a,pay_ba6be41ea90a91,36,0.783,8,10628.4,INR,upi,authentication_failed,2,16.23,RETRY,RETRY,1,False,0.0,0.0
rec_8025591380cc06,cust_f8eaca362f99,pay_4a5c3d612634a3,3,0.714,1,9519.9,INR,card,insufficient_funds,1,1.03,PAYMENT_LINK,,0,True,9519.9,1.35
rec_28c25180eb161b,cust_1440adec1243,pay_afa0eeaf421bf2,5,0.86,1,429.04,INR,card,bank_timeout,1,0.52,PAYMENT_LINK,,0,False,0.0,0.0
rec_dc755ad2362cd8,cust_1440adec1243,pay_afa0eeaf421bf2,5,0.86,1,429.04,INR,card,bank_timeout,2,4.48,REMINDER,PAYMENT_LINK,1,True,429.04,5.66
rec_bbed34111c474d,cust_1a4828030204,pay_b7e766204a1a98,3,0.933,0,1631.08,INR,netbanking,insufficient_funds,1,0.96,PAYMENT_LINK,,0,False,0.0,0.0
rec_96cf072d8c4d6a,cust_1a4828030204,pay_b7e766204a1a98,3,0.933,0,1631.08,INR,netbanking,insufficient_funds,2,18.17,REMINDER,PAYMENT_LINK,1,True,1631.08,18.24
rec_794d31e1d10101,cust_15661feb05c5,pay_66e0e965194668,11,0.962,0,9647.29,INR,card,authentication_failed,1,1.03,REMINDER,,0,True,9647.29,3.08
rec_ed33ec9e521676,cust_a93e7b5b1e4a,pay_7b0c65ef406fed,3,0.801,1,13781.93,INR,card,bank_timeout,1,1.38,PAYMENT_LINK,,0,True,13781.93,2.5
rec_13b6994c6e5e30,cust_65637d1f5763,pay_92bef5f6499ac9,9,0.702,3,7674.67,INR,upi,authentication_failed,1,1.05,PAYMENT_LINK,,0,True,7674.67,1.78
rec_cce76e4061415b,cust_3756999b251a,pay_6a06007d0a6441,3,0.836,0,4531.51,INR,netbanking,insufficient_funds,1,1.39,PAYMENT_LINK,,0,False,0.0,0.0
rec_09948df1958b43,cust_3756999b251a,pay_6a06007d0a6441,3,0.836,0,4531.51,INR,netbanking,insufficient_funds,2,11.05,PAYMENT_LINK,PAYMENT_LINK,1,False,0.0,0.0
rec_cd0c75861cae8a,cust_793228b9ad8a,pay_3f46a53b41c706,23,0.491,12,448.09,INR,upi,unknown,1,1.66,REMINDER,,0,False,0.0,0.0
rec_697d4c42315f19,cust_82c299f07487,pay_5a8843ed668619,1,0.861,0,1687.98,INR,card,authentication_failed,1,0.81,PAYMENT_LINK,,0,True,1687.98,1.12
rec_540381a13dd54b,cust_714011a1afc2,pay_f42597f7b51f76,16,0.742,4,1087.67,INR,netbanking,payment_method_issue,1,1.77,PAYMENT_LINK,,0,False,0.0,0.0
rec_117b917a401605,cust_639c4c6c2926,pay_9e1cdf79e9f336,5,0.895,1,2653.95,INR,upi,bank_timeout,1,1.7,RETRY,,0,True,2653.95,3.57
rec_dc5797c9438444,cust_6483b0e79c3c,pay_f1ce142753b7a1,4,0.838,1,11135.62,INR,upi,authentication_failed,1,1.52,REMINDER,,0,False,0.0,0.0
rec_2b09f48ef2f037,cust_6483b0e79c3c,pay_f1ce142753b7a1,4,0.838,1,11135.62,INR,upi,authentication_failed,2,10.31,REMINDER,REMINDER,1,False,0.0,0.0
rec_232bdf0d48b16c,cust_6483b0e79c3c,pay_f1ce142753b7a1,4,0.838,1,11135.62,INR,upi,authentication_failed,3,21.78,REMINDER,REMINDER,2,False,0.0,0.0
rec_752396ff9700b8,cust_6483b0e79c3c,pay_f1ce142753b7a1,4,0.838,1,11135.62,INR,upi,authentication_failed,4,30.69,REMINDER,REMINDER,3,False,0.0,0.0
rec_adff336d0ee17d,cust_e606d7c21e18,pay_9b301c38d6a522,5,0.825,1,3437.5,INR,netbanking,bank_timeout,1,1.34,PAYMENT_LINK,,0,False,0.0,0.0
rec_2090a056dd26e1,cust_e606d7c21e18,pay_9b301c38d6a522,5,0.825,1,3437.5,INR,netbanking,bank_timeout,2,15.93,REMINDER,PAYMENT_LINK,1,False,0.0,0.0
rec_ea44735919d1e9,cust_e606d7c21e18,pay_9b301c38d6a522,5,0.825,1,3437.5,INR,netbanking,bank_timeout,3,31.32,PAYMENT_LINK,REMINDER,2,False,0.0,0.0
rec_0a9d7e8f927730,cust_e606d7c21e18,pay_9b301c38d6a522,5,0.825,1,3437.5,INR,netbanking,bank_timeout,4,35.38,STOP,PAYMENT_LINK,3,False,0.0,0.0
rec_cabfe4eca1d5df,cust_9e35836f66aa,pay_bb2373595a1260,44,0.896,5,4543.7,INR,card,unknown,1,0.61,RETRY,,0,True,4543.7,1.48
rec_5038f779505a5c,cust_04022b3c5082,pay_095611955a5191,28,0.709,8,1005.26,INR,upi,insufficient_funds,1,0.71,PAYMENT_LINK,,0,True,1005.26,1.34
rec_f46b566cc28d30,cust_011bb3488981,pay_48a84b3ad6933c,3,0.779,1,965.23,INR,card,bank_timeout,1,0.64,PAYMENT_LINK,,0,True,965.23,1.89
rec_1606a6df33c425,cust_04022b3c5082,pay_f110b1923f2b21,28,0.709,8,350.5,INR,upi,payment_method_issue,1,1.17,PAYMENT_LINK,,0,True,350.5,1.23
rec_7d511b32387a02,cust_8cfb137ca89e,pay_18a0141e7bf59c,3,0.772,1,4565.01,INR,upi,network_error,1,0.56,PAYMENT_LINK,,0,False,0.0,0.0
rec_719dbc81209503,cust_8cfb137ca89e,pay_18a0141e7bf59c,3,0.772,1,4565.01,INR,upi,network_error,2,9.54,PAYMENT_LINK,PAYMENT_LINK,1,False,0.0,0.0
rec_1b534472ed3fa2,cust_8cfb137ca89e,pay_18a0141e7bf59c,3,0.772,1,4565.01,INR,upi,network_error,3,17.25,STOP,PAYMENT_LINK,2,False,0.0,0.0
rec_2de2279c442959,cust_5b58eb49c978,pay_2e026c5c18ea3b,3,0.555,1,27439.08,INR,card,payment_method_issue,1,0.57,REMINDER,,0,False,0.0,0.0
rec_8a22d653bda8a9,cust_0a4e5b70a6d9,pay_11a849e8f63340,100,0.882,12,2813.46,INR,card,payment_method_issue,1,1.68,PAYMENT_LINK,,0,True,2813.46,2.12
rec_38968e310b1c56,cust_7eb27900ed5d,pay_2e51cb1981164c,4,0.822,1,10311.21,INR,upi,bank_timeout,1,1.78,PAYMENT_LINK,,0,False,0.0,0.0
rec_58bd3a81710cfb,cust_7eb27900ed5d,pay_2e51cb1981164c,4,0.822,1,10311.21,INR,upi,bank_timeout,2,10.98,PAYMENT_LINK,PAYMENT_LINK,1,False,0.0,0.0
rec_d54ec6a50899c6,cust_f5504c5249d2,pay_50a7a8135cd56c,27,0.722,8,2775.24,INR,wallet,technical_error,1,0.26,RETRY,,0,False,0.0,0.0
rec_16be62f2991926,cust_f5504c5249d2,pay_50a7a8135cd56c,27,0.722,8,2775.24,INR,wallet,technical_error,2,17.08,PAYMENT_LINK,RETRY,1,False,0.0,0.0
rec_40bce9dc17c89a,cust_6e8d0018a04d,pay_3088f44b405da4,2,0.444,1,2653.35,INR,upi,insufficient_funds,1,0.5,REMINDER,,0,False,0.0,0.0
rec_a0902bd4d8e0b0,cust_a2ef0f538138,pay_b5219376ec5b95,8,0.87,1,356.85,INR,upi,bank_timeout,1,1.79,RETRY,,0,True,356.85,2.23
rec_a256c145363263,cust_8cca89632e2e,pay_ab2cece251d1ce,8,0.947,0,356.86,INR,netbanking,bank_timeout,1,1.53,RETRY,,0,True,356.86,3.78
rec_071e8de9a77b20,cust_d12daea8673d,pay_6c93b0bfdc478d,43,0.762,10,7282.6,INR,upi,insufficient_funds,1,0.86,PAYMENT_LINK,,0,True,7282.6,2.52
rec_c56efa11d2831e,cust_25f88c7453ea,pay_3772f988a341c5,22,0.711,6,2191.87,INR,netbanking,insufficient_funds,1,1.6,PAYMENT_LINK,,0,False,0.0,0.0
rec_7ebd95eb50071e,cust_25f88c7453ea,pay_3772f988a341c5,22,0.711,6,2191.87,INR,netbanking,insufficient_funds,2,4.64,PAYMENT_LINK,PAYMENT_LINK,1,True,2191.87,5.18
rec_53c3f674688c1f,cust_a8f8687bb766,pay_83c1a4edfd4510,15,0.607,6,2404.3,INR,netbanking,authentication_failed,1,1.18,REMINDER,,0,False,0.0,0.0
rec_16993c9f23c187,cust_ce88cb2dd4e8,pay_a3fc1bfaedb961,5,0.96,0,46897.51,INR,card,bank_timeout,1,1.51,RETRY,,0,True,46897.51,2.23
rec_0b89f5c669c84e,cust_1f5d988f776a,pay_20bce07be32634,2,0.857,0,2249.59,INR,card,insufficient_funds,1,1.22,REMINDER,,0,True,2249.59,1.59
rec_9eb3f8990421d0,cust_09b7fdf77d8d,pay_4e90030f6dfd21,54,0.467,29,716.68,INR,netbanking,bank_timeout,1,0.25,RETRY,,0,False,0.0,0.0
rec_abd2029bfa9bd3,cust_09b7fdf77d8d,pay_4e90030f6dfd21,54,0.467,29,716.68,INR,netbanking,bank_timeout,2,14.72,PAYMENT_LINK,RETRY,1,False,0.0,0.0
rec_b75f619816424d,cust_09b7fdf77d8d,pay_4e90030f6dfd21,54,0.467,29,716.68,INR,netbanking,bank_timeout,3,19.76,PAYMENT_LINK,PAYMENT_LINK,2,False,0.0,0.0
rec_89daf06b77c436,cust_7dffe27d9b12,pay_915919a84e3c96,17,0.736,4,571.64,INR,card,insufficient_funds,1,0.92,REMINDER,,0,True,571.64,2.45
rec_b015d2cb4f00e9,cust_b22f2e910411,pay_c063e60c4b4762,5,0.704,1,1481.14,INR,upi,bank_timeout,1,1.96,RETRY,,0,True,1481.14,4.41
rec_55dc22ed53b4e9,cust_f97f49941f38,pay_013f68b4d1d00f,3,0.61,1,8085.61,INR,card,authentication_failed,1,1.06,REMINDER,,0,False,0.0,0.0
rec_caf21dec7a0a97,cust_f97f49941f38,pay_013f68b4d1d00f,3,0.61,1,8085.61,INR,card,authentication_failed,2,12.33,PAYMENT_LINK,REMINDER,1,False,0.0,0.0
rec_e9c1263ccea444,cust_f97f49941f38,pay_013f68b4d1d00f,3,0.61,1,8085.61,INR,card,authentication_failed,3,17.28,REMINDER,PAYMENT_LINK,2,False,0.0,0.0
rec_ba47a2e90e0acb,cust_e82a3879f2b5,pay_28a9b672d08ac8,6,0.408,4,1968.62,INR,card,technical_error,1,0.88,RETRY,,0,False,0.0,0.0
rec_40d945ad3dafc6,cust_e82a3879f2b5,pay_28a9b672d08ac8,6,0.408,4,1968.62,INR,card,technical_error,2,13.79,REMINDER,RETRY,1,False,0.0,0.0
rec_d05247cc808d21,cust_c02553ead7f2,pay_0bc4e0691af88e,75,0.922,6,2823.56,INR,card,network_error,1,0.83,ESCALATE,,0,False,0.0,0.0
rec_788b48c1f4aaa6,cust_c02553ead7f2,pay_0bc4e0691af88e,75,0.922,6,2823.56,INR,card,network_error,2,11.61,ESCALATE,ESCALATE,1,False,0.0,0.0
rec_8527fdbe1558b3,cust_d2eba277f64d,pay_f8cc091245973f,15,0.504,7,2702.57,INR,card,bank_timeout,1,0.57,PAYMENT_LINK,,0,False,0.0,0.0
rec_aacefec53ac3a7,cust_d2eba277f64d,pay_f8cc091245973f,15,0.504,7,2702.57,INR,card,bank_timeout,2,17.88,REMINDER,PAYMENT_LINK,1,False,0.0,0.0
rec_a7e0cd3bb205f2,cust_d2eba277f64d,pay_f8cc091245973f,15,0.504,7,2702.57,INR,card,bank_timeout,3,24.68,PAYMENT_LINK,REMINDER,2,False,0.0,0.0
rec_944d2520652179,cust_d2eba277f64d,pay_f8cc091245973f,15,0.504,7,2702.57,INR,card,bank_timeout,4,30.45,ESCALATE,PAYMENT_LINK,3,False,0.0,0.0
rec_009a912fce9b05,cust_bb82b7963207,pay_11701ddc95eafe,8,0.838,1,8808.61,INR,upi,bank_timeout,1,1.93,PAYMENT_LINK,,0,False,0.0,0.0
rec_370e41ad62b3c8,cust_bb82b7963207,pay_11701ddc95eafe,8,0.838,1,8808.61,INR,upi,bank_timeout,2,5.39,REMINDER,PAYMENT_LINK,1,True,8808.61,7.72
rec_4a84cb5d110a98,cust_a45ca94a3452,pay_0182ea7107f4d1,1,0.783,0,5164.14,INR,card,bank_timeout,1,0.24,PAYMENT_LINK,,0,True,5164.14,2.15
rec_f2d628b4d921a6,cust_3334cd07e6b3,pay_2aff8703145d5a,17,0.958,1,713.05,INR,card,authentication_failed,1,0.91,REMINDER,,0,True,713.05,1.81
rec_604fd4ae768180,cust_3b5e2d657ce7,pay_a2b6f04e7c67bb,11,0.89,1,2730.34,INR,upi,bank_timeout,1,1.43,RETRY,,0,True,2730.34,3.32
rec_7e28fecfb80224,cust_edcabf9465f6,pay_f063069c2c9600,40,0.911,4,1063.94,INR,card,unknown,1,1.59,REMINDER,,0,True,1063.94,3.88
rec_0bed20bf0da066,cust_4f7f963ed3c5,pay_f9f34c61771717,7,0.754,2,11081.18,INR,upi,insufficient_funds,1,0.35,RETRY,,0,False,0.0,0.0
rec_aa8346f461647c,cust_140642a82f61,pay_850964b8b80ff0,4,0.633,1,2633.8,INR,netbanking,bank_timeout,1,1.29,RETRY,,0,False,0.0,0.0
rec_2d8e078536f63f,cust_140642a82f61,pay_850964b8b80ff0,4,0.633,1,2633.8,INR,netbanking,bank_timeout,2,14.19,PAYMENT_LINK,RETRY,1,False,0.0,0.0
rec_9062459f77a271,cust_a5d04d531e12,pay_aee8e33c238a84,2,0.652,1,6152.73,INR,upi,insufficient_funds,1,0.79,PAYMENT_LINK,,0,True,6152.73,1.38
rec_77e147b6ec4a33,cust_54c7743b2401,pay_e7c573ccf45e95,42,0.858,6,4507.19,INR,upi,network_error,1,0.29,RETRY,,0,True,4507.19,0.62
rec_0a7199262bce4a,cust_9642b0525379,pay_22bd31e5bca285,14,0.918,1,12269.24,INR,card,insufficient_funds,1,1.06,REMINDER,,0,True,12269.24,1.68
rec_aa2c9f6e0f86ab,cust_18c180d2aadf,pay_ce924b09af8e96,4,0.717,1,24844.65,INR,upi,bank_timeout,1,1.9,PAYMENT_LINK,,0,True,24844.65,3.23
rec_0cacc1787dfcb8,cust_8bae295e902a,pay_00ac47dd51d9c0,18,0.903,2,1604.04,INR,card,insufficient_funds,1,1.87,PAYMENT_LINK,,0,True,1604.04,2.53
rec_29d5ee57e71bef,cust_68181f5bbb56,pay_ff0638b23a2b35,8,0.856,1,1457.62,INR,card,insufficient_funds,1,0.18,PAYMENT_LINK,,0,True,1457.62,2.42
rec_102e976f285bc2,cust_c0ba22a47213,pay_715430a9fb5ddb,3,0.905,0,2229.24,INR,upi,authentication_failed,1,0.32,RETRY,,0,True,2229.24,1.25
rec_b6980539a35661,cust_cb35097ae5dd,pay_3208cf27e5385a,9,0.783,2,7807.47,INR,card,authentication_failed,1,0.18,PAYMENT_LINK,,0,True,7807.47,0.39
rec_16edb919a848fe,cust_74f76d09739c,pay_16b60ec2b81161,9,0.596,4,2070.22,INR,card,insufficient_funds,1,1.64,PAYMENT_LINK,,0,True,2070.22,2.68
rec_0ffc1ee593da44,cust_eccf3b91e352,pay_0e56b3ecd4576b,2,0.896,0,2047.68,INR,card,authentication_failed,1,1.13,PAYMENT_LINK,,0,False,0.0,0.0
rec_662bcd709082b3,cust_c9e48e8c25c6,pay_d83232c3f2e694,3,0.944,0,2743.6,INR,upi,authentication_failed,1,1.42,PAYMENT_LINK,,0,True,2743.6,3.58
rec_aa5cf0fa270eda,cust_e2aa7a5d278e,pay_273d432d917875,17,0.434,10,7048.65,INR,card,bank_timeout,1,1.81,RETRY,,0,False,0.0,0.0
rec_4e2a592a3ae179,cust_e2aa7a5d278e,pay_273d432d917875,17,0.434,10,7048.65,INR,card,bank_timeout,2,7.1,PAYMENT_LINK,RETRY,1,False,0.0,0.0
rec_dcae817052959b,cust_e2aa7a5d278e,pay_273d432d917875,17,0.434,10,7048.65,INR,card,bank_timeout,3,16.33,STOP,PAYMENT_LINK,2,False,0.0,0.0
rec_75657945fa7d04,cust_f6ba745ba558,pay_9e0551950f2f82,7,0.914,1,36171.94,INR,upi,bank_timeout,1,0.61,RETRY,,0,True,36171.94,2.4
rec_66a053a380c685,cust_33b5a6670979,pay_30af44d0f319a2,8,0.822,1,2228.31,INR,upi,payment_method_issue,1,1.29,RETRY,,0,True,2228.31,3.34
rec_2180bef658c81b,cust_8e85140d0f9a,pay_874c5653ccc6e8,2,0.762,0,1274.55,INR,upi,insufficient_funds,1,1.39,REMINDER,,0,True,1274.55,3.3
rec_f067539100c2d6,cust_3b1723197f4d,pay_8d8809a0bba8af,4,0.73,1,1470.13,INR,card,unknown,1,1.0,ESCALATE,,0,True,1470.13,1.62
rec_2d5352d457e700,cust_4d560a3df4e7,pay_69380b281ab75e,13,0.876,2,887.36,INR,upi,bank_timeout,1,1.41,RETRY,,0,True,887.36,2.09
rec_e24fb5b4e862f7,cust_581993cc41f9,pay_ccb9dbe32bdc1a,5,0.857,1,8009.44,INR,card,bank_timeout,1,0.79,RETRY,,0,True,8009.44,2.8
rec_c3eb4e7b2aace3,cust_44c1f1b5ebbb,pay_4a5d95a7df0b14,27,0.767,6,15194.84,INR,card,insufficient_funds,1,1.79,ESCALATE,,0,False,0.0,0.0
rec_7db9fcffc09f53,cust_690a7b80af8d,pay_4c9dc93cb7f5b3,42,0.586,17,1950.29,INR,card,bank_timeout,1,0.31,RETRY,,0,True,1950.29,2.76
rec_7eef8777e1d4bd,cust_e5508ea26133,pay_632c5487a91ee2,20,0.734,5,1841.58,INR,netbanking,unknown,1,0.43,RETRY,,0,True,1841.58,2.7
rec_7ae84af1472854,cust_a9c3640de411,pay_5c31b7451e45f8,3,0.842,0,204.88,INR,upi,technical_error,1,0.6,RETRY,,0,False,0.0,0.0
rec_f5365ad256f04f,cust_a9c3640de411,pay_5c31b7451e45f8,3,0.842,0,204.88,INR,upi,technical_error,2,16.74,PAYMENT_LINK,RETRY,1,False,0.0,0.0
rec_ff657a1e325267,cust_a9c3640de411,pay_5c31b7451e45f8,3,0.842,0,204.88,INR,upi,technical_error,3,26.19,STOP,PAYMENT_LINK,2,False,0.0,0.0
rec_34a16bf54efc61,cust_6a5d932b45ff,pay_177f8df080cfe3,22,0.901,2,1331.61,INR,card,payment_method_issue,1,1.51,REMINDER,,0,False,0.0,0.0
rec_6a6f6cb3a1c47b,cust_6a5d932b45ff,pay_177f8df080cfe3,22,0.901,2,1331.61,INR,card,payment_method_issue,2,15.43,STOP,REMINDER,1,False,0.0,0.0
rec_cfe28e64e18612,cust_a8e56e0c20de,pay_be527a1fbc837c,8,0.913,1,518.85,INR,card,technical_error,1,1.23,RETRY,,0,False,0.0,0.0
rec_a0fabd52b336b5,cust_a8e56e0c20de,pay_be527a1fbc837c,8,0.913,1,518.85,INR,card,technical_error,2,5.58,RETRY,RETRY,1,True,518.85,7.87
rec_e8e6f528006bfc,cust_e44a913af933,pay_d9791ce313d8c8,6,0.892,1,6939.94,INR,card,bank_timeout,1,0.3,RETRY,,0,True,6939.94,0.82
rec_0f6144332c32ed,cust_c71d5e601d52,pay_7b0874cdfb9bb7,18,0.87,2,2798.4,INR,upi,insufficient_funds,1,1.99,RETRY,,0,False,0.0,0.0
rec_4b9c80b58c4976,cust_c71d5e601d52,pay_7b0874cdfb9bb7,18,0.87,2,2798.4,INR,upi,insufficient_funds,2,12.86,RETRY,RETRY,1,False,0.0,0.0
rec_d07d6f259ac139,cust_c71d5e601d52,pay_7b0874cdfb9bb7,18,0.87,2,2798.4,INR,upi,insufficient_funds,3,17.12,PAYMENT_LINK,RETRY,2,True,2798.4,18.14
rec_b49f5b163f2723,cust_bf67de423a0a,pay_29f7192642e27e,21,0.943,1,371.63,INR,card,bank_timeout,1,1.69,RETRY,,0,True,371.63,2.29
rec_369d74966fd33a,cust_8a0ec018b297,pay_5a9d7051fad143,10,0.825,2,674.04,INR,upi,technical_error,1,1.51,RETRY,,0,True,674.04,2.35
rec_718e559563d3f0,cust_365bc763a333,pay_80fbdb3e9bda99,83,0.793,17,841.94,INR,card,authentication_failed,1,1.19,REMINDER,,0,False,0.0,0.0
rec_962d639f5e74ef,cust_365bc763a333,pay_80fbdb3e9bda99,83,0.793,17,841.94,INR,card,authentication_failed,2,10.14,REMINDER,REMINDER,1,False,0.0,0.0
rec_87de82bf222465,cust_7316ce642a14,pay_1a76e83e891592,3,0.864,0,2360.27,INR,netbanking,bank_timeout,1,0.21,REMINDER,,0,False,0.0,0.0
rec_539f8e267c759c,cust_74017bb3c227,pay_a1fa43b79e74f6,5,0.794,1,28170.48,INR,card,authentication_failed,1,0.5,PAYMENT_LINK,,0,False,0.0,0.0
rec_dac76b002172a7,cust_08cac260b3f5,pay_16aea9bb0e93a6,12,0.886,1,561.69,INR,card,bank_timeout,1,0.69,REMINDER,,0,False,0.0,0.0
rec_3bf0229fa2198e,cust_08cac260b3f5,pay_16aea9bb0e93a6,12,0.886,1,561.69,INR,card,bank_timeout,2,7.13,REMINDER,REMINDER,1,True,561.69,8.04
rec_ed317a02ae8ab2,cust_abf390964a68,pay_cd15191f285073,33,0.453,18,882.68,INR,upi,network_error,1,1.9,PAYMENT_LINK,,0,False,0.0,0.0
rec_d15949b5f02e9e,cust_593c73f2b8e5,pay_3937e313e563a0,3,0.771,1,2606.2,INR,upi,network_error,1,1.48,RETRY,,0,True,2606.2,1.95
rec_9f04b4eb2cd703,cust_54c7743b2401,pay_97b3121fcb0937,42,0.858,6,3462.41,INR,upi,technical_error,1,1.57,PAYMENT_LINK,,0,False,0.0,0.0
rec_297ff1b9e09b56,cust_54c7743b2401,pay_97b3121fcb0937,42,0.858,6,3462.41,INR,upi,technical_error,2,7.95,REMINDER,PAYMENT_LINK,1,False,0.0,0.0
rec_f340e21795b580,cust_54c7743b2401,pay_97b3121fcb0937,42,0.858,6,3462.41,INR,upi,technical_error,3,13.29,ESCALATE,REMINDER,2,False,0.0,0.0
rec_6a33a75b24bc8e,cust_da4f706b9d4a,pay_d1e71b500f6a9d,17,0.962,1,1646.62,INR,card,insufficient_funds,1,0.21,PAYMENT_LINK,,0,True,1646.62,0.46
rec_48c935c29d7269,cust_38e59b2716dc,pay_38ac1bcc51f63c,18,0.89,2,7890.22,INR,card,unknown,1,1.38,PAYMENT_LINK,,0,False,0.0,0.0
rec_4568179205926d,cust_38e59b2716dc,pay_38ac1bcc51f63c,18,0.89,2,7890.22,INR,card,unknown,2,10.06,PAYMENT_LINK,PAYMENT_LINK,1,False,0.0,0.0
rec_ff212de6596d95,cust_fbc8c77e2933,pay_ca64fd8165daf7,2,0.756,0,936.69,INR,upi,bank_timeout,1,1.24,RETRY,,0,True,936.69,1.73
rec_bcec9729d409a2,cust_8a89b0f01052,pay_81f15677b108ff,17,0.713,5,485.75,INR,wallet,bank_timeout,1,0.26,RETRY,,0,False,0.0,0.0
rec_163af6964807f4,cust_8a89b0f01052,pay_81f15677b108ff,17,0.713,5,485.75,INR,wallet,bank_timeout,2,15.11,PAYMENT_LINK,RETRY,1,False,0.0,0.0
rec_0de176796e0cf6,cust_8a89b0f01052,pay_81f15677b108ff,17,0.713,5,485.75,INR,wallet,bank_timeout,3,25.58,REMINDER,PAYMENT_LINK,2,False,0.0,0.0
rec_b923c990f9f807,cust_dfa0bc178db9,pay_eb0409439ada2c,9,0.813,2,822.05,INR,netbanking,authentication_failed,1,1.49,PAYMENT_LINK,,0,True,822.05,3.82
rec_8117766ef67607,cust_c42462778544,pay_76ba1b7ec87ab6,11,0.831,2,2588.27,INR,card,payment_method_issue,1,0.82,PAYMENT_LINK,,0,True,2588.27,1.01
rec_9e46ddef89902d,cust_82f738611adb,pay_4007c07ab22096,4,0.738,1,2359.25,INR,upi,bank_timeout,1,0.2,RETRY,,0,True,2359.25,0.75
rec_24ac6fbf05d8b6,cust_781799ffb49e,pay_3047950c3fde82,5,0.556,2,10909.0,INR,card,network_error,1,1.97,RETRY,,0,True,10909.0,3.85
rec_eebb4c061b7c1a,cust_dd2467ac778e,pay_cbaf30dcccdf32,3,0.821,1,1278.42,INR,card,bank_timeout,1,1.3,PAYMENT_LINK,,0,True,1278.42,2.59
rec_53c2d2259118db,cust_35e80364147f,pay_fbec0c6b8fff27,16,0.963,1,2967.49,INR,upi,insufficient_funds,1,1.77,REMINDER,,0,True,2967.49,3.25
rec_fc8258b287dd61,cust_863417182ba6,pay_08988462aaac9b,18,0.902,2,2272.48,INR,upi,insufficient_funds,1,1.28,REMINDER,,0,True,2272.48,2.67
rec_bfc7a53311354e,cust_3b1723197f4d,pay_ab7e5d6e977c53,4,0.73,1,9464.92,INR,wallet,insufficient_funds,1,1.25,PAYMENT_LINK,,0,False,0.0,0.0
rec_ff998d954b0f8a,cust_3b1723197f4d,pay_ab7e5d6e977c53,4,0.73,1,9464.92,INR,wallet,insufficient_funds,2,14.56,REMINDER,PAYMENT_LINK,1,True,9464.92,16.61
rec_7eda1275602c9f,cust_3a9c43081221,pay_3cfe61bc24f610,21,0.436,12,3053.15,INR,card,unknown,1,0.42,ESCALATE,,0,False,0.0,0.0
rec_808a0c8a11b246,cust_3a9c43081221,pay_3cfe61bc24f610,21,0.436,12,3053.15,INR,card,unknown,2,11.03,PAYMENT_LINK,ESCALATE,1,False,0.0,0.0
rec_1ffbbdcc0b8886,cust_3a9c43081221,pay_3cfe61bc24f610,21,0.436,12,3053.15,INR,card,unknown,3,22.44,ESCALATE,PAYMENT_LINK,2,False,0.0,0.0
rec_0eaaef120721c2,cust_924cde09ccea,pay_0b220741f05ad4,28,0.841,4,8544.59,INR,upi,insufficient_funds,1,0.37,PAYMENT_LINK,,0,True,8544.59,0.73
rec_bf1c67c603383c,cust_087758043fde,pay_7bca7185762007,1,0.933,0,13234.11,INR,upi,bank_timeout,1,1.43,RETRY,,0,True,13234.11,1.72
rec_dfbcbc9faaa8e7,cust_d8914adf341c,pay_bee9dc23af6b52,7,0.932,0,2677.68,INR,card,insufficient_funds,1,0.44,REMINDER,,0,False,0.0,0.0
rec_58f7793711fb02,cust_a9e27ba9952e,pay_664d0285c1232f,13,0.634,5,2716.52,INR,card,bank_timeout,1,0.77,REMINDER,,0,False,0.0,0.0
rec_635499763d2e02,cust_e8b45c6afee5,pay_5d63e77a5339d5,5,0.847,1,9096.09,INR,card,insufficient_funds,1,1.16,PAYMENT_LINK,,0,True,9096.09,1.8
rec_e80339dc42c3ba,cust_8129aa0c40ef,pay_e1f29d699194a2,42,0.91,4,533.37,INR,upi,technical_error,1,0.24,RETRY,,0,False,0.0,0.0
rec_d6e9e7658edbe7,cust_218a15368c99,pay_6519e7715f898f,17,0.913,1,3606.38,INR,card,payment_method_issue,1,1.32,PAYMENT_LINK,,0,False,0.0,0.0
rec_7b52fa70868d5b,cust_218a15368c99,pay_6519e7715f898f,17,0.913,1,3606.38,INR,card,payment_method_issue,2,15.48,ESCALATE,PAYMENT_LINK,1,False,0.0,0.0
rec_d4ade022e00381,cust_6e5fbf719749,pay_6889ca28fd8afd,44,0.795,9,3767.47,INR,upi,bank_timeout,1,0.76,RETRY,,0,False,0.0,0.0
rec_6c05539e141de4,cust_6e5fbf719749,pay_6889ca28fd8afd,44,0.795,9,3767.47,INR,upi,bank_timeout,2,18.59,PAYMENT_LINK,RETRY,1,False,0.0,0.0
rec_809de93bd353a9,cust_243012dab185,pay_225733981ed92d,2,0.786,0,1334.03,INR,netbanking,network_error,1,0.31,REMINDER,,0,False,0.0,0.0
rec_34c1fe22786f67,cust_3f5fbf4fd417,pay_a6ce504daea2fe,2,0.36,1,1666.66,INR,upi,bank_timeout,1,0.84,RETRY,,0,True,1666.66,1.9
rec_be9710e5daeac8,cust_9532caba7af9,pay_643f6e6a5fabaf,15,0.732,4,5603.98,INR,upi,authentication_failed,1,1.62,PAYMENT_LINK,,0,True,5603.98,4.06
rec_d6cc298d576f35,cust_91ddb9bf613d,pay_20a14880c09d1a,11,0.743,3,1665.53,INR,upi,insufficient_funds,1,1.42,REMINDER,,0,True,1665.53,3.14
rec_aa8bdafb816d6a,cust_6788420992ca,pay_c0b739f3b0c4bb,1,0.629,0,2901.96,INR,netbanking,authentication_failed,1,1.4,REMINDER,,0,False,0.0,0.0
rec_eb2168f1332aba,cust_6788420992ca,pay_c0b739f3b0c4bb,1,0.629,0,2901.96,INR,netbanking,authentication_failed,2,19.16,STOP,REMINDER,1,False,0.0,0.0
rec_6c84a0fb642cb1,cust_661f7117dd92,pay_1067374bdfe72d,6,0.75,2,3844.99,INR,netbanking,authentication_failed,1,0.25,REMINDER,,0,False,0.0,0.0
rec_7aebdb284dc07f,cust_661f7117dd92,pay_1067374bdfe72d,6,0.75,2,3844.99,INR,netbanking,authentication_failed,2,8.41,PAYMENT_LINK,REMINDER,1,False,0.0,0.0
rec_fce64e09473035,cust_004b6fabfcf5,pay_6a057569288aa2,5,0.428,3,24402.38,INR,upi,insufficient_funds,1,0.47,REMINDER,,0,True,24402.38,0.94
rec_547c583db04c34,cust_6082786fca00,pay_58544a1737fd39,13,0.884,2,4781.42,INR,upi,network_error,1,0.4,RETRY,,0,False,0.0,0.0
rec_c5dab672dbadfb,cust_0f8035f55bd2,pay_0c24c81f57a135,2,0.852,0,10455.0,INR,upi,bank_timeout,1,0.87,RETRY,,0,False,0.0,0.0
rec_8ab41c5bcba4c9,cust_0f8035f55bd2,pay_0c24c81f57a135,2,0.852,0,10455.0,INR,upi,bank_timeout,2,9.24,PAYMENT_LINK,RETRY,1,False,0.0,0.0
rec_44abd1aa69e55a,cust_f17aa7a9243d,pay_b9257691cca064,9,0.798,2,1613.93,INR,upi,payment_method_issue,1,1.83,PAYMENT_LINK,,0,True,1613.93,3.32
rec_d6f557d01bc805,cust_f8ded777bb1e,pay_68806cc415bbe4,5,0.917,0,6964.17,INR,netbanking,bank_timeout,1,1.81,RETRY,,0,False,0.0,0.0
rec_bea365abda3aa2,cust_3610901c2196,pay_edd0a30fb55bf7,31,0.764,7,2479.89,INR,netbanking,payment_method_issue,1,1.17,PAYMENT_LINK,,0,False,0.0,0.0
rec_fc9bca74cf0cb4,cust_3610901c2196,pay_edd0a30fb55bf7,31,0.764,7,2479.89,INR,netbanking,payment_method_issue,2,16.2,REMINDER,PAYMENT_LINK,1,False,0.0,0.0
rec_5e14bea1b28b66,cust_2dc091587b83,pay_3cdac538e1a420,14,0.816,3,32370.05,INR,upi,authentication_failed,1,0.13,RETRY,,0,True,32370.05,2.37
rec_ce9be989623521,cust_20afaf9e0f7c,pay_83fc4936718fc4,16,0.768,4,2848.05,INR,upi,authentication_failed,1,1.51,RETRY,,0,False,0.0,0.0
rec_75ad3c06a31a25,cust_20afaf9e0f7c,pay_83fc4936718fc4,16,0.768,4,2848.05,INR,upi,authentication_failed,2,3.75,PAYMENT_LINK,RETRY,1,False,0.0,0.0
rec_68e633a63ad048,cust_20afaf9e0f7c,pay_83fc4936718fc4,16,0.768,4,2848.05,INR,upi,authentication_failed,3,6.24,REMINDER,PAYMENT_LINK,2,False,0.0,0.0
rec_286ef90a1112b0,cust_161d6acf1eb6,pay_fec86f570aa585,22,0.531,10,17161.59,INR,upi,bank_timeout,1,1.73,RETRY,,0,True,17161.59,4.08
rec_6ba7afdc5c91a2,cust_aab133bae88f,pay_da38aab565616f,3,0.869,0,2938.8,INR,upi,payment_method_issue,1,0.48,PAYMENT_LINK,,0,True,2938.8,1.08
rec_51514c4708b214,cust_c017466e85f4,pay_a10154b5944d58,1,0.851,0,6127.56,INR,upi,insufficient_funds,1,1.63,RETRY,,0,False,0.0,0.0
rec_40526aad6478eb,cust_c017466e85f4,pay_a10154b5944d58,1,0.851,0,6127.56,INR,upi,insufficient_funds,2,7.8,RETRY,RETRY,1,False,0.0,0.0
rec_fcdc18a5454281,cust_c017466e85f4,pay_a10154b5944d58,1,0.851,0,6127.56,INR,upi,insufficient_funds,3,21.41,PAYMENT_LINK,RETRY,2,False,0.0,0.0
rec_18326fb0fb2427,cust_dcdbf14e5ca5,pay_bf0b24c87ec26d,4,0.848,1,39309.47,INR,card,insufficient_funds,1,1.94,PAYMENT_LINK,,0,False,0.0,0.0
rec_45a9c97d50f4e1,cust_dcdbf14e5ca5,pay_bf0b24c87ec26d,4,0.848,1,39309.47,INR,card,insufficient_funds,2,6.13,REMINDER,PAYMENT_LINK,1,True,39309.47,8.24
rec_0a7775af0353b6,cust_887fe19cf7ba,pay_afb9442e0c77d7,7,0.361,4,1116.78,INR,card,bank_timeout,1,0.27,RETRY,,0,True,1116.78,2.25
rec_487670877f037a,cust_d5e4157d23ba,pay_e3938d98f75750,20,0.436,11,29128.4,INR,upi,payment_method_issue,1,0.59,REMINDER,,0,False,0.0,0.0
rec_f82bb285a2dfcb,cust_d5e4157d23ba,pay_e3938d98f75750,20,0.436,11,29128.4,INR,upi,payment_method_issue,2,6.49,REMINDER,REMINDER,1,False,0.0,0.0
rec_a32cb76a8aa3f1,cust_7e000029c47f,pay_1b78d57335ee54,12,0.721,3,1089.28,INR,upi,authentication_failed,1,1.09,PAYMENT_LINK,,0,True,1089.28,1.86
rec_a96dca7e2a8264,cust_57dda51ea4dc,pay_a158a2bb5bc428,25,0.587,10,441.44,INR,netbanking,authentication_failed,1,0.47,PAYMENT_LINK,,0,False,0.0,0.0
rec_77dfe63bfcbcdc,cust_5738811d70c2,pay_90914ba150426c,9,0.503,4,1948.6,INR,netbanking,bank_timeout,1,1.4,RETRY,,0,True,1948.6,3.19
rec_a5cd6b4b044621,cust_c02553ead7f2,pay_63225384a1fc53,75,0.922,6,10573.89,INR,upi,payment_method_issue,1,1.8,RETRY,,0,False,0.0,0.0
rec_760cf9e488a40b,cust_c02553ead7f2,pay_63225384a1fc53,75,0.922,6,10573.89,INR,upi,payment_method_issue,2,7.2,REMINDER,RETRY,1,False,0.0,0.0
rec_82b251f1199457,cust_c02553ead7f2,pay_63225384a1fc53,75,0.922,6,10573.89,INR,upi,payment_method_issue,3,13.79,ESCALATE,REMINDER,2,False,0.0,0.0
rec_5926f91b1f5627,cust_8b0901abc66d,pay_91878942c1981e,18,0.732,5,8702.75,INR,netbanking,technical_error,1,1.44,PAYMENT_LINK,,0,True,8702.75,1.9
rec_22f7e75997c952,cust_68181f5bbb56,pay_1e021d08536155,8,0.856,1,2508.73,INR,card,technical_error,1,1.07,RETRY,,0,True,2508.73,3.18
rec_80e428e65b868a,cust_026f05f619ce,pay_8f05d5d9aa366c,6,0.834,1,576.37,INR,card,bank_timeout,1,1.85,ESCALATE,,0,True,576.37,3.87
rec_2ccaa9cbedc6da,cust_87365a84725e,pay_034ffcedd60183,4,0.944,0,235.29,INR,upi,authentication_failed,1,0.31,PAYMENT_LINK,,0,False,0.0,0.0
rec_67a5e874ec65d1,cust_87365a84725e,pay_034ffcedd60183,4,0.944,0,235.29,INR,upi,authentication_failed,2,8.36,PAYMENT_LINK,PAYMENT_LINK,1,False,0.0,0.0
rec_1841305e5d0d92,cust_87365a84725e,pay_034ffcedd60183,4,0.944,0,235.29,INR,upi,authentication_failed,3,14.87,ESCALATE,PAYMENT_LINK,2,False,0.0,0.0
rec_23b6015b52b93b,cust_9194821ee11b,pay_5b3cf9fe73de16,5,0.738,1,6199.0,INR,upi,unknown,1,0.66,REMINDER,,0,False,0.0,0.0
rec_b50acebf0c6c81,cust_9194821ee11b,pay_5b3cf9fe73de16,5,0.738,1,6199.0,INR,upi,unknown,2,14.18,REMINDER,REMINDER,1,False,0.0,0.0
rec_d1a5b29a1a5fe4,cust_9194821ee11b,pay_5b3cf9fe73de16,5,0.738,1,6199.0,INR,upi,unknown,3,17.98,REMINDER,REMINDER,2,False,0.0,0.0
rec_dd9bd582c03b65,cust_e6c71f155bed,pay_3fe97204e4a5c9,6,0.765,1,7891.01,INR,card,insufficient_funds,1,0.91,REMINDER,,0,True,7891.01,1.86
rec_0d3702ba6da6c7,cust_a9151364778a,pay_8b6aa7019bc7f6,41,0.556,18,2257.65,INR,wallet,technical_error,1,0.52,RETRY,,0,True,2257.65,1.76
rec_c4f149d24765c1,cust_eade7b17b0d0,pay_e663074dbedc14,12,0.541,6,766.7,INR,card,bank_timeout,1,1.13,RETRY,,0,False,0.0,0.0
rec_cdd9630833d8fd,cust_9793b9b41374,pay_dd13475151194e,14,0.425,8,6035.19,INR,upi,authentication_failed,1,1.91,PAYMENT_LINK,,0,False,0.0,0.0
rec_60b9b40ca1c6a3,cust_34879e411a9c,pay_dfb50929bd2e29,1,0.938,0,29631.59,INR,card,network_error,1,1.52,RETRY,,0,False,0.0,0.0
rec_71a3750cc1e691,cust_fad3b44c3b2d,pay_7b3d214c403d6c,24,0.943,1,2454.21,INR,wallet,unknown,1,1.3,PAYMENT_LINK,,0,True,2454.21,3.78
rec_f6682131eee385,cust_61cb78c3513f,pay_1892533f86cfe0,1,0.816,0,2628.88,INR,netbanking,network_error,1,0.39,REMINDER,,0,True,2628.88,2.39
rec_47386d665e38fb,cust_5b6a81020428,pay_003ffcd6b27c21,8,0.975,0,9878.62,INR,netbanking,bank_timeout,1,0.56,PAYMENT_LINK,,0,True,9878.62,1.84
rec_814d567e289455,cust_b057fcd4a170,pay_89ecfa0c517bf3,6,0.895,1,10990.35,INR,netbanking,bank_timeout,1,1.56,RETRY,,0,True,10990.35,1.68
rec_6fcaabddb6bb12,cust_74f76d09739c,pay_4d81faedaaf0df,9,0.596,4,3081.64,INR,wallet,authentication_failed,1,1.53,PAYMENT_LINK,,0,True,3081.64,3.61
rec_62f84ed8703169,cust_ad238d36dc32,pay_bd389791c78abc,2,0.312,1,3537.14,INR,upi,technical_error,1,0.87,RETRY,,0,False,0.0,0.0
rec_35fd933c2cc23f,cust_ad238d36dc32,pay_bd389791c78abc,2,0.312,1,3537.14,INR,upi,technical_error,2,3.68,REMINDER,RETRY,1,False,0.0,0.0
rec_8dda192cda1817,cust_78bb22a5eba7,pay_707a0a478b5c27,2,0.815,0,1873.36,INR,upi,insufficient_funds,1,0.99,PAYMENT_LINK,,0,True,1873.36,2.01
rec_e2e30eefc86b71,cust_e2add909c521,pay_be85300c285edb,4,0.702,1,2697.05,INR,upi,bank_timeout,1,1.89,RETRY,,0,True,2697.05,3.2
rec_b08e7345f36451,cust_47eb340dc74e,pay_171e3893a1b655,3,0.761,1,2995.47,INR,card,authentication_failed,1,0.52,PAYMENT_LINK,,0,False,0.0,0.0
rec_c071e0b3fc176e,cust_47eb340dc74e,pay_171e3893a1b655,3,0.761,1,2995.47,INR,card,authentication_failed,2,4.09,REMINDER,PAYMENT_LINK,1,False,0.0,0.0
rec_4a4446571286e0,cust_47eb340dc74e,pay_171e3893a1b655,3,0.761,1,2995.47,INR,card,authentication_failed,3,21.63,REMINDER,REMINDER,2,False,0.0,0.0
rec_da815f02ed2aa9,cust_47eb340dc74e,pay_171e3893a1b655,3,0.761,1,2995.47,INR,card,authentication_failed,4,35.63,STOP,REMINDER,3,False,0.0,0.0
rec_0b33d22dbf5959,cust_42b7c0488d35,pay_932f1565e522f2,11,0.865,1,2337.66,INR,card,bank_timeout,1,0.69,RETRY,,0,False,0.0,0.0
rec_9754cec16b3908,cust_42b7c0488d35,pay_932f1565e522f2,11,0.865,1,2337.66,INR,card,bank_timeout,2,14.53,RETRY,RETRY,1,True,2337.66,15.53
rec_061ead52f6e32b,cust_204e178c10d0,pay_a8fdc8ef9ccbb2,29,0.723,8,1630.11,INR,upi,bank_timeout,1,1.66,PAYMENT_LINK,,0,False,0.0,0.0
rec_2722e69546181f,cust_71414f58db8e,pay_49b32ce48b5a5b,6,0.304,4,1516.79,INR,netbanking,technical_error,1,0.38,RETRY,,0,False,0.0,0.0
rec_2b3f0b1b06236f,cust_593c73f2b8e5,pay_58b72ea431ee48,3,0.771,1,910.88,INR,netbanking,insufficient_funds,1,1.62,PAYMENT_LINK,,0,True,910.88,2.09
rec_c392d7197fe6d5,cust_cdfcef75651e,pay_a38172d558972f,44,0.889,5,13157.33,INR,upi,insufficient_funds,1,0.58,RETRY,,0,False,0.0,0.0
rec_d218b876017b3a,cust_4336ffe56631,pay_5b59534d51191c,2,0.86,0,2468.06,INR,card,payment_method_issue,1,1.75,PAYMENT_LINK,,0,False,0.0,0.0
rec_c9405d8b5b4611,cust_4336ffe56631,pay_5b59534d51191c,2,0.86,0,2468.06,INR,card,payment_method_issue,2,16.28,REMINDER,PAYMENT_LINK,1,False,0.0,0.0
rec_d9dd98840ba509,cust_e5d6f6e69a6e,pay_ffd93180dc09e5,37,0.909,3,4248.23,INR,netbanking,technical_error,1,1.14,PAYMENT_LINK,,0,True,4248.23,2.24
rec_5d89330e2b343a,cust_7367c28de1b2,pay_fca252b13a5c71,4,0.616,2,5507.02,INR,netbanking,bank_timeout,1,1.79,RETRY,,0,False,0.0,0.0
rec_adde1b86f82ed4,cust_712ab8eb3756,pay_99b0ce3540277b,6,0.71,2,624.49,INR,wallet,authentication_failed,1,1.06,PAYMENT_LINK,,0,False,0.0,0.0
rec_41316886a3fc1d,cust_7f6485de7569,pay_41c396855ad2de,2,0.874,0,1834.29,INR,card,technical_error,1,1.17,RETRY,,0,True,1834.29,3.63
rec_1b163594a92997,cust_f9d2014a22ee,pay_3eec3946a7c5b7,35,0.728,10,8317.05,INR,card,insufficient_funds,1,0.14,REMINDER,,0,True,8317.05,1.83
rec_125c6659b11ac9,cust_40497b717d10,pay_8e9db2611e2fe7,16,0.878,2,790.93,INR,upi,bank_timeout,1,1.27,RETRY,,0,True,790.93,3.01
rec_eef55c51ac98ec,cust_b3292925b107,pay_b6d98418daa6f4,7,0.888,1,760.15,INR,card,insufficient_funds,1,1.39,PAYMENT_LINK,,0,False,0.0,0.0
rec_f214b9e1608581,cust_b3292925b107,pay_b6d98418daa6f4,7,0.888,1,760.15,INR,card,insufficient_funds,2,11.18,PAYMENT_LINK,PAYMENT_LINK,1,True,760.15,11.91
rec_a3b039f480462b,cust_09ce3cfb2339,pay_bac7cd0660e1ce,33,0.536,15,1017.12,INR,netbanking,insufficient_funds,1,0.3,PAYMENT_LINK,,0,True,1017.12,1.42
rec_70efa8adf969fc,cust_ef2ddcc48df6,pay_f1b1a675adaa5c,2,0.88,0,988.71,INR,card,authentication_failed,1,1.57,PAYMENT_LINK,,0,True,988.71,3.52
rec_8db09292a5c438,cust_60971a15c806,pay_8f8604af6b3243,7,0.858,1,1763.97,INR,card,network_error,1,0.29,RETRY,,0,True,1763.97,1.11
rec_22b9e9565ddfb8,cust_e44a913af933,pay_e2eb81c462ae67,6,0.892,1,1906.48,INR,netbanking,authentication_failed,1,1.54,PAYMENT_LINK,,0,True,1906.48,3.99
rec_7d244e329a3794,cust_639c4c6c2926,pay_898c6d6fa74960,5,0.895,1,19152.45,INR,upi,authentication_failed,1,0.99,REMINDER,,0,True,19152.45,1.25
rec_75754a826ac13b,cust_1b0ae22eecc8,pay_45b7b856543c2b,2,0.912,0,4815.35,INR,netbanking,insufficient_funds,1,0.98,REMINDER,,0,False,0.0,0.0
rec_57d6e9fe056fc9,cust_7f85c4e71177,pay_cab71e01d2a84d,12,0.728,3,2607.53,INR,upi,payment_method_issue,1,0.54,REMINDER,,0,True,2607.53,1.08
rec_a39dd7239ff96a,cust_953b0f1fea3e,pay_bab37acdd952b5,1,0.78,0,2782.04,INR,upi,network_error,1,0.66,RETRY,,0,False,0.0,0.0
rec_9693db4e938019,cust_f80b2cea658e,pay_b6a20397db0133,22,0.915,2,42593.83,INR,netbanking,authentication_failed,1,1.61,PAYMENT_LINK,,0,True,42593.83,3.42
rec_e9b479c5eedc02,cust_38e59b2716dc,pay_3b4a165b2e5884,18,0.89,2,1061.97,INR,card,bank_timeout,1,1.12,ESCALATE,,0,False,0.0,0.0
rec_a42ebd3f9fb0e1,cust_ba1082170ad7,pay_7a20ab9acf28d6,12,0.893,1,7942.95,INR,card,unknown,1,1.7,RETRY,,0,False,0.0,0.0
rec_f48d748093d3e5,cust_ba1082170ad7,pay_7a20ab9acf28d6,12,0.893,1,7942.95,INR,card,unknown,2,17.27,REMINDER,RETRY,1,False,0.0,0.0
rec_b4c6b8e10fcc56,cust_cfa701cd2631,pay_069cfdf5678278,7,0.876,1,5629.83,INR,upi,insufficient_funds,1,2.0,RETRY,,0,False,0.0,0.0
rec_522434068794ab,cust_cfa701cd2631,pay_069cfdf5678278,7,0.876,1,5629.83,INR,upi,insufficient_funds,2,16.72,PAYMENT_LINK,RETRY,1,False,0.0,0.0
rec_6f69bcd41f8dcc,cust_cfa701cd2631,pay_069cfdf5678278,7,0.876,1,5629.83,INR,upi,insufficient_funds,3,24.61,REMINDER,PAYMENT_LINK,2,False,0.0,0.0
rec_feaeb06edc881d,cust_cb35097ae5dd,pay_ec05f6c6b5c1aa,9,0.783,2,5438.85,INR,card,bank_timeout,1,1.52,PAYMENT_LINK,,0,True,5438.85,1.68
rec_4e35843dcac26e,cust_d8f8001856fe,pay_c68748f7f80fd0,3,0.948,0,2351.45,INR,upi,bank_timeout,1,0.88,RETRY,,0,True,2351.45,2.55
rec_31e55f23b08d20,cust_0f79a8a75f8a,pay_feb111fa42351f,4,0.703,1,1558.19,INR,netbanking,authentication_failed,1,1.8,REMINDER,,0,False,0.0,0.0
rec_f46a78fa3e4ea5,cust_7e1f48c4a9d6,pay_525b1e00e085bc,3,0.958,0,28923.62,INR,netbanking,authentication_failed,1,1.69,REMINDER,,0,False,0.0,0.0
rec_3000eeb15296dd,cust_7e1f48c4a9d6,pay_525b1e00e085bc,3,0.958,0,28923.62,INR,netbanking,authentication_failed,2,14.36,STOP,REMINDER,1,False,0.0,0.0
rec_4a1b157f79b800,cust_ccc4c0a9af5a,pay_5ac77958249378,17,0.944,1,8310.82,INR,upi,network_error,1,1.04,RETRY,,0,True,8310.82,1.09
rec_7af4bb7d25cd02,cust_d0096b2a0041,pay_f68800c00faf3a,10,0.955,0,25307.68,INR,wallet,bank_timeout,1,0.66,RETRY,,0,True,25307.68,2.78
rec_2daec2d14bae5d,cust_17fc695a07a0,pay_27df3395fd98ca,14,0.288,10,8180.88,INR,upi,network_error,1,0.29,RETRY,,0,True,8180.88,1.35
rec_703b3070e2427f,cust_15f7ef61da4e,pay_9b846e70b87fcd,21,0.805,4,38126.68,INR,card,authentication_failed,1,0.29,PAYMENT_LINK,,0,True,38126.68,2.63
rec_0ddeabcc6b258c,cust_58bce5e4d282,pay_f364ae2c3f1f84,17,0.254,13,1991.98,INR,wallet,authentication_failed,1,0.71,PAYMENT_LINK,,0,False,0.0,0.0
rec_0866882059d5f7,cust_01b062c19aad,pay_e42e3418fd23eb,6,0.464,3,2946.03,INR,card,bank_timeout,1,1.28,REMINDER,,0,False,0.0,0.0
rec_6e94e823b65399,cust_b3b263376a74,pay_3cd09c64108e01,2,0.909,0,2163.4,INR,netbanking,insufficient_funds,1,0.28,REMINDER,,0,False,0.0,0.0
rec_38a4250d470cec,cust_af9a11681766,pay_4957366452ae44,11,0.725,3,5918.9,INR,upi,bank_timeout,1,0.4,RETRY,,0,False,0.0,0.0
rec_e9da53bc6f30a4,cust_af9a11681766,pay_4957366452ae44,11,0.725,3,5918.9,INR,upi,bank_timeout,2,7.76,REMINDER,RETRY,1,False,0.0,0.0
rec_f78e5f10f9dafc,cust_af9a11681766,pay_4957366452ae44,11,0.725,3,5918.9,INR,upi,bank_timeout,3,10.93,REMINDER,REMINDER,2,True,5918.9,12.34
rec_50b7b0481c36f4,cust_92fbacf6d5d1,pay_1da16f4f2fd187,5,0.888,1,2371.15,INR,upi,authentication_failed,1,1.88,PAYMENT_LINK,,0,True,2371.15,3.97
rec_4455f3bdcc3f77,cust_52702b29a412,pay_59082641bc2dc1,9,0.872,1,11836.0,INR,card,unknown,1,0.4,RETRY,,0,False,0.0,0.0
rec_d9d252c1d65df3,cust_52702b29a412,pay_59082641bc2dc1,9,0.872,1,11836.0,INR,card,unknown,2,7.03,PAYMENT_LINK,RETRY,1,True,11836.0,9.35
rec_5dbf93ba101ac7,cust_94fd0594ecf9,pay_2c5faca2a7e288,7,0.855,1,24082.99,INR,upi,bank_timeout,1,0.86,RETRY,,0,True,24082.99,1.37
rec_cd78327c744fc9,cust_4849032c4875,pay_df5fcf32965e78,56,0.809,11,9253.08,INR,card,technical_error,1,0.48,RETRY,,0,True,9253.08,0.69
rec_658edb8316d47a,cust_cab214388557,pay_de3d26dccea6ee,5,0.88,1,2008.82,INR,upi,authentication_failed,1,1.04,PAYMENT_LINK,,0,False,0.0,0.0
rec_c5201e2a6e78ca,cust_cab214388557,pay_de3d26dccea6ee,5,0.88,1,2008.82,INR,upi,authentication_failed,2,7.48,PAYMENT_LINK,PAYMENT_LINK,1,True,2008.82,9.83
rec_95363cd42af67f,cust_2c913a7ca340,pay_d8cb58df20a442,27,0.563,12,5355.39,INR,netbanking,insufficient_funds,1,1.51,ESCALATE,,0,True,5355.39,2.22
rec_dd51fd7cead51a,cust_a99f131849c8,pay_45c090e98905c1,14,0.395,8,2551.2,INR,upi,unknown,1,0.58,REMINDER,,0,False,0.0,0.0
rec_66dfa3f5e4ed03,cust_a99f131849c8,pay_45c090e98905c1,14,0.395,8,2551.2,INR,upi,unknown,2,12.95,ESCALATE,REMINDER,1,False,0.0,0.0
rec_8203a29dfd3f9d,cust_6d53628b4985,pay_3feee61199fa31,8,0.961,0,238.77,INR,netbanking,insufficient_funds,1,1.13,RETRY,,0,False,0.0,0.0
rec_5704c077067107,cust_6d53628b4985,pay_3feee61199fa31,8,0.961,0,238.77,INR,netbanking,insufficient_funds,2,3.8,PAYMENT_LINK,RETRY,1,True,238.77,4.38
rec_97600586cd50ae,cust_1c31aaf3c76a,pay_b1e388e11cc014,5,0.89,1,3434.02,INR,card,payment_method_issue,1,0.52,PAYMENT_LINK,,0,False,0.0,0.0
rec_11886095ffe910,cust_1c31aaf3c76a,pay_b1e388e11cc014,5,0.89,1,3434.02,INR,card,payment_method_issue,2,11.96,REMINDER,PAYMENT_LINK,1,False,0.0,0.0
rec_2318c5c6e3c3ec,cust_1c31aaf3c76a,pay_b1e388e11cc014,5,0.89,1,3434.02,INR,card,payment_method_issue,3,15.52,ESCALATE,REMINDER,2,False,0.0,0.0
rec_6e1f42b8e7dd1c,cust_1c31aaf3c76a,pay_b1e388e11cc014,5,0.89,1,3434.02,INR,card,payment_method_issue,4,32.89,ESCALATE,ESCALATE,3,False,0.0,0.0
rec_d2d66eaa825e18,cust_08ffeab00750,pay_8176e00224e96a,5,0.737,1,2174.83,INR,upi,insufficient_funds,1,1.1,REMINDER,,0,True,2174.83,3.15
rec_f7f75f136ad118,cust_c5f8e2f8414f,pay_b97100e4b0b3b8,6,0.859,1,408.58,INR,card,bank_timeout,1,1.2,RETRY,,0,True,408.58,1.89
rec_0eaddbb3d96ff6,cust_5f2019ea3cd6,pay_1eb738efdf27ec,5,0.816,1,6516.69,INR,upi,technical_error,1,1.07,RETRY,,0,False,0.0,0.0
rec_c4d439da2153b5,cust_e46a0b429cfe,pay_656658a7c0f924,15,0.769,3,480.2,INR,card,bank_timeout,1,0.83,RETRY,,0,True,480.2,1.67
rec_ddccdad0ab646f,cust_3f8c1097c4da,pay_25d2dd5dff055a,28,0.879,3,45946.34,INR,wallet,authentication_failed,1,1.03,RETRY,,0,False,0.0,0.0
rec_5e76544238209f,cust_01a4c2d14edf,pay_521281b24054e5,2,0.96,0,531.0,INR,upi,network_error,1,1.72,RETRY,,0,False,0.0,0.0
rec_aa0fd4405ed632,cust_a5b409833eeb,pay_a399dc47ace25a,4,0.265,3,1684.12,INR,upi,payment_method_issue,1,0.34,PAYMENT_LINK,,0,True,1684.12,1.32
rec_9cef01ef34b343,cust_29d0c613b0c7,pay_755f34f4f3adea,5,0.859,1,656.05,INR,card,authentication_failed,1,0.26,PAYMENT_LINK,,0,False,0.0,0.0
rec_225b0556d82ac9,cust_35eb728f5775,pay_f71ac0495829c7,17,0.769,4,2971.34,INR,netbanking,technical_error,1,1.58,REMINDER,,0,False,0.0,0.0
rec_39244773746fd3,cust_ba6c34ab6712,pay_7f44246874504c,16,0.976,0,2923.85,INR,upi,authentication_failed,1,0.79,PAYMENT_LINK,,0,True,2923.85,2.7
rec_6e620d3687518c,cust_b0d18df1484f,pay_fe758605187189,20,0.936,1,8782.85,INR,upi,authentication_failed,1,0.16,RETRY,,0,False,0.0,0.0
rec_ed3d5de3b661d7,cust_0a0175e5937d,pay_db53a4e477fa1e,9,0.637,3,338.82,INR,upi,authentication_failed,1,1.92,PAYMENT_LINK,,0,False,0.0,0.0
rec_79c6078db62973,cust_1a4828030204,pay_0064b74d4b972b,3,0.933,0,1625.03,INR,card,insufficient_funds,1,1.16,REMINDER,,0,False,0.0,0.0
rec_7a15ab807e1710,cust_22f06403eac9,pay_303a47dd38c098,24,0.703,7,9722.78,INR,card,bank_timeout,1,0.5,RETRY,,0,True,9722.78,0.86
rec_6e95f9ee4f1b66,cust_67ce378fe5a4,pay_5cb35ec34093b9,11,0.749,3,1148.42,INR,card,bank_timeout,1,1.63,RETRY,,0,True,1148.42,3.97
rec_cbbaf66dbf821b,cust_1b1f2eb16e32,pay_87ffa8f63089e9,14,0.911,1,2514.89,INR,upi,authentication_failed,1,1.13,PAYMENT_LINK,,0,False,0.0,0.0
rec_967d1c4de26904,cust_1b1f2eb16e32,pay_87ffa8f63089e9,14,0.911,1,2514.89,INR,upi,authentication_failed,2,13.8,REMINDER,PAYMENT_LINK,1,False,0.0,0.0
rec_3dc8eb46572010,cust_48998e5fd40e,pay_caa603bf80c28c,3,0.759,1,1450.81,INR,upi,payment_method_issue,1,1.19,REMINDER,,0,False,0.0,0.0
rec_14ca6d826844f7,cust_48998e5fd40e,pay_caa603bf80c28c,3,0.759,1,1450.81,INR,upi,payment_method_issue,2,5.28,REMINDER,REMINDER,1,True,1450.81,7.71
rec_6f3c970dc992cf,cust_eb1bb47f4726,pay_7965396aa53957,6,0.947,0,1010.47,INR,upi,insufficient_funds,1,0.96,PAYMENT_LINK,,0,False,0.0,0.0
rec_92fe32e5dea682,cust_eb1bb47f4726,pay_7965396aa53957,6,0.947,0,1010.47,INR,upi,insufficient_funds,2,6.4,REMINDER,PAYMENT_LINK,1,False,0.0,0.0
rec_165ed6360d3987,cust_19ed59a59e85,pay_53f9beb9a3206f,1,0.923,0,34259.29,INR,upi,bank_timeout,1,1.45,RETRY,,0,True,34259.29,3.05
rec_e0bb5ab49f4de1,cust_ab132032b2e1,pay_92299a3d7cc746,4,0.904,0,1321.88,INR,card,payment_method_issue,1,1.21,PAYMENT_LINK,,0,False,0.0,0.0
rec_cf621be62758f1,cust_ab132032b2e1,pay_92299a3d7cc746,4,0.904,0,1321.88,INR,card,payment_method_issue,2,11.11,REMINDER,PAYMENT_LINK,1,True,1321.88,12.33
rec_7d0a945d52623d,cust_09ce3cfb2339,pay_b7d554978cd604,33,0.536,15,3209.17,INR,card,network_error,1,0.44,RETRY,,0,True,3209.17,1.46
rec_00668ea0020737,cust_7b5fbe413fa2,pay_952b3d41ddf662,9,0.727,2,9850.38,INR,upi,insufficient_funds,1,0.29,REMINDER,,0,False,0.0,0.0
rec_2818ae0345dc97,cust_7b5fbe413fa2,pay_952b3d41ddf662,9,0.727,2,9850.38,INR,upi,insufficient_funds,2,13.7,REMINDER,REMINDER,1,True,9850.38,15.45
rec_fe7ddbdbf3296a,cust_084d7822da94,pay_a41fcfafe659c5,1,0.883,0,2931.67,INR,upi,payment_method_issue,1,0.9,PAYMENT_LINK,,0,True,2931.67,2.21
rec_ae0a5bbe728f11,cust_af4afcdd52cb,pay_27c0fcee76f9c3,16,0.72,4,3575.51,INR,upi,technical_error,1,0.59,RETRY,,0,True,3575.51,1.7
rec_a5a57309b577ce,cust_13f392894dcc,pay_b8e118d6e73826,21,0.711,6,4170.73,INR,upi,network_error,1,1.11,RETRY,,0,False,0.0,0.0
rec_133400297a35c6,cust_13f392894dcc,pay_b8e118d6e73826,21,0.711,6,4170.73,INR,upi,network_error,2,12.55,REMINDER,RETRY,1,False,0.0,0.0
rec_fab6819cb53e4f,cust_29b01062d2e5,pay_828faa3dde114b,7,0.465,4,2406.77,INR,card,network_error,1,1.2,PAYMENT_LINK,,0,False,0.0,0.0
rec_801d9f3c6c5688,cust_bde78473a3fd,pay_45e00104ab2336,5,0.864,1,2421.23,INR,netbanking,network_error,1,0.97,RETRY,,0,False,0.0,0.0
rec_5927e2662754ea,cust_bde78473a3fd,pay_45e00104ab2336,5,0.864,1,2421.23,INR,netbanking,network_error,2,13.47,PAYMENT_LINK,RETRY,1,False,0.0,0.0
rec_b712aa925f28b5,cust_bde78473a3fd,pay_45e00104ab2336,5,0.864,1,2421.23,INR,netbanking,network_error,3,27.58,REMINDER,PAYMENT_LINK,2,False,0.0,0.0
rec_a70787103957e4,cust_3d8770347217,pay_ba4710af720b95,21,0.254,16,6417.82,INR,card,network_error,1,1.0,RETRY,,0,True,6417.82,2.27
rec_a800b54334614a,cust_23cd8a4471e6,pay_449d945a62d15a,36,0.919,3,27777.73,INR,upi,payment_method_issue,1,0.45,PAYMENT_LINK,,0,False,0.0,0.0
rec_563eb843d63b1d,cust_dd92dd7c0db9,pay_65158fc392b760,9,0.788,2,2892.8,INR,upi,insufficient_funds,1,0.67,RETRY,,0,True,2892.8,1.5
rec_bdafff6bdec0a4,cust_b4209103bca7,pay_0fc93b0b0439fd,6,0.864,1,4807.66,INR,card,payment_method_issue,1,1.61,REMINDER,,0,True,4807.66,1.8
rec_babe8c1ab01566,cust_5075b55accee,pay_0e337a77a5e1a5,3,0.75,1,10553.48,INR,upi,bank_timeout,1,1.51,PAYMENT_LINK,,0,False,0.0,0.0
rec_75f7b3dc70cf89,cust_690a7b80af8d,pay_3f10142ca1891a,42,0.586,17,6284.01,INR,card,payment_method_issue,1,1.78,PAYMENT_LINK,,0,False,0.0,0.0
rec_09747276c5324c,cust_690a7b80af8d,pay_3f10142ca1891a,42,0.586,17,6284.01,INR,card,payment_method_issue,2,11.28,PAYMENT_LINK,PAYMENT_LINK,1,True,6284.01,12.6
rec_92e9d58c20963d,cust_725d42593c4b,pay_9aeb79c4eb80c4,2,0.769,0,2342.62,INR,netbanking,insufficient_funds,1,1.44,RETRY,,0,False,0.0,0.0
rec_5c15b36c1363da,cust_a9a0758ef3a7,pay_364f1efd1ad8b5,8,0.771,2,26861.82,INR,upi,insufficient_funds,1,0.6,PAYMENT_LINK,,0,True,26861.82,1.99
rec_e83dcf21fcd9ce,cust_b4323070a23d,pay_9b86f765bde9da,72,0.822,13,31999.38,INR,card,authentication_failed,1,0.81,PAYMENT_LINK,,0,True,31999.38,1.07
rec_aab9dc4fc8a966,cust_e5f3d46692de,pay_38596d1627b728,11,0.51,5,6253.78,INR,card,authentication_failed,1,1.16,RETRY,,0,False,0.0,0.0
rec_edaab9d99bbd03,cust_e5f3d46692de,pay_38596d1627b728,11,0.51,5,6253.78,INR,card,authentication_failed,2,5.58,PAYMENT_LINK,RETRY,1,False,0.0,0.0
rec_281a20a3f176eb,cust_7c966b552f8d,pay_8b0d0c4324cace,9,0.739,2,7744.4,INR,upi,insufficient_funds,1,1.8,RETRY,,0,False,0.0,0.0
rec_ffab7ef61f769f,cust_a56c0a56f05f,pay_7fb3c50cbcce15,27,0.833,5,974.55,INR,card,bank_timeout,1,1.4,RETRY,,0,False,0.0,0.0
rec_ef43e9180c92fa,cust_a56c0a56f05f,pay_7fb3c50cbcce15,27,0.833,5,974.55,INR,card,bank_timeout,2,12.21,PAYMENT_LINK,RETRY,1,False,0.0,0.0
rec_59c2395ef12483,cust_a56c0a56f05f,pay_7fb3c50cbcce15,27,0.833,5,974.55,INR,card,bank_timeout,3,22.85,REMINDER,PAYMENT_LINK,2,False,0.0,0.0
rec_40ee7792428f04,cust_33a2ca5f4683,pay_1c71fe878afde4,34,0.841,5,5880.54,INR,card,bank_timeout,1,1.82,RETRY,,0,True,5880.54,3.33
rec_3be57a1138214a,cust_620a60ac9261,pay_8809367e72503b,8,0.753,2,9568.86,INR,wallet,insufficient_funds,1,1.68,PAYMENT_LINK,,0,False,0.0,0.0
rec_f3e25e1f32d998,cust_620a60ac9261,pay_8809367e72503b,8,0.753,2,9568.86,INR,wallet,insufficient_funds,2,8.49,REMINDER,PAYMENT_LINK,1,True,9568.86,9.95
rec_3eb00c347fad34,cust_71a6014c5f3c,pay_ee6d6442dd84e5,11,0.89,1,11278.9,INR,card,bank_timeout,1,1.86,RETRY,,0,True,11278.9,2.42
rec_904cd8e4a43f9e,cust_2c56e0cda5ba,pay_2a2287d5f6b078,19,0.702,6,1010.42,INR,card,authentication_failed,1,0.58,PAYMENT_LINK,,0,False,0.0,0.0
rec_c05a2a817067ca,cust_8761f9da0394,pay_f310d0975afbad,4,0.728,1,1461.51,INR,wallet,insufficient_funds,1,0.13,REMINDER,,0,True,1461.51,0.46
rec_df416927a79284,cust_20afaf9e0f7c,pay_5d6611996f9305,16,0.768,4,1434.42,INR,upi,insufficient_funds,1,0.96,REMINDER,,0,False,0.0,0.0
rec_7a98aaad56c542,cust_2bffe17b5324,pay_a1ba3dcbccbefa,15,0.732,4,5278.49,INR,card,payment_method_issue,1,1.47,PAYMENT_LINK,,0,True,5278.49,3.59
rec_8c5c6137ed8287,cust_76ad1c332469,pay_704751a93cac3d,7,0.715,2,3714.23,INR,card,insufficient_funds,1,0.96,RETRY,,0,True,3714.23,3.11
rec_96d5727852dd2c,cust_ab310bfef5dd,pay_7e2696fd5f916d,27,0.832,5,2071.68,INR,netbanking,bank_timeout,1,1.49,RETRY,,0,False,0.0,0.0
rec_527420a1613986,cust_ab310bfef5dd,pay_7e2696fd5f916d,27,0.832,5,2071.68,INR,netbanking,bank_timeout,2,3.69,PAYMENT_LINK,RETRY,1,False,0.0,0.0
rec_395fbde59257d3,cust_ab310bfef5dd,pay_7e2696fd5f916d,27,0.832,5,2071.68,INR,netbanking,bank_timeout,3,14.5,PAYMENT_LINK,PAYMENT_LINK,2,False,0.0,0.0
rec_33c1f5d03c9b59,cust_b3b263376a74,pay_dc173194202ce5,2,0.909,0,10827.56,INR,card,bank_timeout,1,1.26,PAYMENT_LINK,,0,True,10827.56,3.71
rec_b4347dd9baf0c0,cust_47c58839c42c,pay_5e514265b6b3c9,16,0.96,1,7250.74,INR,netbanking,technical_error,1,1.37,RETRY,,0,False,0.0,0.0
rec_da18b438770ecb,cust_60885550f74f,pay_7d765345867d28,26,0.503,13,2337.94,INR,card,insufficient_funds,1,1.34,REMINDER,,0,False,0.0,0.0
rec_94bf52863830a7,cust_60885550f74f,pay_7d765345867d28,26,0.503,13,2337.94,INR,card,insufficient_funds,2,18.37,PAYMENT_LINK,REMINDER,1,False,0.0,0.0
rec_afa56d290e24c8,cust_f997f6976fcd,pay_6ff5d312de1d9d,1,0.902,0,6707.24,INR,upi,authentication_failed,1,1.99,PAYMENT_LINK,,0,True,6707.24,2.07
rec_edd82e5c046861,cust_f1394e3c0aee,pay_0bdedc07a96914,2,0.615,1,592.39,INR,upi,payment_method_issue,1,1.8,ESCALATE,,0,False,0.0,0.0
rec_72da02d025d0bd,cust_f1394e3c0aee,pay_0bdedc07a96914,2,0.615,1,592.39,INR,upi,payment_method_issue,2,10.86,PAYMENT_LINK,ESCALATE,1,True,592.39,13.24
rec_f2131de4b99f83,cust_a2379e6fd473,pay_0404e4c33cd378,2,0.762,0,1051.01,INR,card,insufficient_funds,1,1.05,PAYMENT_LINK,,0,True,1051.01,2.45
rec_544f06507eae1b,cust_8ece112856ce,pay_50d3c6f8a333cf,2,0.423,1,2205.7,INR,upi,technical_error,1,1.15,ESCALATE,,0,False,0.0,0.0
rec_321fba0a5d5437,cust_8ece112856ce,pay_50d3c6f8a333cf,2,0.423,1,2205.7,INR,upi,technical_error,2,14.54,ESCALATE,ESCALATE,1,False,0.0,0.0
rec_0ba2148eda204e,cust_1036ca810bc4,pay_2455dd367a2b02,2,0.3,1,806.39,INR,upi,insufficient_funds,1,1.56,RETRY,,0,False,0.0,0.0
rec_635c4457514c67,cust_1036ca810bc4,pay_2455dd367a2b02,2,0.3,1,806.39,INR,upi,insufficient_funds,2,10.1,PAYMENT_LINK,RETRY,1,True,806.39,12.06
rec_f5dcb21afa8089,cust_1c31aaf3c76a,pay_d3f422c8073124,5,0.89,1,30373.23,INR,wallet,payment_method_issue,1,0.53,REMINDER,,0,False,0.0,0.0
rec_deec7df000a54e,cust_1c31aaf3c76a,pay_d3f422c8073124,5,0.89,1,30373.23,INR,wallet,payment_method_issue,2,14.13,PAYMENT_LINK,REMINDER,1,True,30373.23,15.34
rec_8411666dc35147,cust_2ede24873730,pay_d4314919090c0e,11,0.95,1,26135.46,INR,card,insufficient_funds,1,0.6,PAYMENT_LINK,,0,False,0.0,0.0
rec_69ec66a9aaad67,cust_2ede24873730,pay_d4314919090c0e,11,0.95,1,26135.46,INR,card,insufficient_funds,2,17.46,REMINDER,PAYMENT_LINK,1,True,26135.46,18.82
rec_c1d8d365bebb99,cust_02bdeabe7060,pay_fee508665f13a3,11,0.611,4,33436.5,INR,upi,bank_timeout,1,1.84,RETRY,,0,False,0.0,0.0
rec_fa2b218d5a9215,cust_02bdeabe7060,pay_fee508665f13a3,11,0.611,4,33436.5,INR,upi,bank_timeout,2,14.06,RETRY,RETRY,1,False,0.0,0.0
rec_887f5cd7bfaeca,cust_02bdeabe7060,pay_fee508665f13a3,11,0.611,4,33436.5,INR,upi,bank_timeout,3,16.25,PAYMENT_LINK,RETRY,2,False,0.0,0.0
rec_26237a14a118bb,cust_b757ec69c09c,pay_069a3c79108fa5,4,0.979,0,11207.51,INR,netbanking,authentication_failed,1,0.39,PAYMENT_LINK,,0,False,0.0,0.0
rec_1e6f1679abce53,cust_37bb3eec4bf5,pay_1d385f3bf0f275,65,0.901,6,1000.52,INR,card,network_error,1,1.5,RETRY,,0,True,1000.52,2.54
rec_d44a5f1ddf2680,cust_d50cf57e3dc8,pay_57e0f61e160379,3,0.923,0,8667.18,INR,wallet,bank_timeout,1,1.33,RETRY,,0,True,8667.18,2.25
rec_ca2562969b632d,cust_0770d18fc916,pay_a406522ff2ef3e,1,0.959,0,584.78,INR,upi,bank_timeout,1,1.76,RETRY,,0,False,0.0,0.0
rec_a644190be54843,cust_0770d18fc916,pay_a406522ff2ef3e,1,0.959,0,584.78,INR,upi,bank_timeout,2,8.68,PAYMENT_LINK,RETRY,1,True,584.78,9.58
rec_7c09102718e741,cust_7496276412a4,pay_c9dbd38739aaeb,1,0.833,0,4900.49,INR,card,insufficient_funds,1,0.37,PAYMENT_LINK,,0,False,0.0,0.0
rec_66c0aec2682f4a,cust_ebc78c063e9a,pay_108b0830597767,6,0.868,1,9955.13,INR,netbanking,network_error,1,0.6,PAYMENT_LINK,,0,False,0.0,0.0
rec_363334e75b621e,cust_ebc78c063e9a,pay_108b0830597767,6,0.868,1,9955.13,INR,netbanking,network_error,2,13.84,REMINDER,PAYMENT_LINK,1,True,9955.13,13.99
rec_affb1199029f74,cust_e1896b253a5b,pay_b393eaea45f216,2,0.773,0,46282.75,INR,upi,network_error,1,1.62,RETRY,,0,False,0.0,0.0
rec_f1fa007f808091,cust_e1896b253a5b,pay_b393eaea45f216,2,0.773,0,46282.75,INR,upi,network_error,2,12.83,PAYMENT_LINK,RETRY,1,False,0.0,0.0
rec_8baab659a06fda,cust_004b6fabfcf5,pay_f3d107d7038fb6,5,0.428,3,2911.1,INR,netbanking,unknown,1,1.92,RETRY,,0,False,0.0,0.0
rec_0dfd7bf65d65c9,cust_004b6fabfcf5,pay_f3d107d7038fb6,5,0.428,3,2911.1,INR,netbanking,unknown,2,8.62,REMINDER,RETRY,1,False,0.0,0.0
rec_27497654fecdd1,cust_004b6fabfcf5,pay_f3d107d7038fb6,5,0.428,3,2911.1,INR,netbanking,unknown,3,12.24,PAYMENT_LINK,REMINDER,2,False,0.0,0.0
rec_5acab15395813f,cust_6544e3136ea0,pay_5963ec64ddb77f,4,0.752,1,501.41,INR,upi,authentication_failed,1,0.96,RETRY,,0,False,0.0,0.0
rec_c2296d7316ecd8,cust_aa5ca8cd1f83,pay_f11afe8d9598aa,3,0.833,1,983.27,INR,card,bank_timeout,1,1.17,PAYMENT_LINK,,0,True,983.27,3.43
rec_4332b20b43d114,cust_5fcc997d1cbb,pay_096d39046c9f0c,8,0.345,5,4552.41,INR,netbanking,technical_error,1,0.6,RETRY,,0,True,4552.41,1.67
rec_ac54af27a8ec90,cust_4b83b5708bb4,pay_48af900342e05a,10,0.809,2,37922.75,INR,upi,authentication_failed,1,1.24,REMINDER,,0,True,37922.75,3.71
rec_3f1c9fa171b9f6,cust_f76c432eb442,pay_381d268dd5d13f,15,0.932,1,43075.81,INR,upi,bank_timeout,1,1.06,RETRY,,0,True,43075.81,3.1
rec_cbf84d9700def3,cust_bbcd6c18a06e,pay_e621de874ffd45,5,0.334,3,1529.62,INR,upi,network_error,1,1.02,RETRY,,0,True,1529.62,3.14
rec_1f75214af058bd,cust_4663f1a104db,pay_30f7d6e65a3094,28,0.962,1,1110.54,INR,card,bank_timeout,1,0.48,RETRY,,0,True,1110.54,0.75
rec_a37c1f1180d970,cust_4d187b75a971,pay_0246dd11d7abd7,5,0.961,0,1183.4,INR,netbanking,technical_error,1,1.29,PAYMENT_LINK,,0,True,1183.4,2.24
rec_efb1398b878d2c,cust_4de1087bafa1,pay_ec337edc868d2c,5,0.734,1,236.08,INR,card,bank_timeout,1,0.84,RETRY,,0,True,236.08,2.5
rec_cb22537a81b121,cust_0ab74b5dfcd4,pay_7848e499681e1f,1,0.702,0,891.88,INR,card,insufficient_funds,1,0.95,PAYMENT_LINK,,0,True,891.88,3.16
rec_12ab21e5c990c5,cust_fdb1429e7010,pay_4afb483ed832b4,16,0.748,4,7836.86,INR,upi,network_error,1,1.53,RETRY,,0,True,7836.86,2.24
rec_5490c6d7afce83,cust_1e42d2b80067,pay_7eb212b7e283ef,3,0.898,0,2624.73,INR,upi,payment_method_issue,1,0.88,REMINDER,,0,False,0.0,0.0
rec_03cad65998ccaa,cust_9a2fc701f3af,pay_a56b3436706b77,13,0.716,4,2336.12,INR,card,bank_timeout,1,0.33,PAYMENT_LINK,,0,False,0.0,0.0
rec_38bb503488b4fd,cust_9a2fc701f3af,pay_a56b3436706b77,13,0.716,4,2336.12,INR,card,bank_timeout,2,7.79,PAYMENT_LINK,PAYMENT_LINK,1,False,0.0,0.0
rec_1e861ea4de641c,cust_5cae9610c72c,pay_f9098f89cba527,17,0.909,2,10983.33,INR,card,bank_timeout,1,0.86,PAYMENT_LINK,,0,True,10983.33,1.95
rec_8b4f36e87be901,cust_65f30779f6ee,pay_b17086f6d62814,5,0.338,3,8531.41,INR,netbanking,payment_method_issue,1,0.24,REMINDER,,0,False,0.0,0.0
rec_5a6c627b614b58,cust_edba94842759,pay_cf22762542954e,4,0.899,0,1088.06,INR,netbanking,bank_timeout,1,0.82,RETRY,,0,False,0.0,0.0
rec_a72c6899fd25f1,cust_edba94842759,pay_cf22762542954e,4,0.899,0,1088.06,INR,netbanking,bank_timeout,2,3.77,PAYMENT_LINK,RETRY,1,False,0.0,0.0
rec_6d1f7a3ae4cd43,cust_56cb1ab062fb,pay_7e94b9bcf3b033,6,0.577,3,1893.35,INR,card,payment_method_issue,1,0.74,PAYMENT_LINK,,0,False,0.0,0.0
rec_f4998f1e0b0964,cust_56cb1ab062fb,pay_7e94b9bcf3b033,6,0.577,3,1893.35,INR,card,payment_method_issue,2,18.13,PAYMENT_LINK,PAYMENT_LINK,1,False,0.0,0.0
rec_0983fd671075ac,cust_e893be3d7354,pay_087d8e154a01d7,12,0.763,3,2625.05,INR,netbanking,payment_method_issue,1,1.04,PAYMENT_LINK,,0,False,0.0,0.0
rec_6c32e888f4bd73,cust_e893be3d7354,pay_087d8e154a01d7,12,0.763,3,2625.05,INR,netbanking,payment_method_issue,2,12.07,REMINDER,PAYMENT_LINK,1,False,0.0,0.0
rec_322abec8fc52cf,cust_1440adec1243,pay_fb09e6890cb3bc,5,0.86,1,1371.49,INR,card,insufficient_funds,1,1.87,PAYMENT_LINK,,0,True,1371.49,3.0
rec_2d55455b64228a,cust_29b01062d2e5,pay_ec6c72f2152f91,7,0.465,4,752.51,INR,card,authentication_failed,1,1.25,PAYMENT_LINK,,0,True,752.51,3.37
rec_2bfa03b39db51c,cust_17e8392a55ce,pay_2d61a77aa1eaf5,3,0.844,0,47557.54,INR,upi,authentication_failed,1,0.72,REMINDER,,0,False,0.0,0.0
rec_2715c8702c9292,cust_17e8392a55ce,pay_2d61a77aa1eaf5,3,0.844,0,47557.54,INR,upi,authentication_failed,2,3.73,PAYMENT_LINK,REMINDER,1,True,47557.54,4.07
rec_7d42f43a4bb597,cust_892621df4655,pay_74197c75932c70,1,0.703,0,4571.88,INR,upi,bank_timeout,1,0.31,PAYMENT_LINK,,0,True,4571.88,2.04
rec_45044404fb7a3a,cust_b864a47ba434,pay_15d75f31a410f7,7,0.889,1,1324.09,INR,card,authentication_failed,1,0.96,PAYMENT_LINK,,0,True,1324.09,3.04
rec_8a27527c3e775b,cust_5c56d9bc5111,pay_99415464fcab60,3,0.877,0,5179.64,INR,netbanking,insufficient_funds,1,1.31,PAYMENT_LINK,,0,False,0.0,0.0
rec_fdcadf205cd15f,cust_7118e3647709,pay_7ff2fd87bddefe,5,0.862,1,11723.76,INR,upi,bank_timeout,1,0.46,RETRY,,0,True,11723.76,0.7
rec_332c6797ad5b8b,cust_8f43a2509f79,pay_35a056373164e8,2,0.777,0,2456.32,INR,card,insufficient_funds,1,0.9,PAYMENT_LINK,,0,True,2456.32,1.03
rec_62e679afc2b249,cust_f5948a545f80,pay_d965a8ee01d392,9,0.368,6,18323.15,INR,card,unknown,1,0.2,RETRY,,0,False,0.0,0.0
rec_0d6fa6314af73b,cust_f5948a545f80,pay_d965a8ee01d392,9,0.368,6,18323.15,INR,card,unknown,2,8.58,RETRY,RETRY,1,False,0.0,0.0
rec_9299ab6ca307ec,cust_9780c2152b2b,pay_1055a10d01ff49,2,0.849,0,2134.07,INR,card,network_error,1,0.66,RETRY,,0,True,2134.07,2.58
rec_991d235e5d63a3,cust_3756999b251a,pay_b5b2446ae55f6b,3,0.836,0,2555.21,INR,upi,insufficient_funds,1,1.57,PAYMENT_LINK,,0,True,2555.21,3.59
rec_190a6307fe8702,cust_29ede7602334,pay_5c8bfec43d16ee,15,0.939,1,505.4,INR,upi,bank_timeout,1,1.44,REMINDER,,0,False,0.0,0.0
rec_94c43fa84b7b78,cust_29ede7602334,pay_5c8bfec43d16ee,15,0.939,1,505.4,INR,upi,bank_timeout,2,4.31,REMINDER,REMINDER,1,False,0.0,0.0
rec_14c676e2499cc7,cust_29ede7602334,pay_5c8bfec43d16ee,15,0.939,1,505.4,INR,upi,bank_timeout,3,8.99,PAYMENT_LINK,REMINDER,2,False,0.0,0.0
rec_590e62f9c4b810,cust_d5e4157d23ba,pay_15e00ea2788792,20,0.436,11,735.6,INR,card,authentication_failed,1,1.4,REMINDER,,0,False,0.0,0.0
rec_85cbad8de9a5aa,cust_d5e4157d23ba,pay_15e00ea2788792,20,0.436,11,735.6,INR,card,authentication_failed,2,6.01,STOP,REMINDER,1,False,0.0,0.0
rec_42101b3a1112ae,cust_8bb5f2425105,pay_ecad8838d80d9f,11,0.805,2,2459.2,INR,card,technical_error,1,1.15,RETRY,,0,True,2459.2,3.32
rec_bdb6e680ec4f91,cust_82c299f07487,pay_b3a3d7e04af27e,1,0.861,0,5805.79,INR,card,insufficient_funds,1,0.89,RETRY,,0,False,0.0,0.0
rec_01e7926741110b,cust_a0135044a041,pay_e42fdb2392c801,1,0.746,0,37930.58,INR,upi,insufficient_funds,1,1.82,PAYMENT_LINK,,0,True,37930.58,3.68
rec_db69f16238be7c,cust_661f7117dd92,pay_eee23b99173c26,6,0.75,2,2671.21,INR,card,bank_timeout,1,0.3,RETRY,,0,True,2671.21,0.66
rec_1056d60e91da3e,cust_13ad3ead816e,pay_167d3369a664e5,20,0.78,4,281.92,INR,card,insufficient_funds,1,1.22,RETRY,,0,False,0.0,0.0
rec_47b88c49debce1,cust_a5accd5a48f1,pay_51338523e93345,2,0.322,1,562.66,INR,upi,bank_timeout,1,1.8,PAYMENT_LINK,,0,True,562.66,2.56
rec_46560d3a24fd8c,cust_114890547b6c,pay_f5dc5ffe4d8e94,13,0.39,8,11880.54,INR,card,bank_timeout,1,1.77,PAYMENT_LINK,,0,False,0.0,0.0
rec_a4eba7530ffc87,cust_114890547b6c,pay_f5dc5ffe4d8e94,13,0.39,8,11880.54,INR,card,bank_timeout,2,18.32,REMINDER,PAYMENT_LINK,1,False,0.0,0.0
rec_3cf1e41b261847,cust_5780be1712fe,pay_cbed9db912c2ef,23,0.789,5,2776.58,INR,card,bank_timeout,1,1.09,RETRY,,0,True,2776.58,2.68
rec_0271d199508152,cust_0b704f97ded4,pay_2598c556518fe8,21,0.734,6,2308.98,INR,card,bank_timeout,1,0.46,RETRY,,0,True,2308.98,2.63
rec_e2821da3be2a1c,cust_01a4c2d14edf,pay_49b9e2acd24f9f,2,0.96,0,2133.88,INR,card,unknown,1,1.86,RETRY,,0,False,0.0,0.0
rec_0db307c960308e,cust_5e1b015f6a1c,pay_030aaf26af0029,14,0.602,6,32646.15,INR,netbanking,bank_timeout,1,1.02,PAYMENT_LINK,,0,False,0.0,0.0
rec_1b42200d4637d5,cust_5e1b015f6a1c,pay_030aaf26af0029,14,0.602,6,32646.15,INR,netbanking,bank_timeout,2,4.8,ESCALATE,PAYMENT_LINK,1,False,0.0,0.0
rec_3fa4dd7e78031d,cust_fc950bbae818,pay_473f53b1f78761,2,0.815,0,7396.08,INR,netbanking,bank_timeout,1,0.61,ESCALATE,,0,False,0.0,0.0
rec_0c7cf07251dc70,cust_3b1723197f4d,pay_aa33d95b1801ea,4,0.73,1,2359.94,INR,card,payment_method_issue,1,1.69,REMINDER,,0,False,0.0,0.0
rec_2b4d8b6b5bc49f,cust_daf61a26146d,pay_7948e0fc36da2e,15,0.764,4,2752.42,INR,card,insufficient_funds,1,0.86,PAYMENT_LINK,,0,False,0.0,0.0
rec_9955a3e1085287,cust_daf61a26146d,pay_7948e0fc36da2e,15,0.764,4,2752.42,INR,card,insufficient_funds,2,11.89,PAYMENT_LINK,PAYMENT_LINK,1,False,0.0,0.0
rec_13b3f64549bbaf,cust_5f34fd6c7bf7,pay_87d7ddf511427e,2,0.748,1,2242.78,INR,upi,authentication_failed,1,0.85,RETRY,,0,False,0.0,0.0
rec_9c85a324e47826,cust_d03bcbfcdca7,pay_58a909e798c9a8,14,0.9,1,3317.1,INR,upi,network_error,1,1.81,PAYMENT_LINK,,0,True,3317.1,3.06
rec_e0d1843523b92d,cust_46fc4ff212f1,pay_a7f81262bec0b0,29,0.791,6,1605.45,INR,card,network_error,1,0.39,RETRY,,0,False,0.0,0.0
rec_14d0c8ecf4a04c,cust_46fc4ff212f1,pay_a7f81262bec0b0,29,0.791,6,1605.45,INR,card,network_error,2,11.26,RETRY,RETRY,1,False,0.0,0.0
rec_f705534af53dbf,cust_c09c2ebe80da,pay_58a1a0be2312a6,8,0.711,2,2131.37,INR,netbanking,authentication_failed,1,0.75,PAYMENT_LINK,,0,True,2131.37,2.49
rec_e5592193ad1dac,cust_f6ba745ba558,pay_7f2e9db12ca9ff,7,0.914,1,7451.08,INR,card,insufficient_funds,1,1.03,RETRY,,0,False,0.0,0.0
rec_e5795c1c3d0bb4,cust_f6ba745ba558,pay_7f2e9db12ca9ff,7,0.914,1,7451.08,INR,card,insufficient_funds,2,7.98,PAYMENT_LINK,RETRY,1,True,7451.08,8.48
rec_f3cb70d339e9e1,cust_27d415b60d77,pay_74916fe2821868,16,0.859,2,2183.95,INR,card,insufficient_funds,1,1.96,ESCALATE,,0,True,2183.95,4.36
rec_abe1420c4b9e3f,cust_42a9f7e5244c,pay_dd0f589b008f3f,26,0.789,5,6277.22,INR,upi,network_error,1,1.14,PAYMENT_LINK,,0,False,0.0,0.0
rec_38f787f4262261,cust_42a9f7e5244c,pay_dd0f589b008f3f,26,0.789,5,6277.22,INR,upi,network_error,2,15.68,REMINDER,PAYMENT_LINK,1,False,0.0,0.0
rec_79b5634d078584,cust_71414f58db8e,pay_ae5703b4f5fd2d,6,0.304,4,3642.98,INR,upi,bank_timeout,1,0.71,PAYMENT_LINK,,0,True,3642.98,2.37
rec_23b1f09f360c90,cust_c04446bfd9f4,pay_0b5a9b5aad2857,3,0.924,0,927.37,INR,wallet,insufficient_funds,1,1.1,PAYMENT_LINK,,0,False,0.0,0.0
rec_c90cd6967bedb4,cust_c04446bfd9f4,pay_0b5a9b5aad2857,3,0.924,0,927.37,INR,wallet,insufficient_funds,2,16.26,PAYMENT_LINK,PAYMENT_LINK,1,True,927.37,16.73
rec_5a6f21ccf995ff,cust_663b4427bef7,pay_dc2fef74b430f5,1,0.91,0,3533.11,INR,upi,network_error,1,1.19,PAYMENT_LINK,,0,True,3533.11,2.42
rec_cf4908defed9fc,cust_521902163d21,pay_7acf411534818e,3,0.94,0,4115.04,INR,wallet,bank_timeout,1,1.65,RETRY,,0,True,4115.04,1.83
rec_71bb3632328506,cust_eefb2a247169,pay_9fe575961b514f,7,0.744,2,2790.14,INR,netbanking,insufficient_funds,1,1.46,REMINDER,,0,False,0.0,0.0
rec_8b31deb93b371f,cust_eefb2a247169,pay_9fe575961b514f,7,0.744,2,2790.14,INR,netbanking,insufficient_funds,2,13.67,STOP,REMINDER,1,False,0.0,0.0
rec_5224bc0103f8c8,cust_fb7d9f1c57eb,pay_35783061cb0021,2,0.729,1,2078.2,INR,upi,insufficient_funds,1,0.68,PAYMENT_LINK,,0,True,2078.2,1.93
rec_a6e38e23908cf3,cust_61af663ced2e,pay_81f8fc53f17dcf,19,0.781,4,2590.36,INR,netbanking,authentication_failed,1,0.29,PAYMENT_LINK,,0,False,0.0,0.0
rec_11f5691a76e940,cust_ed3353fc692c,pay_ce542fef0ed665,11,0.354,7,39707.62,INR,upi,authentication_failed,1,1.22,PAYMENT_LINK,,0,True,39707.62,2.46
rec_b2b6fdf8a999ac,cust_304630085fa7,pay_523565e019ae3c,7,0.765,2,10261.75,INR,card,network_error,1,0.95,RETRY,,0,True,10261.75,2.21
rec_349fafe97d7585,cust_cab214388557,pay_19910748173243,5,0.88,1,2962.37,INR,upi,network_error,1,2.0,RETRY,,0,True,2962.37,2.59
rec_231ab6d394a966,cust_60a399d4e821,pay_3af940f50e9c4a,7,0.418,4,1942.75,INR,wallet,bank_timeout,1,1.9,RETRY,,0,True,1942.75,2.96
rec_7a6a1f12ee826d,cust_66245bfa4fcc,pay_5efe5b1eeb6717,3,0.904,0,325.23,INR,card,bank_timeout,1,0.45,REMINDER,,0,True,325.23,1.23
rec_a2bf94379fd044,cust_4d187b75a971,pay_523ea0ddebc582,5,0.961,0,1387.88,INR,card,bank_timeout,1,1.36,RETRY,,0,True,1387.88,3.39
rec_b3a3be65f9ad7f,cust_750cab754ccc,pay_28ae1d8afc9295,16,0.811,3,40424.95,INR,card,insufficient_funds,1,1.14,REMINDER,,0,False,0.0,0.0
rec_cd5ec9fec0e74d,cust_750cab754ccc,pay_28ae1d8afc9295,16,0.811,3,40424.95,INR,card,insufficient_funds,2,8.27,STOP,REMINDER,1,False,0.0,0.0
rec_c7a05fe189e39c,cust_77806788dff1,pay_8a23af146a16e2,20,0.888,2,11437.84,INR,upi,insufficient_funds,1,0.93,PAYMENT_LINK,,0,False,0.0,0.0
rec_42a3053250893f,cust_77806788dff1,pay_8a23af146a16e2,20,0.888,2,11437.84,INR,upi,insufficient_funds,2,4.2,REMINDER,PAYMENT_LINK,1,True,11437.84,6.69
rec_64c03fd0bab65e,cust_34e420bfdb38,pay_f947591a15bd5f,19,0.838,3,6329.13,INR,upi,insufficient_funds,1,1.02,PAYMENT_LINK,,0,False,0.0,0.0
rec_091245123e23d7,cust_34e420bfdb38,pay_f947591a15bd5f,19,0.838,3,6329.13,INR,upi,insufficient_funds,2,13.36,ESCALATE,PAYMENT_LINK,1,False,0.0,0.0
rec_df853f894d9fec,cust_34e420bfdb38,pay_f947591a15bd5f,19,0.838,3,6329.13,INR,upi,insufficient_funds,3,30.16,PAYMENT_LINK,ESCALATE,2,True,6329.13,30.84
rec_e3b3a6340a4a90,cust_b757ec69c09c,pay_6339a8650d5a92,4,0.979,0,3171.94,INR,card,bank_timeout,1,1.59,RETRY,,0,True,3171.94,1.65
rec_fe57899d4834b0,cust_675dd5af3c36,pay_413f294d698f5d,2,0.867,0,5267.27,INR,upi,authentication_failed,1,0.5,PAYMENT_LINK,,0,True,5267.27,0.97
rec_1cb2efc481d41b,cust_01b1c62616a4,pay_48328efbdc13d1,52,0.969,2,575.74,INR,upi,bank_timeout,1,1.94,RETRY,,0,True,575.74,3.8
rec_d693090fde366f,cust_be9d61ee18b8,pay_5a57ea2962518f,31,0.933,2,2041.05,INR,card,network_error,1,0.8,RETRY,,0,True,2041.05,1.68
rec_d0907cddd54970,cust_054f92fff366,pay_12374a0341b895,2,0.618,1,9153.86,INR,upi,technical_error,1,1.73,RETRY,,0,False,0.0,0.0
rec_2803eb01d2af70,cust_054f92fff366,pay_12374a0341b895,2,0.618,1,9153.86,INR,upi,technical_error,2,5.35,PAYMENT_LINK,RETRY,1,False,0.0,0.0
rec_5cba8c83298368,cust_054f92fff366,pay_12374a0341b895,2,0.618,1,9153.86,INR,upi,technical_error,3,18.56,PAYMENT_LINK,PAYMENT_LINK,2,False,0.0,0.0
rec_472f2e774ae2dd,cust_054f92fff366,pay_12374a0341b895,2,0.618,1,9153.86,INR,upi,technical_error,4,25.48,ESCALATE,PAYMENT_LINK,3,False,0.0,0.0
rec_db2e59b016885d,cust_bf7614495cf8,pay_f2c7530cc2d623,13,0.825,2,8462.45,INR,upi,bank_timeout,1,0.69,RETRY,,0,True,8462.45,2.93
rec_5319f42cb78fe9,cust_88438de259cf,pay_2082c20ba1f99e,2,0.758,0,2287.46,INR,upi,network_error,1,1.87,RETRY,,0,False,0.0,0.0
rec_f8ae44714ca15e,cust_88438de259cf,pay_2082c20ba1f99e,2,0.758,0,2287.46,INR,upi,network_error,2,19.54,PAYMENT_LINK,RETRY,1,False,0.0,0.0
rec_a4f4d3b1279842,cust_7a9e8394bb4c,pay_e39a1e12051fb6,10,0.445,6,2048.54,INR,upi,technical_error,1,1.74,RETRY,,0,False,0.0,0.0
rec_ecdc166d785350,cust_956abfdfbf4e,pay_80cda07cccf0e4,8,0.897,1,250.2,INR,wallet,network_error,1,1.01,RETRY,,0,True,250.2,3.03
rec_ce85f2046f6a62,cust_161d6acf1eb6,pay_46310d283f8c18,22,0.531,10,6155.5,INR,upi,technical_error,1,0.96,PAYMENT_LINK,,0,False,0.0,0.0
rec_9c514971b12ba5,cust_161d6acf1eb6,pay_46310d283f8c18,22,0.531,10,6155.5,INR,upi,technical_error,2,10.28,REMINDER,PAYMENT_LINK,1,False,0.0,0.0
rec_d8c9fa29eda84e,cust_50ee7a92a091,pay_5d624823e4e591,10,0.875,1,2547.09,INR,card,authentication_failed,1,1.33,PAYMENT_LINK,,0,False,0.0,0.0
rec_d3016a71abc09a,cust_4a7d6fa11d9d,pay_db7b69a2c084b2,10,0.606,4,1809.45,INR,card,insufficient_funds,1,1.34,PAYMENT_LINK,,0,False,0.0,0.0
rec_72015460c8fc1e,cust_4a7d6fa11d9d,pay_db7b69a2c084b2,10,0.606,4,1809.45,INR,card,insufficient_funds,2,19.02,REMINDER,PAYMENT_LINK,1,False,0.0,0.0
rec_15e6b91db27c7e,cust_e606d7c21e18,pay_1c696395fe8e3b,5,0.825,1,1194.23,INR,upi,technical_error,1,1.89,REMINDER,,0,False,0.0,0.0
rec_e80d581bf324a0,cust_3b964c74ffe6,pay_0928f31d483c92,1,0.483,1,10058.15,INR,upi,technical_error,1,0.71,RETRY,,0,True,10058.15,2.3
rec_00d34b0b2f09da,cust_ded5c0172143,pay_562d85e55b6032,8,0.967,0,9385.67,INR,upi,insufficient_funds,1,1.68,PAYMENT_LINK,,0,True,9385.67,2.56
rec_798cab142495c5,cust_439db29d4bc8,pay_e603e73790b705,2,0.765,0,803.29,INR,card,insufficient_funds,1,0.99,PAYMENT_LINK,,0,False,0.0,0.0
rec_8e299e08b7a6c7,cust_439db29d4bc8,pay_e603e73790b705,2,0.765,0,803.29,INR,card,insufficient_funds,2,9.22,PAYMENT_LINK,PAYMENT_LINK,1,True,803.29,10.63
rec_c7225d8f2ff97a,cust_7316ce642a14,pay_2857e29add0499,3,0.864,0,8806.03,INR,upi,insufficient_funds,1,0.55,RETRY,,0,False,0.0,0.0
rec_999def8ac530ad,cust_7316ce642a14,pay_2857e29add0499,3,0.864,0,8806.03,INR,upi,insufficient_funds,2,9.98,REMINDER,RETRY,1,True,8806.03,11.36
rec_86875d7cae467f,cust_56a701aba66c,pay_b1248af33250d6,44,0.715,13,357.57,INR,upi,technical_error,1,1.62,RETRY,,0,False,0.0,0.0
rec_961f8ddf108b90,cust_56a701aba66c,pay_b1248af33250d6,44,0.715,13,357.57,INR,upi,technical_error,2,7.72,PAYMENT_LINK,RETRY,1,True,357.57,10.2
rec_87b8b91979f771,cust_1139fa1234c1,pay_94fa255f6da6d6,7,0.947,0,2591.68,INR,upi,technical_error,1,0.75,RETRY,,0,True,2591.68,0.98
rec_c55251f9f26ac7,cust_2518ec09efdd,pay_0db043473549f4,7,0.97,0,328.03,INR,upi,bank_timeout,1,1.53,PAYMENT_LINK,,0,False,0.0,0.0
rec_b752ed69dc46fd,cust_2518ec09efdd,pay_0db043473549f4,7,0.97,0,328.03,INR,upi,bank_timeout,2,11.22,PAYMENT_LINK,PAYMENT_LINK,1,False,0.0,0.0
rec_e6af43066ba7d9,cust_2fb7e9bd5fe9,pay_1900d6f2480a44,9,0.905,1,451.8,INR,card,authentication_failed,1,0.77,PAYMENT_LINK,,0,True,451.8,1.25
rec_cf49d9fc0709e2,cust_e4e751de57ff,pay_8adab2f21b62f6,5,0.859,1,1493.01,INR,upi,bank_timeout,1,0.93,RETRY,,0,False,0.0,0.0
rec_305ac176d3bc4c,cust_bd90b81afbe0,pay_bfd52d8fe7eb19,23,0.89,3,49724.6,INR,upi,insufficient_funds,1,0.92,REMINDER,,0,True,49724.6,2.38
rec_8cc5c84ea0b80b,cust_f090f5a0ce61,pay_e16ab4975b7486,46,0.928,3,9712.67,INR,wallet,payment_method_issue,1,1.11,PAYMENT_LINK,,0,False,0.0,0.0
rec_288bd29666a9f9,cust_7a36e788f71f,pay_027d93cc3e5f37,2,0.877,0,9579.27,INR,netbanking,insufficient_funds,1,0.36,ESCALATE,,0,False,0.0,0.0
rec_718a26f46cad40,cust_7a36e788f71f,pay_027d93cc3e5f37,2,0.877,0,9579.27,INR,netbanking,insufficient_funds,2,8.08,STOP,ESCALATE,1,False,0.0,0.0
rec_e292d53d96d4be,cust_d81861124cde,pay_dca676b34725d0,6,0.742,2,8703.19,INR,upi,network_error,1,0.57,RETRY,,0,True,8703.19,1.75
rec_eb58c938623053,cust_23900c1dd129,pay_91c3e85586c8a7,6,0.885,1,10745.53,INR,card,bank_timeout,1,1.1,RETRY,,0,True,10745.53,1.78
rec_51161b26be6038,cust_41992fdfb310,pay_61205840716fe3,2,0.858,0,10712.37,INR,card,insufficient_funds,1,1.28,PAYMENT_LINK,,0,False,0.0,0.0
rec_13d694fb438d26,cust_41992fdfb310,pay_61205840716fe3,2,0.858,0,10712.37,INR,card,insufficient_funds,2,11.06,PAYMENT_LINK,PAYMENT_LINK,1,True,10712.37,11.45
rec_4a85e4d2198550,cust_5cabcc97663f,pay_91186af41a2f51,10,0.864,1,1865.4,INR,netbanking,bank_timeout,1,1.41,ESCALATE,,0,True,1865.4,2.35
rec_f45306bc39a9db,cust_65f30779f6ee,pay_07abbbee515ea0,5,0.338,3,785.64,INR,card,bank_timeout,1,0.25,RETRY,,0,True,785.64,1.2
rec_071bd8dff39a67,cust_096765693cb2,pay_b1c493d60ebabb,10,0.728,3,2151.59,INR,card,network_error,1,0.98,RETRY,,0,False,0.0,0.0
rec_eee8c588b4a509,cust_096765693cb2,pay_b1c493d60ebabb,10,0.728,3,2151.59,INR,card,network_error,2,15.81,STOP,RETRY,1,False,0.0,0.0
rec_e1921247a9186b,cust_d0096b2a0041,pay_f9b18820d996be,10,0.955,0,1467.8,INR,card,authentication_failed,1,1.64,PAYMENT_LINK,,0,False,0.0,0.0
rec_9dd838ea8d35e4,cust_d0096b2a0041,pay_f9b18820d996be,10,0.955,0,1467.8,INR,card,authentication_failed,2,18.75,REMINDER,PAYMENT_LINK,1,True,1467.8,18.99
rec_5026d1aea67be6,cust_66124ab4f9b2,pay_e57e0377ad6162,5,0.906,0,2950.91,INR,upi,bank_timeout,1,0.82,RETRY,,0,True,2950.91,1.86
rec_50da4a0ae4e94f,cust_8163b6ce1877,pay_b8cc49598ae052,15,0.973,0,973.89,INR,upi,bank_timeout,1,1.16,ESCALATE,,0,True,973.89,1.95
rec_cc809e5f30c747,cust_069f14f14018,pay_f1982abd927a08,2,0.821,0,2906.62,INR,netbanking,payment_method_issue,1,1.29,RETRY,,0,False,0.0,0.0
rec_d65f5de9021b5b,cust_25f88c7453ea,pay_c1b02d73fb2dda,22,0.711,6,1556.26,INR,upi,bank_timeout,1,0.72,PAYMENT_LINK,,0,True,1556.26,1.14
rec_4202a016da4cc1,cust_55c551fcfba5,pay_42cce5eddd6b04,26,0.859,4,6481.11,INR,netbanking,network_error,1,1.42,RETRY,,0,False,0.0,0.0
rec_4cd3f6ad1da5a7,cust_55c551fcfba5,pay_42cce5eddd6b04,26,0.859,4,6481.11,INR,netbanking,network_error,2,17.5,REMINDER,RETRY,1,True,6481.11,19.45
rec_bceeacdd7ded74,cust_deaf0fa924a6,pay_5e7cf1c20e3656,29,0.782,6,12801.29,INR,card,authentication_failed,1,1.59,RETRY,,0,False,0.0,0.0
rec_ca7d42cd7e6226,cust_80daa8ca6230,pay_45553ab3433d3d,4,0.796,1,3822.68,INR,card,unknown,1,1.52,REMINDER,,0,False,0.0,0.0
rec_d1b31ef854126c,cust_80daa8ca6230,pay_45553ab3433d3d,4,0.796,1,3822.68,INR,card,unknown,2,13.59,REMINDER,REMINDER,1,True,3822.68,14.49
rec_8141bcdfaa500a,cust_994316bbd4d3,pay_6a40c746a86dd8,3,0.905,0,45514.72,INR,upi,bank_timeout,1,1.27,RETRY,,0,True,45514.72,1.47
rec_abf419aa277720,cust_12f5131ada52,pay_016d8e8ded49e0,5,0.466,3,1269.02,INR,upi,insufficient_funds,1,0.12,PAYMENT_LINK,,0,True,1269.02,1.21
rec_b0146f0b14905d,cust_7986f498b52f,pay_77afe93ac96c67,44,0.76,11,2263.16,INR,upi,insufficient_funds,1,0.33,PAYMENT_LINK,,0,True,2263.16,2.33
rec_878b9dd11a4704,cust_30c3ef8a592a,pay_1c62c232f62751,31,0.888,3,7831.96,INR,card,payment_method_issue,1,1.83,PAYMENT_LINK,,0,True,7831.96,2.78
rec_f35fc75f02bb7a,cust_3527bceed343,pay_6ef7ccbb0bb5aa,4,0.874,1,566.44,INR,card,network_error,1,1.62,PAYMENT_LINK,,0,True,566.44,3.79
rec_0dec2d12b02865,cust_a9eb0bf9850e,pay_288f8b615cc4f5,5,0.89,1,693.78,INR,card,authentication_failed,1,0.52,REMINDER,,0,False,0.0,0.0
rec_9580da3a97cf69,cust_a9eb0bf9850e,pay_288f8b615cc4f5,5,0.89,1,693.78,INR,card,authentication_failed,2,16.84,REMINDER,REMINDER,1,True,693.78,18.57
rec_cc2f564b67ae62,cust_c891c9c68952,pay_a0c7e3f5771f7c,3,0.259,2,6519.72,INR,upi,authentication_failed,1,1.74,PAYMENT_LINK,,0,False,0.0,0.0
rec_a75d83eabc37aa,cust_a9151364778a,pay_be3478901895d9,41,0.556,18,1765.19,INR,card,insufficient_funds,1,1.67,PAYMENT_LINK,,0,True,1765.19,3.31
rec_fb89481926d412,cust_bcd4344fcf8a,pay_e6ca93e239fae9,7,0.591,3,1142.74,INR,card,payment_method_issue,1,0.3,PAYMENT_LINK,,0,True,1142.74,0.54
rec_ed16c95f302142,cust_76b35303c719,pay_dc1224af8aac09,6,0.923,0,2644.72,INR,card,technical_error,1,0.2,RETRY,,0,False,0.0,0.0
rec_ce1936830bc6b1,cust_76b35303c719,pay_dc1224af8aac09,6,0.923,0,2644.72,INR,card,technical_error,2,4.51,PAYMENT_LINK,RETRY,1,True,2644.72,5.36
rec_892b4a59d713a4,cust_7b3a4e3e7c52,pay_04b2047f44aad9,42,0.623,16,8032.35,INR,netbanking,technical_error,1,1.66,PAYMENT_LINK,,0,False,0.0,0.0
rec_fb742a7b0e513b,cust_7b3a4e3e7c52,pay_04b2047f44aad9,42,0.623,16,8032.35,INR,netbanking,technical_error,2,18.3,REMINDER,PAYMENT_LINK,1,False,0.0,0.0
rec_4985b1e583e902,cust_7b3a4e3e7c52,pay_04b2047f44aad9,42,0.623,16,8032.35,INR,netbanking,technical_error,3,21.11,PAYMENT_LINK,REMINDER,2,False,0.0,0.0
rec_b57bccf10055f9,cust_bcd4344fcf8a,pay_cf1811a1c157d6,7,0.591,3,5082.95,INR,card,bank_timeout,1,0.92,PAYMENT_LINK,,0,False,0.0,0.0
rec_a2ad03d60d0a54,cust_19474d1a63d3,pay_7f1a8f72a0f387,12,0.708,4,6454.32,INR,upi,technical_error,1,0.57,PAYMENT_LINK,,0,True,6454.32,1.77
rec_f1ad427baf8560,cust_95a0f35665ab,pay_3e19cb1ad24995,4,0.89,0,1514.69,INR,card,authentication_failed,1,1.2,PAYMENT_LINK,,0,True,1514.69,1.53
rec_486246f78abc87,cust_5f26946654d1,pay_0cc86dd6cb8a03,6,0.786,1,4064.42,INR,upi,payment_method_issue,1,0.72,PAYMENT_LINK,,0,True,4064.42,2.1
rec_5eaad27bd79b30,cust_4cec495b2267,pay_82b184bc28f017,9,0.728,2,1110.41,INR,card,bank_timeout,1,0.7,RETRY,,0,True,1110.41,2.06
rec_bf05413e9f531c,cust_6fcc57dd168f,pay_40bd884f283139,20,0.933,1,456.24,INR,upi,authentication_failed,1,1.38,PAYMENT_LINK,,0,True,456.24,1.73
rec_fa3fbc7b0aadcf,cust_e4db04c8a817,pay_834c3b6c16799e,3,0.726,1,2295.24,INR,netbanking,bank_timeout,1,0.14,PAYMENT_LINK,,0,False,0.0,0.0
rec_ea08fb3e9a8c90,cust_e4db04c8a817,pay_834c3b6c16799e,3,0.726,1,2295.24,INR,netbanking,bank_timeout,2,6.54,STOP,PAYMENT_LINK,1,False,0.0,0.0
rec_0ac3480633fc0e,cust_edcabf9465f6,pay_276e2b7ec58d47,40,0.911,4,2159.44,INR,card,network_error,1,1.17,RETRY,,0,True,2159.44,2.47
rec_7a2893ba341e30,cust_4a552ea08acb,pay_d9cc21d22d9c60,23,0.797,5,334.62,INR,wallet,insufficient_funds,1,0.48,PAYMENT_LINK,,0,True,334.62,2.56
rec_b17ed913ad90b1,cust_a36076812bbb,pay_a52a8bf6230c1c,14,0.756,3,2966.7,INR,card,bank_timeout,1,0.92,PAYMENT_LINK,,0,True,2966.7,1.48
rec_ea8899781bde70,cust_67b41520b11a,pay_f7fe9772bd3ea5,1,0.748,0,2912.34,INR,wallet,insufficient_funds,1,1.91,PAYMENT_LINK,,0,True,2912.34,3.29
rec_0201765b32cf4a,cust_ffce50b36151,pay_edd8a1c0a730bc,33,0.867,4,32296.1,INR,upi,authentication_failed,1,1.77,PAYMENT_LINK,,0,False,0.0,0.0
rec_84a53e31b10644,cust_ffce50b36151,pay_edd8a1c0a730bc,33,0.867,4,32296.1,INR,upi,authentication_failed,2,8.27,ESCALATE,PAYMENT_LINK,1,False,0.0,0.0
rec_530b9b65252a3c,cust_ffce50b36151,pay_edd8a1c0a730bc,33,0.867,4,32296.1,INR,upi,authentication_failed,3,18.67,ESCALATE,ESCALATE,2,True,32296.1,20.12
rec_cfd0da660a444a,cust_32f9b7710799,pay_7ee385c2274fb2,3,0.914,0,215.15,INR,upi,bank_timeout,1,1.69,REMINDER,,0,False,0.0,0.0
rec_8198e919bbd336,cust_32f9b7710799,pay_7ee385c2274fb2,3,0.914,0,215.15,INR,upi,bank_timeout,2,11.68,PAYMENT_LINK,REMINDER,1,True,215.15,12.12
rec_75dc631e90720c,cust_a55fa725bcb3,pay_0768d81280e31e,7,0.811,1,2917.72,INR,upi,authentication_failed,1,1.7,ESCALATE,,0,True,2917.72,2.22
rec_e052c6a8a015a8,cust_957edc3cbdf7,pay_8ac1002a94ae96,1,0.934,0,1498.6,INR,card,network_error,1,0.79,REMINDER,,0,True,1498.6,0.85
rec_e25be828c668a7,cust_226cbc6a7fe5,pay_75dc654f675d24,39,0.926,3,2957.55,INR,card,authentication_failed,1,0.23,RETRY,,0,False,0.0,0.0
rec_e00ff79e103423,cust_226cbc6a7fe5,pay_75dc654f675d24,39,0.926,3,2957.55,INR,card,authentication_failed,2,16.61,RETRY,RETRY,1,False,0.0,0.0
rec_22589a3698c6c1,cust_35845d71b221,pay_ba16ea5c4fc392,15,0.848,2,6325.37,INR,upi,insufficient_funds,1,0.71,PAYMENT_LINK,,0,False,0.0,0.0
rec_fe4fb7e174d2bd,cust_35845d71b221,pay_ba16ea5c4fc392,15,0.848,2,6325.37,INR,upi,insufficient_funds,2,5.22,PAYMENT_LINK,PAYMENT_LINK,1,False,0.0,0.0
rec_8f0b336143aff7,cust_35845d71b221,pay_ba16ea5c4fc392,15,0.848,2,6325.37,INR,upi,insufficient_funds,3,16.89,PAYMENT_LINK,PAYMENT_LINK,2,True,6325.37,18.31
rec_3f26a88f88b32f,cust_d8914adf341c,pay_5882ce56d9a85d,7,0.932,0,5326.31,INR,netbanking,unknown,1,1.15,REMINDER,,0,False,0.0,0.0
rec_6c28cbbfb4070f,cust_93acb00e32ee,pay_8a081a61517d60,1,0.943,0,2136.74,INR,netbanking,authentication_failed,1,0.84,PAYMENT_LINK,,0,True,2136.74,2.13
rec_2c48491286275a,cust_29d0c613b0c7,pay_ec01a36551f715,5,0.859,1,10957.28,INR,upi,network_error,1,0.52,RETRY,,0,True,10957.28,2.63
rec_f4660660c95955,cust_bca3765350c7,pay_ec06015ab4bef4,18,0.788,4,6949.34,INR,card,network_error,1,1.76,RETRY,,0,False,0.0,0.0
rec_708a3515bbe745,cust_bca3765350c7,pay_ec06015ab4bef4,18,0.788,4,6949.34,INR,card,network_error,2,8.88,REMINDER,RETRY,1,False,0.0,0.0
rec_d5c6f3633246d4,cust_00a81de9d20f,pay_f91b43c62ac64f,19,0.962,1,43947.11,INR,upi,insufficient_funds,1,0.36,REMINDER,,0,False,0.0,0.0
rec_09fd31eccea4ab,cust_00a81de9d20f,pay_f91b43c62ac64f,19,0.962,1,43947.11,INR,upi,insufficient_funds,2,4.14,STOP,REMINDER,1,False,0.0,0.0
rec_c393c544037830,cust_ebd339275865,pay_7a4384199ddd7e,13,0.875,2,576.61,INR,upi,technical_error,1,1.85,RETRY,,0,False,0.0,0.0
rec_9d4d311c9992f6,cust_ebd339275865,pay_7a4384199ddd7e,13,0.875,2,576.61,INR,upi,technical_error,2,5.69,PAYMENT_LINK,RETRY,1,True,576.61,8.12
rec_9b6b00039292e2,cust_34a63e763217,pay_6d6c59b0d7ae09,2,0.809,0,549.6,INR,netbanking,network_error,1,0.67,RETRY,,0,True,549.6,1.83
rec_3bbf056bed8561,cust_98dbf732dde4,pay_b7f745b9fb90ab,6,0.294,4,1923.5,INR,card,network_error,1,0.29,RETRY,,0,True,1923.5,0.74
rec_bd5917bb804114,cust_81dec9db0abe,pay_fd308df637f837,12,0.965,0,576.88,INR,card,authentication_failed,1,1.53,PAYMENT_LINK,,0,True,576.88,3.74
rec_b4be9a1e144697,cust_0a76bd919e7f,pay_fba308676e444d,14,0.299,10,833.64,INR,upi,authentication_failed,1,1.32,RETRY,,0,False,0.0,0.0
rec_a2fe915363eeb3,cust_dc956e310349,pay_2549e09b691131,2,0.743,1,1954.31,INR,card,insufficient_funds,1,0.2,RETRY,,0,False,0.0,0.0
rec_4f14709852b50d,cust_5c75352c45cd,pay_48e4ec7a1351f0,5,0.31,3,3326.34,INR,netbanking,bank_timeout,1,0.19,RETRY,,0,False,0.0,0.0
rec_b0dd9227a69be1,cust_7d2120ad5f59,pay_09eb1f583fa570,9,0.735,2,1527.8,INR,upi,insufficient_funds,1,0.86,RETRY,,0,False,0.0,0.0
rec_b6ce2a8cd243a0,cust_7d2120ad5f59,pay_09eb1f583fa570,9,0.735,2,1527.8,INR,upi,insufficient_funds,2,5.36,RETRY,RETRY,1,False,0.0,0.0
rec_665d76d7e6a69c,cust_ebf6dd3256d2,pay_81a67f9a921390,6,0.762,1,29394.55,INR,netbanking,bank_timeout,1,1.05,RETRY,,0,True,29394.55,2.07
rec_089518865b8ba6,cust_afd380c42713,pay_0f225a77728b10,2,0.886,0,9108.8,INR,upi,payment_method_issue,1,1.74,PAYMENT_LINK,,0,True,9108.8,2.41
rec_ac77e0b36e59ac,cust_3df76a69bc45,pay_fa8f137f25cf56,14,0.47,7,1376.48,INR,upi,bank_timeout,1,1.68,PAYMENT_LINK,,0,False,0.0,0.0
rec_7fc4318c48d194,cust_3df76a69bc45,pay_fa8f137f25cf56,14,0.47,7,1376.48,INR,upi,bank_timeout,2,14.65,PAYMENT_LINK,PAYMENT_LINK,1,False,0.0,0.0
rec_7f9fdac8b89f1b,cust_277fecc6196b,pay_14e9e10a145c34,5,0.842,1,12566.18,INR,upi,network_error,1,1.77,PAYMENT_LINK,,0,False,0.0,0.0
rec_d72cad7ac8d7fe,cust_ac95adb1ffac,pay_7e58e21c8f99c2,23,0.89,3,33423.51,INR,upi,bank_timeout,1,1.47,PAYMENT_LINK,,0,True,33423.51,3.45
rec_4b7f5fa6477cf9,cust_bde78473a3fd,pay_dcbb2fa3ce4a73,5,0.864,1,2785.17,INR,card,bank_timeout,1,1.83,REMINDER,,0,True,2785.17,4.23
rec_b516102ae0cec2,cust_f9d2014a22ee,pay_b7b2120fc694ad,35,0.728,10,34539.26,INR,card,network_error,1,1.1,REMINDER,,0,False,0.0,0.0
rec_43072a7f212584,cust_f9d2014a22ee,pay_b7b2120fc694ad,35,0.728,10,34539.26,INR,card,network_error,2,3.96,STOP,REMINDER,1,False,0.0,0.0
rec_a0b8bf86735fe9,cust_2e2cb8506b17,pay_b828bfe864b238,11,0.375,7,1936.0,INR,card,technical_error,1,1.5,RETRY,,0,True,1936.0,2.93
rec_80b5133920f0f4,cust_cdfcef75651e,pay_083db4f0059395,44,0.889,5,1437.42,INR,card,unknown,1,1.27,PAYMENT_LINK,,0,True,1437.42,2.88
rec_16ae14a9916050,cust_82cbcdc73cd3,pay_9abcd9bff5dd34,17,0.577,7,2368.49,INR,wallet,technical_error,1,0.44,RETRY,,0,True,2368.49,1.38
rec_77a76752de81b3,cust_3de667f9bfc4,pay_43b6368a3a852f,2,0.81,0,6156.69,INR,card,unknown,1,1.34,RETRY,,0,True,6156.69,2.04
rec_db5caace44fcc9,cust_361241be8b8c,pay_da731be56a1660,7,0.807,1,3640.04,INR,upi,authentication_failed,1,1.26,PAYMENT_LINK,,0,True,3640.04,3.15
rec_14278cf382c816,cust_bb026576f512,pay_ff2f46e73592cc,4,0.827,1,10494.72,INR,card,bank_timeout,1,1.31,RETRY,,0,True,10494.72,1.73
rec_a533559df26eb8,cust_861b4f5b45a0,pay_8dba6cacf98473,27,0.708,8,807.75,INR,upi,unknown,1,0.2,REMINDER,,0,False,0.0,0.0
rec_2725ef9e73f811,cust_0d5740850f0a,pay_628437eb215137,15,0.772,3,4669.52,INR,upi,payment_method_issue,1,1.46,RETRY,,0,False,0.0,0.0
rec_7db7fc38bd1c28,cust_0d5740850f0a,pay_628437eb215137,15,0.772,3,4669.52,INR,upi,payment_method_issue,2,3.51,RETRY,RETRY,1,False,0.0,0.0
rec_3dda9fcaa40abc,cust_0d5740850f0a,pay_628437eb215137,15,0.772,3,4669.52,INR,upi,payment_method_issue,3,6.15,REMINDER,RETRY,2,False,0.0,0.0
rec_5ca8aa694cf04e,cust_ed3353fc692c,pay_542cfffaa9df0f,11,0.354,7,2916.47,INR,card,authentication_failed,1,0.93,PAYMENT_LINK,,0,False,0.0,0.0
rec_397adbbbac72e4,cust_ed3353fc692c,pay_542cfffaa9df0f,11,0.354,7,2916.47,INR,card,authentication_failed,2,7.36,PAYMENT_LINK,PAYMENT_LINK,1,False,0.0,0.0
rec_27531e5c919651,cust_ed3353fc692c,pay_542cfffaa9df0f,11,0.354,7,2916.47,INR,card,authentication_failed,3,25.07,STOP,PAYMENT_LINK,2,False,0.0,0.0
rec_8b1bf79ccd0b80,cust_87beb021f636,pay_25952bbdcefeaa,1,0.447,1,3160.69,INR,upi,payment_method_issue,1,0.3,PAYMENT_LINK,,0,True,3160.69,2.62
rec_7ebf1f9ed1396d,cust_d73aae7b47cc,pay_a48d44755c722e,20,0.406,12,825.87,INR,wallet,bank_timeout,1,1.33,PAYMENT_LINK,,0,True,825.87,3.01
rec_4ec4e8896c9522,cust_e5f22dfba741,pay_d4f3df529dc344,10,0.883,1,464.35,INR,upi,insufficient_funds,1,0.2,PAYMENT_LINK,,0,True,464.35,0.36
rec_0dac1724a6df62,cust_61652fd341dd,pay_d1003543e3472f,31,0.743,8,9032.93,INR,upi,technical_error,1,0.21,RETRY,,0,True,9032.93,1.06
rec_e82835ed9356f7,cust_eccf3b91e352,pay_9d33760a187636,2,0.896,0,5978.15,INR,card,authentication_failed,1,1.81,PAYMENT_LINK,,0,False,0.0,0.0
rec_acef15844977d0,cust_eccf3b91e352,pay_9d33760a187636,2,0.896,0,5978.15,INR,card,authentication_failed,2,17.06,PAYMENT_LINK,PAYMENT_LINK,1,False,0.0,0.0
rec_79c962ed9c6beb,cust_eccf3b91e352,pay_9d33760a187636,2,0.896,0,5978.15,INR,card,authentication_failed,3,32.54,REMINDER,PAYMENT_LINK,2,True,5978.15,33.56
rec_a6a866c3dc720e,cust_bec39a379b3d,pay_5910d841e1bbc4,11,0.909,1,927.41,INR,upi,authentication_failed,1,0.35,PAYMENT_LINK,,0,True,927.41,0.87
rec_a20bf4f62d01ee,cust_6d7fd4e285e9,pay_c8729915cf2889,2,0.953,0,8343.44,INR,upi,authentication_failed,1,0.7,ESCALATE,,0,False,0.0,0.0
rec_d42449cfb7717e,cust_6d7fd4e285e9,pay_c8729915cf2889,2,0.953,0,8343.44,INR,upi,authentication_failed,2,6.9,PAYMENT_LINK,ESCALATE,1,True,8343.44,9.32
rec_597dba7227f335,cust_90a014ab4ca1,pay_130ffa9aaa3283,19,0.908,2,7054.2,INR,netbanking,network_error,1,0.89,RETRY,,0,True,7054.2,2.59
rec_f38611bf6dfc81,cust_f54e2019ba35,pay_3105924df00d09,2,0.954,0,1686.51,INR,upi,unknown,1,1.01,RETRY,,0,False,0.0,0.0
rec_605e3a25afb127,cust_f54e2019ba35,pay_3105924df00d09,2,0.954,0,1686.51,INR,upi,unknown,2,17.6,REMINDER,RETRY,1,False,0.0,0.0
rec_d81ab0fb6b542d,cust_cde22f1c56b6,pay_b764b1f90df9c1,21,0.926,2,960.91,INR,card,bank_timeout,1,1.98,RETRY,,0,True,960.91,3.73
rec_0561090e9d4346,cust_7880adc62af2,pay_5cdd68e965123e,19,0.972,1,10941.65,INR,upi,authentication_failed,1,1.01,PAYMENT_LINK,,0,True,10941.65,1.07
rec_190166c2d67dcf,cust_e5b015b44a84,pay_3e60af643dc606,8,0.739,2,2392.58,INR,netbanking,insufficient_funds,1,1.44,REMINDER,,0,False,0.0,0.0
rec_873725cfb59769,cust_5c3707394a62,pay_e5b96b5ed66349,8,0.749,2,2540.81,INR,upi,insufficient_funds,1,1.57,PAYMENT_LINK,,0,False,0.0,0.0
rec_ef3ee8550ffa20,cust_5c3707394a62,pay_e5b96b5ed66349,8,0.749,2,2540.81,INR,upi,insufficient_funds,2,4.69,ESCALATE,PAYMENT_LINK,1,False,0.0,0.0
rec_d79c4a0ddbce4f,cust_5c3707394a62,pay_e5b96b5ed66349,8,0.749,2,2540.81,INR,upi,insufficient_funds,3,15.9,ESCALATE,ESCALATE,2,True,2540.81,18.08
rec_7822d1ffae595a,cust_b9787c4b09aa,pay_0df916a99a993b,7,0.762,2,2571.62,INR,upi,insufficient_funds,1,0.21,REMINDER,,0,False,0.0,0.0
rec_264a8353261276,cust_2e7d952b785b,pay_982c0f171a99c9,37,0.917,3,997.27,INR,upi,authentication_failed,1,1.28,PAYMENT_LINK,,0,True,997.27,2.36
rec_5924a824748c87,cust_eb22ec1d4df6,pay_ab666a8c835b89,14,0.86,2,7869.5,INR,card,insufficient_funds,1,1.71,RETRY,,0,False,0.0,0.0
rec_ff091a756e493e,cust_eb22ec1d4df6,pay_ab666a8c835b89,14,0.86,2,7869.5,INR,card,insufficient_funds,2,13.66,STOP,RETRY,1,False,0.0,0.0
rec_553c31f0d07ac8,cust_c1836315330f,pay_ebac3a2440ee43,7,0.636,3,2827.68,INR,card,technical_error,1,1.9,RETRY,,0,False,0.0,0.0
rec_f0ecb704cd46d2,cust_c1836315330f,pay_ebac3a2440ee43,7,0.636,3,2827.68,INR,card,technical_error,2,13.35,PAYMENT_LINK,RETRY,1,True,2827.68,15.84
rec_d50f4b19c09947,cust_e13a14ca5911,pay_a86a058fba1116,11,0.716,3,2537.81,INR,upi,network_error,1,1.09,RETRY,,0,True,2537.81,2.45
rec_377422fbc859c0,cust_fdf02450585b,pay_cbba9500d5201c,1,0.4,1,4071.18,INR,card,bank_timeout,1,1.61,RETRY,,0,False,0.0,0.0
rec_cea151636196cc,cust_5b6d6b7c54b2,pay_a380e9ba688736,1,0.903,0,2952.5,INR,card,bank_timeout,1,1.78,RETRY,,0,True,2952.5,3.61
rec_c2b5b17e9ad752,cust_14fcdd549e8f,pay_70aa4232e717a0,2,0.358,1,1049.82,INR,upi,insufficient_funds,1,0.6,REMINDER,,0,False,0.0,0.0
rec_dd8919d5ffe996,cust_14fcdd549e8f,pay_70aa4232e717a0,2,0.358,1,1049.82,INR,upi,insufficient_funds,2,6.16,PAYMENT_LINK,REMINDER,1,True,1049.82,7.58
rec_e47d70611296e2,cust_a99f131849c8,pay_2918c5d3af88f7,14,0.395,8,2556.17,INR,upi,bank_timeout,1,1.05,REMINDER,,0,True,2556.17,2.14
rec_dd8ce3ffe379b8,cust_02ead2df7256,pay_6dcc58b314aa15,2,0.879,0,6839.77,INR,upi,bank_timeout,1,1.01,RETRY,,0,True,6839.77,1.46
rec_b3a04eaa528227,cust_7677a166d644,pay_bd8980b757a011,24,0.979,1,2939.24,INR,upi,insufficient_funds,1,1.39,REMINDER,,0,True,2939.24,3.12
rec_4f63bcd1afaeb5,cust_09b7fdf77d8d,pay_3b00423a089243,54,0.467,29,432.84,INR,card,network_error,1,1.74,RETRY,,0,True,432.84,2.86
rec_09b3bb4e92952e,cust_16c72b1ae826,pay_43936e6e6b5a30,36,0.535,17,3904.86,INR,card,unknown,1,0.76,RETRY,,0,False,0.0,0.0
rec_4329dbe4365622,cust_16c72b1ae826,pay_43936e6e6b5a30,36,0.535,17,3904.86,INR,card,unknown,2,4.08,PAYMENT_LINK,RETRY,1,False,0.0,0.0
rec_bdcc0eeb5c43d8,cust_657e01c90da2,pay_eb5a248a716cd1,4,0.798,1,9276.23,INR,upi,authentication_failed,1,1.2,PAYMENT_LINK,,0,True,9276.23,1.83
rec_5ee36c5bf732e0,cust_5efeef4fd8dd,pay_89c8077f418dab,4,0.881,0,3822.63,INR,upi,bank_timeout,1,0.33,RETRY,,0,True,3822.63,1.06
rec_767d0b161e0e59,cust_07f97d05f6ca,pay_c34774998bb0cf,19,0.479,10,11844.04,INR,netbanking,bank_timeout,1,1.82,RETRY,,0,True,11844.04,2.4
rec_e2c6efc7937b9d,cust_827c9f8cd40a,pay_ae720fcc264fb0,57,0.784,12,20374.43,INR,card,bank_timeout,1,0.38,RETRY,,0,False,0.0,0.0
rec_5fb06df7390245,cust_827c9f8cd40a,pay_ae720fcc264fb0,57,0.784,12,20374.43,INR,card,bank_timeout,2,9.3,RETRY,RETRY,1,True,20374.43,9.37
rec_84f6dc5d28c3b0,cust_35e80364147f,pay_b0d734a6db4fc0,16,0.963,1,1112.0,INR,upi,unknown,1,0.68,PAYMENT_LINK,,0,True,1112.0,1.9
rec_f3a5a0a981b326,cust_d5ee25876c98,pay_70d0c34f85856e,1,0.917,0,8188.86,INR,netbanking,network_error,1,0.14,PAYMENT_LINK,,0,False,0.0,0.0
rec_d390426a220ae7,cust_d5ee25876c98,pay_70d0c34f85856e,1,0.917,0,8188.86,INR,netbanking,network_error,2,9.55,PAYMENT_LINK,PAYMENT_LINK,1,True,8188.86,9.75
rec_bf4cc28d730131,cust_1440adec1243,pay_efe47a7e33eeae,5,0.86,1,3744.25,INR,upi,insufficient_funds,1,1.71,PAYMENT_LINK,,0,False,0.0,0.0
rec_6be2d021acf711,cust_9afdd46442e6,pay_c458a3bc4cfd58,12,0.895,1,2731.61,INR,card,payment_method_issue,1,1.01,PAYMENT_LINK,,0,False,0.0,0.0
rec_bd1517d28cfe63,cust_6d53628b4985,pay_70885e2ffcbc2a,8,0.961,0,34338.15,INR,upi,authentication_failed,1,1.74,REMINDER,,0,True,34338.15,2.24
rec_c2797eaecac715,cust_f76c432eb442,pay_a79b85f52668b5,15,0.932,1,5007.04,INR,upi,authentication_failed,1,1.62,REMINDER,,0,True,5007.04,2.15
rec_41a2cc6bd4c45e,cust_399557cb827e,pay_289594341d2033,2,0.837,0,11340.85,INR,card,bank_timeout,1,0.12,RETRY,,0,False,0.0,0.0
rec_35aed7171f3cf5,cust_399557cb827e,pay_289594341d2033,2,0.837,0,11340.85,INR,card,bank_timeout,2,12.95,RETRY,RETRY,1,True,11340.85,14.39
rec_877ef1d6d95236,cust_8bae295e902a,pay_e1e41ca4ad82c3,18,0.903,2,13686.77,INR,upi,authentication_failed,1,1.62,PAYMENT_LINK,,0,True,13686.77,1.76
rec_0ea6d1fec00d1d,cust_20afaf9e0f7c,pay_12130d87241156,16,0.768,4,2927.2,INR,upi,network_error,1,0.13,RETRY,,0,True,2927.2,1.39
rec_51b0c9f136d992,cust_189ac35daa5f,pay_5c3c3c5d033107,20,0.892,2,1131.55,INR,wallet,network_error,1,1.83,RETRY,,0,True,1131.55,3.38
rec_e267c372177db9,cust_3de667f9bfc4,pay_acd424dd951a68,2,0.81,0,3015.04,INR,wallet,authentication_failed,1,1.08,RETRY,,0,False,0.0,0.0
rec_b438b799344f77,cust_3de667f9bfc4,pay_acd424dd951a68,2,0.81,0,3015.04,INR,wallet,authentication_failed,2,17.41,REMINDER,RETRY,1,True,3015.04,19.28
rec_1ce8f1bac791fe,cust_a0b8575544ca,pay_82e718a769fba3,18,0.837,3,2019.43,INR,wallet,network_error,1,0.64,RETRY,,0,False,0.0,0.0
rec_fe5b49af7e8dc8,cust_a0b8575544ca,pay_82e718a769fba3,18,0.837,3,2019.43,INR,wallet,network_error,2,16.09,PAYMENT_LINK,RETRY,1,False,0.0,0.0
rec_c6994e4839414a,cust_a0b8575544ca,pay_82e718a769fba3,18,0.837,3,2019.43,INR,wallet,network_error,3,26.02,REMINDER,PAYMENT_LINK,2,False,0.0,0.0
rec_60347370c577c9,cust_d51fde3f573e,pay_ec17970baf1744,5,0.73,1,2441.89,INR,card,payment_method_issue,1,1.43,PAYMENT_LINK,,0,True,2441.89,3.85
rec_1ad3f8603a7846,cust_527a9f7bd007,pay_8e29b6421e03c2,7,0.976,0,2324.88,INR,card,technical_error,1,1.71,RETRY,,0,True,2324.88,3.51
rec_3e97699bb4083c,cust_2598f3839280,pay_70d5fc1fb116b9,11,0.876,1,219.64,INR,card,network_error,1,0.3,RETRY,,0,True,219.64,2.19
rec_2adef426741a65,cust_d73aae7b47cc,pay_8b60aaa486a041,20,0.406,12,2643.08,INR,upi,authentication_failed,1,0.42,PAYMENT_LINK,,0,True,2643.08,1.4
rec_659eff7e39ba88,cust_c478f6f1b88e,pay_1a591f6e910175,6,0.874,1,1162.55,INR,card,bank_timeout,1,1.95,RETRY,,0,True,1162.55,2.44
rec_4fcdefd498c4e0,cust_6b352f85504e,pay_a6fff0148b1060,1,0.298,1,801.92,INR,upi,bank_timeout,1,0.16,PAYMENT_LINK,,0,False,0.0,0.0
rec_1515e38863343a,cust_6b352f85504e,pay_a6fff0148b1060,1,0.298,1,801.92,INR,upi,bank_timeout,2,2.24,ESCALATE,PAYMENT_LINK,1,False,0.0,0.0
rec_e5634aedd7ad33,cust_2ab7b2ef8e0e,pay_ef8825ad092dc6,13,0.881,2,598.91,INR,upi,bank_timeout,1,1.51,RETRY,,0,True,598.91,2.91
rec_60bbd4ab45a8bb,cust_ff1b654d6c65,pay_3a8b731959d00b,9,0.774,2,778.07,INR,card,payment_method_issue,1,1.45,PAYMENT_LINK,,0,True,778.07,2.27
rec_962444b7ef298a,cust_5c3552b39437,pay_e4f518dfe0e474,11,0.75,3,407.93,INR,upi,insufficient_funds,1,0.49,PAYMENT_LINK,,0,True,407.93,1.04
rec_a933107439ac75,cust_57dda51ea4dc,pay_0007e61ef9b803,25,0.587,10,460.42,INR,netbanking,insufficient_funds,1,1.3,PAYMENT_LINK,,0,True,460.42,1.47
rec_17af93230b3671,cust_8fb3a134ff23,pay_38a622d3335b59,6,0.911,1,8292.4,INR,netbanking,bank_timeout,1,0.12,RETRY,,0,True,8292.4,1.84
rec_82c875355c5a65,cust_c02553ead7f2,pay_1f0c033ba5fc98,75,0.922,6,1214.62,INR,wallet,network_error,1,0.53,RETRY,,0,False,0.0,0.0
rec_591a4561fa3fea,cust_32f9b7710799,pay_637565d54a5b2c,3,0.914,0,5588.17,INR,card,bank_timeout,1,0.3,RETRY,,0,True,5588.17,0.76
rec_63cf5ddc295924,cust_13ad3ead816e,pay_01c882cc9a9faf,20,0.78,4,243.3,INR,upi,technical_error,1,1.55,REMINDER,,0,True,243.3,4.01
rec_bbbe0abb323f58,cust_f1f71605a79e,pay_cd6af85b5ab4ae,5,0.873,1,1322.48,INR,netbanking,authentication_failed,1,1.36,RETRY,,0,False,0.0,0.0
rec_d4e5594d8edf8a,cust_f1f71605a79e,pay_cd6af85b5ab4ae,5,0.873,1,1322.48,INR,netbanking,authentication_failed,2,13.03,PAYMENT_LINK,RETRY,1,True,1322.48,15.24
rec_7ce61fa148c83c,cust_35b8726ce462,pay_0299b7092a27a9,13,0.862,2,208.79,INR,netbanking,payment_method_issue,1,1.96,PAYMENT_LINK,,0,True,208.79,3.93
rec_94998ecc5d030f,cust_54c29d5c19ec,pay_c90289484a9dc9,35,0.949,2,2897.71,INR,netbanking,insufficient_funds,1,1.4,PAYMENT_LINK,,0,True,2897.71,1.98
rec_41184636eada08,cust_01d742563860,pay_0d094c8bf6004e,4,0.865,1,1957.76,INR,netbanking,unknown,1,1.47,PAYMENT_LINK,,0,False,0.0,0.0
rec_6e3c35e2b5b334,cust_36fea0b438cd,pay_4113a8ca97efd1,9,0.383,6,1960.73,INR,card,network_error,1,0.15,RETRY,,0,True,1960.73,1.78
rec_148c013fa88e27,cust_0c90e0284185,pay_32b75edcd606a6,22,0.847,3,1430.13,INR,card,bank_timeout,1,0.91,RETRY,,0,True,1430.13,3.18
rec_9d32fceb72fa40,cust_641118ecddf0,pay_2fbcd67a6bd7cc,5,0.869,1,32747.51,INR,netbanking,insufficient_funds,1,1.86,PAYMENT_LINK,,0,True,32747.51,2.86
rec_f5a65283eacabe,cust_61652fd341dd,pay_2a2b4d1a8df194,31,0.743,8,1446.71,INR,upi,bank_timeout,1,1.71,RETRY,,0,False,0.0,0.0
rec_a9349deca6d75b,cust_61652fd341dd,pay_2a2b4d1a8df194,31,0.743,8,1446.71,INR,upi,bank_timeout,2,15.92,STOP,RETRY,1,False,0.0,0.0
rec_d10c690a8e14b9,cust_6180b78a0678,pay_22f964d51bed39,5,0.606,2,10032.97,INR,wallet,insufficient_funds,1,0.63,RETRY,,0,False,0.0,0.0
rec_5a5da791ebf42b,cust_6180b78a0678,pay_22f964d51bed39,5,0.606,2,10032.97,INR,wallet,insufficient_funds,2,8.32,PAYMENT_LINK,RETRY,1,False,0.0,0.0
rec_e257417f943629,cust_d50cf57e3dc8,pay_ffad383bddef33,3,0.923,0,5751.32,INR,upi,technical_error,1,1.19,RETRY,,0,False,0.0,0.0
rec_d52ac5cec3c408,cust_d50cf57e3dc8,pay_ffad383bddef33,3,0.923,0,5751.32,INR,upi,technical_error,2,5.92,PAYMENT_LINK,RETRY,1,True,5751.32,7.25
rec_f6eaed86c336b1,cust_c5c5ae8abe15,pay_27336bc9dbbaf9,4,0.747,1,1132.98,INR,card,bank_timeout,1,1.86,RETRY,,0,True,1132.98,3.95
rec_e3ba2e083824f2,cust_e8f60796f200,pay_090af3e08772df,2,0.574,1,4671.09,INR,netbanking,technical_error,1,1.57,PAYMENT_LINK,,0,True,4671.09,1.66
rec_10aec98edef924,cust_c81a5f0f1b1b,pay_0d96c7d6cfd5c2,7,0.936,0,2722.52,INR,card,bank_timeout,1,0.92,PAYMENT_LINK,,0,False,0.0,0.0
rec_7d56e529d8379a,cust_c81a5f0f1b1b,pay_0d96c7d6cfd5c2,7,0.936,0,2722.52,INR,card,bank_timeout,2,12.23,REMINDER,PAYMENT_LINK,1,False,0.0,0.0
rec_e3be9f351dc991,cust_3737cc38166c,pay_5a9f73109a1498,5,0.974,0,23143.43,INR,netbanking,insufficient_funds,1,1.88,RETRY,,0,False,0.0,0.0
rec_763b43b7ea2989,cust_23900c1dd129,pay_7887f1ed6f19d5,6,0.885,1,2000.85,INR,card,network_error,1,1.86,PAYMENT_LINK,,0,True,2000.85,2.95
rec_922b6cc2142f48,cust_0a76bd919e7f,pay_68b01c6fbca2fc,14,0.299,10,2203.79,INR,card,unknown,1,1.9,RETRY,,0,False,0.0,0.0
rec_ce4602a0aee8a0,cust_0a76bd919e7f,pay_68b01c6fbca2fc,14,0.299,10,2203.79,INR,card,unknown,2,14.57,PAYMENT_LINK,RETRY,1,False,0.0,0.0
rec_15fa3d008c1c7c,cust_51e744e4b864,pay_4ee59dad3bcb78,17,0.79,4,2698.79,INR,upi,authentication_failed,1,0.54,REMINDER,,0,False,0.0,0.0
rec_95405966163527,cust_51e744e4b864,pay_4ee59dad3bcb78,17,0.79,4,2698.79,INR,upi,authentication_failed,2,12.8,REMINDER,REMINDER,1,True,2698.79,13.72
rec_4346733dfecbf8,cust_55327432b118,pay_449d5c8dae42e3,2,0.903,0,864.68,INR,upi,insufficient_funds,1,1.48,PAYMENT_LINK,,0,True,864.68,2.06
rec_71fade8a0671b1,cust_a14923c2f920,pay_ac88f76bdc0762,32,0.896,3,533.1,INR,upi,authentication_failed,1,0.89,REMINDER,,0,True,533.1,1.88
rec_31a99e71fd64e0,cust_0f635f4a2b9a,pay_ca88682ce2c57f,1,0.886,0,9596.87,INR,card,insufficient_funds,1,1.93,REMINDER,,0,True,9596.87,2.73
rec_8c7f6489393d64,cust_0f8035f55bd2,pay_88a6975e8308fa,2,0.852,0,692.15,INR,upi,insufficient_funds,1,1.48,RETRY,,0,False,0.0,0.0
rec_118b20f0e5a600,cust_55ab946da5b5,pay_5dac2b2caafb37,7,0.867,1,2259.24,INR,netbanking,insufficient_funds,1,1.81,REMINDER,,0,True,2259.24,3.52
rec_f078ef64ed70fb,cust_f480ada5e68c,pay_abc639dff32ade,24,0.868,3,995.13,INR,upi,network_error,1,1.16,RETRY,,0,True,995.13,1.85
rec_8525245233906e,cust_30c3ef8a592a,pay_6f160feacef0a5,31,0.888,3,3703.73,INR,upi,network_error,1,1.08,REMINDER,,0,False,0.0,0.0
rec_b9b0d82b2f5704,cust_7fcd9eb1a7ca,pay_a6620fa001bab5,3,0.636,1,2372.45,INR,upi,network_error,1,0.54,RETRY,,0,True,2372.45,1.79
rec_133fd48e8eea81,cust_2f589a8167c5,pay_8e135f0c683928,1,0.916,0,4831.18,INR,card,network_error,1,1.33,RETRY,,0,True,4831.18,3.08
rec_b9d955a8e9f35b,cust_f090f5a0ce61,pay_5d73805a2f7694,46,0.928,3,7814.36,INR,card,bank_timeout,1,0.48,RETRY,,0,True,7814.36,1.13
rec_9670e5773f88cd,cust_42ac66dc904f,pay_278ff760036a34,1,0.58,0,1066.36,INR,wallet,insufficient_funds,1,0.89,PAYMENT_LINK,,0,True,1066.36,0.95
rec_e48bf1aa8e6056,cust_4edd2a2a6b69,pay_87f53c662c7347,2,0.329,1,880.37,INR,upi,bank_timeout,1,1.33,RETRY,,0,True,880.37,3.23
rec_f248b6523e3369,cust_57dda51ea4dc,pay_a57081f572b2a5,25,0.587,10,15664.23,INR,upi,insufficient_funds,1,1.23,REMINDER,,0,False,0.0,0.0
rec_fe4f62803b2fda,cust_bf51936241a6,pay_a1e0fd512ada49,5,0.797,1,1631.7,INR,card,network_error,1,0.75,RETRY,,0,False,0.0,0.0
rec_9374f923adde3e,cust_bf51936241a6,pay_a1e0fd512ada49,5,0.797,1,1631.7,INR,card,network_error,2,3.58,REMINDER,RETRY,1,False,0.0,0.0
rec_13d46c93fbced5,cust_bf51936241a6,pay_a1e0fd512ada49,5,0.797,1,1631.7,INR,card,network_error,3,10.05,REMINDER,REMINDER,2,False,0.0,0.0
rec_6716fb3f5468f3,cust_a0970ff4dc42,pay_415cddab00395e,19,0.83,3,493.54,INR,wallet,technical_error,1,0.17,PAYMENT_LINK,,0,True,493.54,1.56
rec_e041dd699c78f5,cust_042c65ad9883,pay_8e606faaf9a41f,8,0.903,1,395.63,INR,netbanking,technical_error,1,0.35,REMINDER,,0,True,395.63,1.42
rec_f542469c382452,cust_68e5c8cdb414,pay_3d7c5be5b4b5b7,3,0.846,0,1792.23,INR,upi,insufficient_funds,1,1.57,REMINDER,,0,False,0.0,0.0
rec_e3a2579a7ef7b5,cust_61f6dfbe114b,pay_aceab1383e6208,8,0.708,2,2274.74,INR,netbanking,insufficient_funds,1,0.26,PAYMENT_LINK,,0,True,2274.74,1.49
rec_e04d16d48a9463,cust_e8f60796f200,pay_46cd9d849c009b,2,0.574,1,31193.85,INR,upi,authentication_failed,1,1.39,RETRY,,0,False,0.0,0.0
rec_099bab836098ae,cust_e8f60796f200,pay_46cd9d849c009b,2,0.574,1,31193.85,INR,upi,authentication_failed,2,12.44,PAYMENT_LINK,RETRY,1,False,0.0,0.0
rec_7f1cb66063d2f7,cust_e8f60796f200,pay_46cd9d849c009b,2,0.574,1,31193.85,INR,upi,authentication_failed,3,18.95,PAYMENT_LINK,PAYMENT_LINK,2,True,31193.85,19.45
rec_693993e9b88448,cust_46426c458d03,pay_cfe005587ab939,28,0.36,18,1928.98,INR,upi,authentication_failed,1,1.14,PAYMENT_LINK,,0,True,1928.98,1.2
rec_02759ce1f0149c,cust_750d112e8164,pay_3908fe2c00a760,9,0.706,3,7571.35,INR,netbanking,payment_method_issue,1,0.68,PAYMENT_LINK,,0,True,7571.35,2.23
rec_ca6b802b9fe8c4,cust_502ed818013c,pay_1ec06878dbcc1f,11,0.789,2,1355.97,INR,netbanking,authentication_failed,1,1.23,PAYMENT_LINK,,0,True,1355.97,3.06
rec_5d6949365d4c06,cust_e9d68f23b489,pay_4dd2519a9f5af8,4,0.712,1,2092.49,INR,upi,authentication_failed,1,0.45,PAYMENT_LINK,,0,False,0.0,0.0
rec_02c0de74f8f89c,cust_e9d68f23b489,pay_4dd2519a9f5af8,4,0.712,1,2092.49,INR,upi,authentication_failed,2,7.56,PAYMENT_LINK,PAYMENT_LINK,1,True,2092.49,9.16
rec_1da4ec6e48aa50,cust_5c39b57dbc0d,pay_c1255ccdbf8b06,15,0.617,6,1153.47,INR,card,payment_method_issue,1,1.98,PAYMENT_LINK,,0,False,0.0,0.0
rec_6128c1e4ed987b,cust_5c39b57dbc0d,pay_c1255ccdbf8b06,15,0.617,6,1153.47,INR,card,payment_method_issue,2,4.79,REMINDER,PAYMENT_LINK,1,False,0.0,0.0
rec_b3cf330b7688a5,cust_7e1f48c4a9d6,pay_ac8e474acdd875,3,0.958,0,8939.92,INR,card,bank_timeout,1,0.82,RETRY,,0,True,8939.92,2.57
rec_04469f66c90a11,cust_a92f85fe258f,pay_3aeaa9ba368211,27,0.53,13,11064.78,INR,netbanking,technical_error,1,1.95,RETRY,,0,False,0.0,0.0
rec_608dfe7b66772d,cust_dc3bbdd8a74e,pay_2e3fa03affe08f,6,0.885,1,1242.62,INR,card,authentication_failed,1,0.4,REMINDER,,0,False,0.0,0.0
rec_af7d7593d0172e,cust_dc3bbdd8a74e,pay_2e3fa03affe08f,6,0.885,1,1242.62,INR,card,authentication_failed,2,14.01,REMINDER,REMINDER,1,False,0.0,0.0
rec_1ef5e8a063ed74,cust_854dc3bf61d8,pay_8e545440847cbd,2,0.539,1,501.34,INR,upi,bank_timeout,1,1.96,RETRY,,0,True,501.34,2.27
rec_15b3442429cfb3,cust_bcd4344fcf8a,pay_0e784de39cca88,7,0.591,3,4423.49,INR,upi,authentication_failed,1,1.77,REMINDER,,0,True,4423.49,4.13
rec_7c30660f8e9890,cust_4c80d33aad5b,pay_52d3a66bb685c4,2,0.8,0,1429.67,INR,upi,bank_timeout,1,0.18,RETRY,,0,False,0.0,0.0
rec_6620a54b3c73e3,cust_c156e501b30e,pay_35b18b91a400a7,29,0.811,5,25241.71,INR,netbanking,unknown,1,0.94,PAYMENT_LINK,,0,True,25241.71,2.92
rec_77c93f9e37d6d2,cust_3527bceed343,pay_7c928924ff2c4e,4,0.874,1,10240.88,INR,upi,authentication_failed,1,1.51,PAYMENT_LINK,,0,False,0.0,0.0
rec_cf1e65f01e46f1,cust_3527bceed343,pay_7c928924ff2c4e,4,0.874,1,10240.88,INR,upi,authentication_failed,2,4.78,REMINDER,PAYMENT_LINK,1,True,10240.88,6.74
rec_96878772d7280f,cust_8add397642fc,pay_ab862ae94393ad,19,0.885,2,656.06,INR,upi,payment_method_issue,1,0.63,PAYMENT_LINK,,0,False,0.0,0.0
rec_c4193de184f4eb,cust_2ce4599df924,pay_3c4cce271eff3f,3,0.563,1,6481.94,INR,card,authentication_failed,1,0.91,ESCALATE,,0,False,0.0,0.0
rec_4c095fd3f44110,cust_2ce4599df924,pay_3c4cce271eff3f,3,0.563,1,6481.94,INR,card,authentication_failed,2,10.57,REMINDER,ESCALATE,1,False,0.0,0.0
rec_45cf4c6e4cd716,cust_8ab5a7999e63,pay_09c58ebb9586a1,10,0.857,1,11092.44,INR,card,bank_timeout,1,0.63,RETRY,,0,True,11092.44,0.81
rec_1fb856ea9c6749,cust_4a552ea08acb,pay_10518316697686,23,0.797,5,1134.33,INR,upi,authentication_failed,1,1.14,PAYMENT_LINK,,0,True,1134.33,1.41
rec_a5900683a6f4e3,cust_635a11f25c7a,pay_72e6c8fa3d3e6b,6,0.758,1,2947.43,INR,wallet,bank_timeout,1,0.7,RETRY,,0,True,2947.43,2.41
rec_f7e9acb064c8d9,cust_db9a0eb7b48c,pay_e40166ff001bd0,6,0.942,0,6224.06,INR,card,authentication_failed,1,1.38,REMINDER,,0,False,0.0,0.0
rec_2e696c3f673bbc,cust_2aa814da56ec,pay_fe0e8695fff401,14,0.841,2,2359.39,INR,upi,technical_error,1,1.65,ESCALATE,,0,False,0.0,0.0
rec_cca3ac04be855e,cust_ca7ecb33787d,pay_d9d11b0dc3e672,42,0.342,28,395.0,INR,netbanking,network_error,1,1.55,PAYMENT_LINK,,0,True,395.0,1.63
rec_f6ba797444dec5,cust_8e6de263635a,pay_8405c6a59d6ed0,4,0.652,1,275.23,INR,card,insufficient_funds,1,1.64,REMINDER,,0,True,275.23,2.46
rec_9da1540e87f20e,cust_6d84414df541,pay_902a542ff73f35,2,0.444,1,5585.38,INR,card,authentication_failed,1,0.82,PAYMENT_LINK,,0,True,5585.38,1.06
rec_9e7637f16d2311,cust_f0f7ad22c76a,pay_885aca7229dc73,2,0.868,0,264.99,INR,upi,bank_timeout,1,0.14,RETRY,,0,True,264.99,1.74
rec_a323c0bc5031da,cust_bc67f831cbc8,pay_99e250081462b4,8,0.832,1,810.74,INR,card,payment_method_issue,1,0.35,RETRY,,0,False,0.0,0.0
rec_be25a7b492140c,cust_361241be8b8c,pay_cd30a6e4b1f807,7,0.807,1,1383.83,INR,upi,technical_error,1,1.34,RETRY,,0,False,0.0,0.0
rec_de6a2b266a06fc,cust_1e69d7ef08b3,pay_d4370c763d309c,11,0.526,5,2827.21,INR,upi,payment_method_issue,1,0.14,PAYMENT_LINK,,0,True,2827.21,1.15
rec_f01813fda68df5,cust_1d2d17716e3d,pay_9345aecce25d21,22,0.264,16,11225.4,INR,upi,bank_timeout,1,0.89,RETRY,,0,False,0.0,0.0
rec_a8ba1f8fd17602,cust_16718639fcb8,pay_2e3bb239ab1a08,12,0.904,1,6317.42,INR,card,bank_timeout,1,2.0,PAYMENT_LINK,,0,True,6317.42,3.1
rec_2c4233669e1e75,cust_01bb819c4dfe,pay_47cb58598aa91e,12,0.755,3,6702.24,INR,upi,insufficient_funds,1,0.68,RETRY,,0,False,0.0,0.0
rec_d453912c20185f,cust_23900c1dd129,pay_e4823b861d516c,6,0.885,1,787.44,INR,card,bank_timeout,1,1.77,PAYMENT_LINK,,0,True,787.44,3.57
rec_12af135ed8c8c0,cust_2cba1bc6289a,pay_bf79547dce5cce,1,0.947,0,7468.56,INR,wallet,bank_timeout,1,1.54,ESCALATE,,0,True,7468.56,3.33
rec_c21a31b80d4228,cust_e098d2e3bd3f,pay_76942f3b0b1a20,1,0.513,0,8565.94,INR,upi,network_error,1,0.14,RETRY,,0,False,0.0,0.0
rec_13fd0abf59f032,cust_e098d2e3bd3f,pay_76942f3b0b1a20,1,0.513,0,8565.94,INR,upi,network_error,2,7.67,RETRY,RETRY,1,False,0.0,0.0
rec_1e6bdce93b66a0,cust_953b0f1fea3e,pay_a098f7e7a97075,1,0.78,0,3977.85,INR,upi,network_error,1,0.76,RETRY,,0,True,3977.85,1.61
rec_2a377c1ffd650e,cust_7316ce642a14,pay_f74691683a57ad,3,0.864,0,10043.15,INR,card,technical_error,1,0.34,RETRY,,0,False,0.0,0.0
rec_458566a6c24e38,cust_ca7ecb33787d,pay_93329bc81b82e5,42,0.342,28,2788.63,INR,wallet,authentication_failed,1,0.56,PAYMENT_LINK,,0,True,2788.63,0.68
rec_d1a7279c61f05e,cust_c249f59a9dc9,pay_2fa9e226f21266,4,0.977,0,4431.53,INR,upi,bank_timeout,1,0.73,RETRY,,0,True,4431.53,3.08
rec_078c4973125702,cust_53238affe1e5,pay_5f187f9d7f7181,6,0.886,1,1165.28,INR,netbanking,authentication_failed,1,0.52,PAYMENT_LINK,,0,True,1165.28,1.99
rec_b9dde5c42e1bb0,cust_8db78572ef7d,pay_812c6c4c8a1c70,5,0.941,0,2332.21,INR,upi,authentication_failed,1,0.45,RETRY,,0,True,2332.21,2.57
rec_677a740e4adb68,cust_d1e2b878c576,pay_84b7f9c5721940,38,0.73,10,2108.93,INR,card,authentication_failed,1,0.92,REMINDER,,0,False,0.0,0.0
rec_f0758e0a1972ac,cust_d3c724e87426,pay_d523d68c0489ae,2,0.822,0,1017.53,INR,netbanking,bank_timeout,1,0.71,RETRY,,0,True,1017.53,1.27
rec_0baf6fab207ac9,cust_abb8fe95f077,pay_853965995b4f71,5,0.954,0,1117.99,INR,upi,authentication_failed,1,0.16,PAYMENT_LINK,,0,False,0.0,0.0
rec_2627d7220a9b5f,cust_c8fb2050a460,pay_0c07ebefe9451a,6,0.906,1,11827.85,INR,card,bank_timeout,1,0.86,RETRY,,0,True,11827.85,2.12
rec_c1ddc3fd0ed424,cust_f1276a5cbe9f,pay_c76eeb55e56778,2,0.907,0,2108.79,INR,card,bank_timeout,1,1.02,RETRY,,0,True,2108.79,1.07
rec_646e3298fb5f96,cust_99a9af6aed05,pay_9c44bf562e0795,41,0.726,11,8840.63,INR,upi,authentication_failed,1,1.3,RETRY,,0,False,0.0,0.0
rec_3849bae692b94a,cust_99a9af6aed05,pay_9c44bf562e0795,41,0.726,11,8840.63,INR,upi,authentication_failed,2,9.94,PAYMENT_LINK,RETRY,1,True,8840.63,12.42
rec_a2b2b1a1147e69,cust_5c65a65c0f8a,pay_229b08695dde05,9,0.285,6,38875.03,INR,upi,bank_timeout,1,1.4,PAYMENT_LINK,,0,True,38875.03,1.46
rec_8cc24e9e09a5a2,cust_4ce953a722d9,pay_2888d6cf549d9b,5,0.628,2,47525.19,INR,card,payment_method_issue,1,0.66,PAYMENT_LINK,,0,True,47525.19,2.41
rec_0c59bbbd617ac8,cust_6065f5cf25c9,pay_db79c48b8e6465,16,0.89,2,3867.8,INR,upi,bank_timeout,1,1.72,PAYMENT_LINK,,0,True,3867.8,2.46
rec_80f7e73706823a,cust_96ef2ad6b97e,pay_a4d655d4f59aa7,18,0.761,4,2741.08,INR,upi,payment_method_issue,1,0.41,PAYMENT_LINK,,0,True,2741.08,1.58
rec_8a12ff3054bf2f,cust_06ad7920aff7,pay_d4eab36cf1ab5d,4,0.765,1,329.16,INR,card,bank_timeout,1,0.22,RETRY,,0,True,329.16,2.4
rec_7d3c77b3c4a982,cust_c0ba22a47213,pay_97b26935732a14,3,0.905,0,829.77,INR,upi,insufficient_funds,1,0.98,REMINDER,,0,False,0.0,0.0
rec_c2cdb51d954697,cust_c0ba22a47213,pay_97b26935732a14,3,0.905,0,829.77,INR,upi,insufficient_funds,2,17.89,STOP,REMINDER,1,False,0.0,0.0
rec_d6e3828050d958,cust_d8914adf341c,pay_d6a01a22957f6a,7,0.932,0,9680.56,INR,wallet,authentication_failed,1,1.13,PAYMENT_LINK,,0,True,9680.56,1.29
rec_72590637430b4e,cust_eb93f78c620a,pay_438459ad065996,1,0.358,1,7901.13,INR,card,insufficient_funds,1,0.16,PAYMENT_LINK,,0,False,0.0,0.0
rec_a278c88afc781c,cust_9b2e18c05a24,pay_6f2584549db667,11,0.846,2,10109.12,INR,card,insufficient_funds,1,1.11,PAYMENT_LINK,,0,False,0.0,0.0
rec_f22caa47c86396,cust_a902b73fcf39,pay_81c7f30b595550,4,0.569,2,1528.16,INR,wallet,unknown,1,1.92,REMINDER,,0,False,0.0,0.0
rec_fd31bb33a323d9,cust_a902b73fcf39,pay_81c7f30b595550,4,0.569,2,1528.16,INR,wallet,unknown,2,15.9,PAYMENT_LINK,REMINDER,1,False,0.0,0.0
rec_c7623d2ed434e0,cust_a7222ea2261b,pay_b6a6b43183f94f,11,0.825,2,2143.99,INR,card,network_error,1,1.05,RETRY,,0,True,2143.99,2.07
rec_e67a1e816a62af,cust_084d7822da94,pay_222f92f8199498,1,0.883,0,2165.63,INR,upi,bank_timeout,1,1.11,ESCALATE,,0,False,0.0,0.0
rec_6ee2864fa51033,cust_1d2c27217522,pay_15d2c8a120f22f,2,0.332,1,2808.91,INR,upi,technical_error,1,0.96,RETRY,,0,True,2808.91,1.98
rec_2c220b7b57c13a,cust_58bce5e4d282,pay_4a737e8c19d14b,17,0.254,13,857.64,INR,netbanking,technical_error,1,0.91,RETRY,,0,False,0.0,0.0
rec_a3dc3b5a91d40d,cust_58bce5e4d282,pay_4a737e8c19d14b,17,0.254,13,857.64,INR,netbanking,technical_error,2,7.99,PAYMENT_LINK,RETRY,1,False,0.0,0.0
rec_07b6c124d42669,cust_66d4b39461a7,pay_389a094dc0de82,1,0.857,0,8152.87,INR,card,authentication_failed,1,0.83,PAYMENT_LINK,,0,True,8152.87,1.49
rec_6146502bf22bd3,cust_e0354d75a90d,pay_9d72e9e5e1c09a,28,0.877,3,2009.15,INR,card,insufficient_funds,1,1.33,REMINDER,,0,False,0.0,0.0
rec_5835b783b48482,cust_b6ac20488430,pay_393da26d240daa,12,0.723,3,1058.48,INR,netbanking,bank_timeout,1,1.46,RETRY,,0,True,1058.48,3.87
rec_6f356854046e55,cust_19b38619d1fb,pay_cde9fcfc3ae817,7,0.566,3,9962.06,INR,card,bank_timeout,1,1.54,RETRY,,0,False,0.0,0.0
rec_baabed4fb2123a,cust_19b38619d1fb,pay_cde9fcfc3ae817,7,0.566,3,9962.06,INR,card,bank_timeout,2,6.5,REMINDER,RETRY,1,False,0.0,0.0
rec_346fea9a9142da,cust_9793b9b41374,pay_e8986f79caa45e,14,0.425,8,2916.07,INR,upi,bank_timeout,1,1.89,RETRY,,0,False,0.0,0.0
rec_85b58bd9eecd83,cust_9793b9b41374,pay_e8986f79caa45e,14,0.425,8,2916.07,INR,upi,bank_timeout,2,10.41,PAYMENT_LINK,RETRY,1,False,0.0,0.0
rec_3dcd40584a4c8a,cust_a0ba614204c3,pay_f748d0d3c1d8bc,12,0.914,1,22806.66,INR,card,payment_method_issue,1,0.6,PAYMENT_LINK,,0,True,22806.66,2.61
rec_55e9d5c3d9399f,cust_3df76a69bc45,pay_216754e14d29f2,14,0.47,7,4809.35,INR,upi,bank_timeout,1,0.67,RETRY,,0,False,0.0,0.0
rec_4fea52e98e75fe,cust_3df76a69bc45,pay_216754e14d29f2,14,0.47,7,4809.35,INR,upi,bank_timeout,2,4.34,REMINDER,RETRY,1,False,0.0,0.0
rec_7707ec82e95a6d,cust_3bd13a438853,pay_23cd95e260ac2b,7,0.909,1,2735.18,INR,card,technical_error,1,0.46,RETRY,,0,False,0.0,0.0
rec_f987e24e713c24,cust_3bd13a438853,pay_23cd95e260ac2b,7,0.909,1,2735.18,INR,card,technical_error,2,8.75,PAYMENT_LINK,RETRY,1,True,2735.18,9.43
rec_11082c842d9007,cust_ad58db1bfe31,pay_77b56182fcc07d,2,0.911,0,2201.07,INR,netbanking,bank_timeout,1,0.86,RETRY,,0,True,2201.07,2.78
rec_708b0181e27600,cust_5230dfbd5553,pay_5f1effd03f5e92,13,0.726,4,4292.24,INR,upi,insufficient_funds,1,1.32,REMINDER,,0,True,4292.24,2.9
rec_3c20a3fec5e4f6,cust_92fbacf6d5d1,pay_0b2581a7f47ab3,5,0.888,1,1373.62,INR,upi,authentication_failed,1,0.32,PAYMENT_LINK,,0,True,1373.62,1.44
rec_a9d1ed6b03f592,cust_c3963bf97cc9,pay_a31fe79b2d2c84,15,0.738,4,41689.97,INR,netbanking,insufficient_funds,1,0.65,REMINDER,,0,False,0.0,0.0
rec_5a54228dd468af,cust_c3963bf97cc9,pay_a31fe79b2d2c84,15,0.738,4,41689.97,INR,netbanking,insufficient_funds,2,5.67,PAYMENT_LINK,REMINDER,1,True,41689.97,5.98
rec_145a09ade303f4,cust_be9d61ee18b8,pay_1a6b6aaf1944d3,31,0.933,2,8208.3,INR,card,authentication_failed,1,0.66,RETRY,,0,False,0.0,0.0
rec_ce14d27cf0cebb,cust_be9d61ee18b8,pay_1a6b6aaf1944d3,31,0.933,2,8208.3,INR,card,authentication_failed,2,12.73,RETRY,RETRY,1,False,0.0,0.0
rec_ac98690b021903,cust_be9d61ee18b8,pay_1a6b6aaf1944d3,31,0.933,2,8208.3,INR,card,authentication_failed,3,19.74,PAYMENT_LINK,RETRY,2,False,0.0,0.0
rec_189ac21d97346b,cust_15f7ef61da4e,pay_e2fb055022adaf,21,0.805,4,1570.55,INR,card,insufficient_funds,1,1.33,PAYMENT_LINK,,0,False,0.0,0.0
rec_86b27a8de98258,cust_15f7ef61da4e,pay_e2fb055022adaf,21,0.805,4,1570.55,INR,card,insufficient_funds,2,14.23,PAYMENT_LINK,PAYMENT_LINK,1,True,1570.55,16.51
rec_bfb4a05a8e4c15,cust_27b608dc589d,pay_f8874da3cd575a,10,0.931,1,7840.74,INR,upi,bank_timeout,1,1.31,RETRY,,0,True,7840.74,2.87
rec_628474b8e0e9f2,cust_4ddb1b36272c,pay_76eef2033ebf35,7,0.274,5,1100.47,INR,netbanking,authentication_failed,1,1.15,PAYMENT_LINK,,0,False,0.0,0.0
rec_94619bc35d744c,cust_4ddb1b36272c,pay_76eef2033ebf35,7,0.274,5,1100.47,INR,netbanking,authentication_failed,2,8.27,PAYMENT_LINK,PAYMENT_LINK,1,True,1100.47,10.74
rec_7aa3d450bc7535,cust_c8ee46bf571f,pay_869302afdcee15,12,0.763,3,7603.12,INR,card,bank_timeout,1,0.1,RETRY,,0,True,7603.12,2.53
rec_2b88be87bce9a0,cust_c05e5adeb303,pay_a08a271dd8d5df,2,0.943,0,2742.38,INR,wallet,bank_timeout,1,0.23,RETRY,,0,False,0.0,0.0
rec_a5c50fb0f1dbdc,cust_c05e5adeb303,pay_a08a271dd8d5df,2,0.943,0,2742.38,INR,wallet,bank_timeout,2,17.26,PAYMENT_LINK,RETRY,1,False,0.0,0.0
rec_f9bced311158d4,cust_c05e5adeb303,pay_a08a271dd8d5df,2,0.943,0,2742.38,INR,wallet,bank_timeout,3,25.53,PAYMENT_LINK,PAYMENT_LINK,2,True,2742.38,26.43
rec_68ada39c8f00cf,cust_a0970ff4dc42,pay_d6a0c6a300aaf1,19,0.83,3,11052.92,INR,upi,bank_timeout,1,1.36,RETRY,,0,True,11052.92,3.42
rec_16a46fad9be7e0,cust_ff3c6d4ea1dc,pay_4e6d0bbf3cdaa2,33,0.891,4,2168.77,INR,upi,authentication_failed,1,1.57,PAYMENT_LINK,,0,True,2168.77,2.28
rec_372e1b58a7a09e,cust_2ea9c542a1b9,pay_3acdaf6fbf18ef,3,0.83,1,25659.63,INR,netbanking,authentication_failed,1,0.97,RETRY,,0,False,0.0,0.0
rec_999115c0a9a0f0,cust_2ea9c542a1b9,pay_3acdaf6fbf18ef,3,0.83,1,25659.63,INR,netbanking,authentication_failed,2,13.33,RETRY,RETRY,1,False,0.0,0.0
rec_04bfbe6a353ca0,cust_2ea9c542a1b9,pay_3acdaf6fbf18ef,3,0.83,1,25659.63,INR,netbanking,authentication_failed,3,15.76,REMINDER,RETRY,2,False,0.0,0.0
rec_99f8b86695cec9,cust_2ea9c542a1b9,pay_3acdaf6fbf18ef,3,0.83,1,25659.63,INR,netbanking,authentication_failed,4,28.93,ESCALATE,REMINDER,3,False,0.0,0.0
rec_9d79bc56820dd1,cust_7367c28de1b2,pay_ad2ff441e0102a,4,0.616,2,11414.92,INR,card,insufficient_funds,1,1.18,PAYMENT_LINK,,0,True,11414.92,2.37
rec_4d049b8d841e26,cust_60971a15c806,pay_d9cea80b540b61,7,0.858,1,1714.95,INR,netbanking,authentication_failed,1,1.27,REMINDER,,0,False,0.0,0.0
rec_a82322267e459a,cust_084d7822da94,pay_0afd3db741e921,1,0.883,0,8186.85,INR,card,bank_timeout,1,1.83,RETRY,,0,True,8186.85,3.94
rec_7244e01f526180,cust_37bb3eec4bf5,pay_a34293218eb4e2,65,0.901,6,6199.44,INR,netbanking,bank_timeout,1,1.82,RETRY,,0,False,0.0,0.0
rec_998bfad6d1653e,cust_702c1821c804,pay_20fc28ed9deda9,14,0.313,10,2983.48,INR,netbanking,network_error,1,1.76,RETRY,,0,False,0.0,0.0
rec_20b1d8261c78e2,cust_702c1821c804,pay_20fc28ed9deda9,14,0.313,10,2983.48,INR,netbanking,network_error,2,15.42,PAYMENT_LINK,RETRY,1,False,0.0,0.0
rec_0a2f6f9bb14f7c,cust_28c2cce9723b,pay_b426e90245f056,20,0.746,5,1936.9,INR,wallet,insufficient_funds,1,1.02,PAYMENT_LINK,,0,False,0.0,0.0
rec_7544a3ed49f1c1,cust_bc633d6c6eaf,pay_4eea7844239438,17,0.734,5,10029.91,INR,card,payment_method_issue,1,1.64,PAYMENT_LINK,,0,True,10029.91,2.39
rec_a414e9fb445c61,cust_8861fe1858e2,pay_366e99ba880b84,12,0.975,0,568.69,INR,upi,bank_timeout,1,1.27,RETRY,,0,True,568.69,3.01
rec_74e97844582065,cust_2904a6d6e3e7,pay_814078d0149bc3,2,0.354,1,938.64,INR,upi,bank_timeout,1,0.39,RETRY,,0,False,0.0,0.0
rec_52e2d1048eb4f6,cust_e041f0a33056,pay_8e25ec17fe1eb1,7,0.952,0,9758.16,INR,netbanking,technical_error,1,0.82,RETRY,,0,True,9758.16,1.21
rec_0b82a3123962d1,cust_f77167007305,pay_f4dc7daeb9871b,10,0.85,2,1275.64,INR,wallet,authentication_failed,1,1.1,PAYMENT_LINK,,0,False,0.0,0.0
rec_3fd3d6a6d937f1,cust_f77167007305,pay_f4dc7daeb9871b,10,0.85,2,1275.64,INR,wallet,authentication_failed,2,3.92,PAYMENT_LINK,PAYMENT_LINK,1,True,1275.64,4.96
rec_aa967752543575,cust_62a50eec881a,pay_22e0127a59600f,35,0.293,25,1978.22,INR,wallet,insufficient_funds,1,0.96,PAYMENT_LINK,,0,False,0.0,0.0
rec_a7ab23605d2d43,cust_04022b3c5082,pay_0a55d0757b7d6b,28,0.709,8,2745.64,INR,upi,technical_error,1,1.09,RETRY,,0,True,2745.64,2.72
rec_b80351ca7646d1,cust_80daa8ca6230,pay_2d9c2e1229dd3c,4,0.796,1,2828.78,INR,upi,bank_timeout,1,1.87,RETRY,,0,True,2828.78,3.05
rec_97d730e2ddb6a7,cust_e7515d4b0d82,pay_b6bd74191ba241,1,0.923,0,6973.38,INR,upi,insufficient_funds,1,1.65,RETRY,,0,False,0.0,0.0
rec_f2d08a26b27e7b,cust_4d8131f52719,pay_fea9446a196fc2,14,0.418,8,2115.46,INR,upi,insufficient_funds,1,0.58,RETRY,,0,False,0.0,0.0
rec_a1c123e864161b,cust_4d8131f52719,pay_fea9446a196fc2,14,0.418,8,2115.46,INR,upi,insufficient_funds,2,10.85,REMINDER,RETRY,1,False,0.0,0.0
rec_299dca89516cd9,cust_d0096b2a0041,pay_7b02fa03aa5142,10,0.955,0,6447.89,INR,wallet,insufficient_funds,1,1.38,PAYMENT_LINK,,0,False,0.0,0.0
rec_a3e3ba1f0949af,cust_d0096b2a0041,pay_7b02fa03aa5142,10,0.955,0,6447.89,INR,wallet,insufficient_funds,2,14.99,STOP,PAYMENT_LINK,1,False,0.0,0.0
rec_c0a3d4f68811fc,cust_b3126a11db6a,pay_31975947523fcb,7,0.66,2,4207.48,INR,upi,insufficient_funds,1,1.42,PAYMENT_LINK,,0,False,0.0,0.0
rec_f1439f10f7f156,cust_b3126a11db6a,pay_31975947523fcb,7,0.66,2,4207.48,INR,upi,insufficient_funds,2,18.29,STOP,PAYMENT_LINK,1,False,0.0,0.0
rec_b095e0e7b1e685,cust_a449d64f922d,pay_5fd4134a522cd6,25,0.836,4,2550.93,INR,upi,insufficient_funds,1,0.27,REMINDER,,0,True,2550.93,0.83
rec_2e5e30a9bfc7e9,cust_9162f6dbb5d2,pay_2bc9e3011beed6,7,0.432,4,9884.31,INR,wallet,insufficient_funds,1,1.46,RETRY,,0,False,0.0,0.0
rec_d2558be583aabf,cust_8ee9581ae061,pay_eac4a84e13db05,14,0.937,1,1271.99,INR,card,network_error,1,0.61,RETRY,,0,False,0.0,0.0
rec_3b7f9f07634b75,cust_657e01c90da2,pay_276346680e017b,4,0.798,1,1500.08,INR,upi,payment_method_issue,1,0.35,PAYMENT_LINK,,0,True,1500.08,2.31
rec_2de1e67ea368c8,cust_4de1087bafa1,pay_ae025b9747a343,5,0.734,1,707.08,INR,wallet,payment_method_issue,1,0.81,PAYMENT_LINK,,0,True,707.08,1.54
rec_798f9d481866d9,cust_b4ecfe8d16d1,pay_09a8a33c7ecd45,1,0.702,0,5976.97,INR,card,network_error,1,1.76,RETRY,,0,True,5976.97,4.13
rec_fddf8733b8f0ae,cust_636f6e5c2253,pay_81e0d564ec48fa,30,0.971,1,936.07,INR,upi,authentication_failed,1,1.12,PAYMENT_LINK,,0,False,0.0,0.0
rec_1dad3425f61118,cust_f9d2014a22ee,pay_e0933520275d26,35,0.728,10,298.49,INR,card,network_error,1,0.78,RETRY,,0,False,0.0,0.0
rec_229cc46a9ab46c,cust_f9d2014a22ee,pay_e0933520275d26,35,0.728,10,298.49,INR,card,network_error,2,18.67,REMINDER,RETRY,1,True,298.49,19.62
rec_5ee1e9b082559d,cust_9136d4adf27e,pay_0d2f58754498e1,7,0.725,2,299.13,INR,card,authentication_failed,1,1.81,PAYMENT_LINK,,0,True,299.13,4.19
rec_f5816983b620df,cust_5738811d70c2,pay_8e79aa0a276216,9,0.503,4,786.71,INR,upi,insufficient_funds,1,1.11,REMINDER,,0,True,786.71,2.01
rec_74799ed41a4354,cust_0bb401e769f7,pay_75fa3a3500d821,8,0.652,3,9609.49,INR,card,authentication_failed,1,0.1,PAYMENT_LINK,,0,True,9609.49,2.32
rec_dd87547d7f30b6,cust_01d742563860,pay_d6b9e4a4adeda9,4,0.865,1,2387.95,INR,upi,network_error,1,1.3,RETRY,,0,True,2387.95,3.64
rec_904ee7f6da4274,cust_52b0147bf052,pay_33b35cf629ef1f,34,0.964,1,707.71,INR,card,bank_timeout,1,0.86,RETRY,,0,False,0.0,0.0
rec_3dff7e2ac240ba,cust_52b0147bf052,pay_33b35cf629ef1f,34,0.964,1,707.71,INR,card,bank_timeout,2,10.37,RETRY,RETRY,1,False,0.0,0.0
rec_ade84d9269419f,cust_dd81b7f57d59,pay_cd8bcc3dcc0637,4,0.864,1,1042.42,INR,upi,technical_error,1,1.95,RETRY,,0,True,1042.42,2.35
rec_c624b61821aa0c,cust_c47dd6784d31,pay_b73cd95c0081af,13,0.719,4,8724.14,INR,netbanking,insufficient_funds,1,0.38,PAYMENT_LINK,,0,True,8724.14,0.48
rec_188bc525913258,cust_3f76be1d1efa,pay_212132b330d07f,64,0.823,11,2826.09,INR,card,authentication_failed,1,0.41,PAYMENT_LINK,,0,False,0.0,0.0
rec_1dd7ce67617120,cust_3f76be1d1efa,pay_212132b330d07f,64,0.823,11,2826.09,INR,card,authentication_failed,2,13.84,PAYMENT_LINK,PAYMENT_LINK,1,True,2826.09,14.29
rec_dc44c0c9e5f36a,cust_b3292925b107,pay_96a048232f0d15,7,0.888,1,2261.24,INR,upi,insufficient_funds,1,1.03,PAYMENT_LINK,,0,False,0.0,0.0
rec_20fcfc530e0417,cust_c0ba22a47213,pay_5ce7160aef16b6,3,0.905,0,392.52,INR,card,authentication_failed,1,0.1,PAYMENT_LINK,,0,True,392.52,2.35
rec_9924cb65cfc86e,cust_8f0d55400ec7,pay_f8388941b8a87d,20,0.844,3,1514.67,INR,upi,insufficient_funds,1,1.03,REMINDER,,0,True,1514.67,2.52
rec_291e087bfdda2f,cust_1dee4b6d3ce7,pay_dd6de0da735230,22,0.887,2,1721.9,INR,upi,network_error,1,0.47,RETRY,,0,True,1721.9,1.98
rec_dc9ec2b394b609,cust_ee9bf3e11d27,pay_c94f6ba1b88123,4,0.929,0,1599.29,INR,netbanking,bank_timeout,1,0.41,ESCALATE,,0,True,1599.29,1.65
rec_06ba77aeace3cc,cust_76ecbdd68498,pay_188c96e9affc02,2,0.749,1,23373.59,INR,card,insufficient_funds,1,0.4,PAYMENT_LINK,,0,False,0.0,0.0
rec_e7b1b73a3a08a4,cust_76ecbdd68498,pay_188c96e9affc02,2,0.749,1,23373.59,INR,card,insufficient_funds,2,10.76,ESCALATE,PAYMENT_LINK,1,False,0.0,0.0
rec_d1a9f0118d8565,cust_1ccc33c17e34,pay_6a3c561f47900f,1,0.899,0,38376.85,INR,upi,bank_timeout,1,1.32,RETRY,,0,False,0.0,0.0
rec_7260291c85b4a7,cust_1ccc33c17e34,pay_6a3c561f47900f,1,0.899,0,38376.85,INR,upi,bank_timeout,2,16.32,RETRY,RETRY,1,False,0.0,0.0
rec_823e8c380f2776,cust_bd6734588f2d,pay_146655e39fc788,1,0.617,0,10259.66,INR,upi,insufficient_funds,1,1.55,REMINDER,,0,True,10259.66,2.78
rec_d03a2ab29a5e7f,cust_c3093b6e37e9,pay_7a1ca957e8bc93,10,0.851,1,708.33,INR,upi,bank_timeout,1,0.11,RETRY,,0,False,0.0,0.0
rec_0a953e935cf159,cust_5efb336e2f54,pay_48fe308374d55f,9,0.726,2,1963.3,INR,card,network_error,1,0.29,RETRY,,0,False,0.0,0.0
rec_f04f9a10d82d60,cust_5efb336e2f54,pay_48fe308374d55f,9,0.726,2,1963.3,INR,card,network_error,2,11.19,RETRY,RETRY,1,True,1963.3,12.87
rec_e464800f0fe5c8,cust_c50c71f44d08,pay_553b89042c36e2,7,0.921,1,9097.39,INR,card,technical_error,1,1.37,RETRY,,0,False,0.0,0.0
rec_43eb3c09d3d0c0,cust_b864a47ba434,pay_2d8d6e9b691532,7,0.889,1,11806.11,INR,card,authentication_failed,1,0.95,PAYMENT_LINK,,0,False,0.0,0.0
rec_3f943466091024,cust_b864a47ba434,pay_2d8d6e9b691532,7,0.889,1,11806.11,INR,card,authentication_failed,2,18.14,REMINDER,PAYMENT_LINK,1,False,0.0,0.0
rec_32d7c5a0c27d99,cust_b864a47ba434,pay_2d8d6e9b691532,7,0.889,1,11806.11,INR,card,authentication_failed,3,23.35,ESCALATE,REMINDER,2,True,11806.11,24.11
rec_feb08155c43570,cust_9780c2152b2b,pay_4549991651f680,2,0.849,0,9592.53,INR,card,insufficient_funds,1,0.23,PAYMENT_LINK,,0,True,9592.53,1.91
rec_9e7d146b07b8bd,cust_171603b17466,pay_e3becf0c263c44,3,0.9,0,5398.42,INR,upi,bank_timeout,1,0.22,REMINDER,,0,False,0.0,0.0
rec_2fb3a898fccfb4,cust_171603b17466,pay_e3becf0c263c44,3,0.9,0,5398.42,INR,upi,bank_timeout,2,16.84,REMINDER,REMINDER,1,True,5398.42,19.26
rec_efbc6165a093cd,cust_b95677318a4c,pay_c5761389dc230b,5,0.666,2,1841.1,INR,card,authentication_failed,1,0.22,REMINDER,,0,True,1841.1,0.96
rec_025f6965c578a3,cust_1fe771d6d917,pay_bcaf6e87a8b734,1,0.792,0,1666.76,INR,upi,network_error,1,1.49,RETRY,,0,False,0.0,0.0
rec_0fcd8679b91ce2,cust_e27bb6c44d94,pay_20fbf03af1440d,8,0.856,1,2267.89,INR,upi,network_error,1,1.34,RETRY,,0,True,2267.89,1.52
rec_43d07ee1e35f84,cust_04c47757e2db,pay_bb621534124660,7,0.814,1,5640.94,INR,upi,unknown,1,0.64,RETRY,,0,False,0.0,0.0
rec_af5ff501464572,cust_04c47757e2db,pay_bb621534124660,7,0.814,1,5640.94,INR,upi,unknown,2,4.01,PAYMENT_LINK,RETRY,1,False,0.0,0.0
rec_a5c1670b5b93c4,cust_a14923c2f920,pay_5ed7046b591792,32,0.896,3,4953.24,INR,card,authentication_failed,1,0.97,PAYMENT_LINK,,0,True,4953.24,2.08
rec_8a35c6803af72c,cust_6788420992ca,pay_5876d34c3a5a8c,1,0.629,0,24621.32,INR,card,insufficient_funds,1,0.61,REMINDER,,0,True,24621.32,1.04
rec_6494376e0927a8,cust_1d4a3d81b3a7,pay_1e13498e1f462f,10,0.87,1,2185.19,INR,card,network_error,1,1.71,PAYMENT_LINK,,0,False,0.0,0.0
rec_2fd831ab130aae,cust_bcd2e8eb3f55,pay_a1bde90d02aab9,3,0.948,0,2152.03,INR,upi,payment_method_issue,1,0.76,REMINDER,,0,False,0.0,0.0
rec_ac9bdd676db314,cust_d1c56a004bb1,pay_0826bf52bbd14d,30,0.719,8,2966.67,INR,card,network_error,1,0.44,RETRY,,0,True,2966.67,2.43
rec_fbac85fc973d6b,cust_6793cb096b27,pay_d00457fc3af0be,16,0.979,0,308.13,INR,upi,payment_method_issue,1,1.21,PAYMENT_LINK,,0,False,0.0,0.0
rec_cfb3cf0f0696ea,cust_6793cb096b27,pay_d00457fc3af0be,16,0.979,0,308.13,INR,upi,payment_method_issue,2,4.78,ESCALATE,PAYMENT_LINK,1,False,0.0,0.0
rec_728d060e85524f,cust_d0a90840c8e7,pay_d5aacc672a2c75,10,0.798,2,8618.99,INR,wallet,bank_timeout,1,1.6,RETRY,,0,False,0.0,0.0
rec_42b69b8b6d26c4,cust_6552ac5309ed,pay_b5c1225355decd,4,0.87,1,2729.79,INR,upi,technical_error,1,0.6,RETRY,,0,False,0.0,0.0
rec_bac66ac0a3fa9e,cust_b5103e9c8618,pay_b5b78f19efd516,2,0.826,0,1865.61,INR,upi,insufficient_funds,1,0.63,PAYMENT_LINK,,0,True,1865.61,3.01
rec_227f224ae40956,cust_115c42cd5147,pay_3063fd92456622,45,0.961,2,1391.99,INR,upi,authentication_failed,1,0.54,PAYMENT_LINK,,0,True,1391.99,1.8
rec_2e2788958fda71,cust_af2b99b4d9ac,pay_391c3290cad97d,15,0.729,4,3749.2,INR,upi,payment_method_issue,1,0.46,ESCALATE,,0,False,0.0,0.0
rec_a4973135632b03,cust_af2b99b4d9ac,pay_391c3290cad97d,15,0.729,4,3749.2,INR,upi,payment_method_issue,2,13.21,ESCALATE,ESCALATE,1,False,0.0,0.0
rec_cfc150f396f205,cust_af2b99b4d9ac,pay_391c3290cad97d,15,0.729,4,3749.2,INR,upi,payment_method_issue,3,17.83,PAYMENT_LINK,ESCALATE,2,False,0.0,0.0
rec_f6da2faad9d1b0,cust_283edeec9245,pay_61a08cac23f2d1,24,0.786,5,10864.81,INR,card,network_error,1,1.84,RETRY,,0,False,0.0,0.0
rec_91678c1abe0657,cust_283edeec9245,pay_61a08cac23f2d1,24,0.786,5,10864.81,INR,card,network_error,2,4.16,PAYMENT_LINK,RETRY,1,False,0.0,0.0
rec_0b46730b58b00a,cust_5aff459440dd,pay_7a3fdb3bffd952,7,0.885,1,1552.54,INR,upi,bank_timeout,1,1.1,PAYMENT_LINK,,0,True,1552.54,2.58
rec_8c63dc6c0da7a1,cust_d49b862d1f7b,pay_7e44179cff53d1,17,0.784,4,2416.73,INR,card,bank_timeout,1,1.33,RETRY,,0,False,0.0,0.0
rec_b5aefb6db11c80,cust_d49b862d1f7b,pay_7e44179cff53d1,17,0.784,4,2416.73,INR,card,bank_timeout,2,6.82,PAYMENT_LINK,RETRY,1,False,0.0,0.0
rec_36100ed542e13b,cust_53238affe1e5,pay_fbc931d159fae6,6,0.886,1,26089.51,INR,upi,insufficient_funds,1,1.62,REMINDER,,0,False,0.0,0.0
rec_f3d8dee6c0684c,cust_53238affe1e5,pay_fbc931d159fae6,6,0.886,1,26089.51,INR,upi,insufficient_funds,2,10.3,PAYMENT_LINK,REMINDER,1,True,26089.51,12.06
rec_d66bfdad224961,cust_76ecbdd68498,pay_94cd85b8179b38,2,0.749,1,1963.97,INR,card,payment_method_issue,1,0.69,PAYMENT_LINK,,0,True,1963.97,1.39
rec_3032cca8477190,cust_75dacbbe09a9,pay_d561d0449040fb,10,0.959,0,15556.69,INR,card,insufficient_funds,1,0.93,RETRY,,0,False,0.0,0.0
rec_64c710718f1734,cust_be5e215ec47c,pay_bce126b632f6a4,4,0.897,0,5991.64,INR,upi,authentication_failed,1,1.36,PAYMENT_LINK,,0,True,5991.64,3.16
rec_50c32d0ae37bad,cust_636f6e5c2253,pay_36812d5b0f1346,30,0.971,1,1014.18,INR,upi,technical_error,1,1.78,RETRY,,0,True,1014.18,3.78
rec_7e19afe7351df5,cust_3e1cfa1495d1,pay_7e69d417fa8969,15,0.457,8,1874.68,INR,card,bank_timeout,1,0.3,RETRY,,0,False,0.0,0.0
rec_58f583f176cb34,cust_c37459eef50b,pay_a24ea6f13fc394,20,0.795,4,2622.22,INR,upi,technical_error,1,0.59,PAYMENT_LINK,,0,True,2622.22,2.32
rec_beaee5c149f74a,cust_92ef63c1781f,pay_5a820f9ccbfcdb,6,0.831,1,1320.54,INR,card,bank_timeout,1,1.77,RETRY,,0,True,1320.54,2.51
rec_f24e2646db71be,cust_f6a9e3e3b62b,pay_f5677d936f25c8,6,0.52,3,4126.24,INR,card,insufficient_funds,1,1.7,PAYMENT_LINK,,0,True,4126.24,2.41
rec_8a7a59d0621036,cust_b176e71f3918,pay_d96cf903bee3fa,19,0.761,5,2018.13,INR,netbanking,insufficient_funds,1,1.47,RETRY,,0,False,0.0,0.0
rec_d98d3193379b98,cust_b176e71f3918,pay_d96cf903bee3fa,19,0.761,5,2018.13,INR,netbanking,insufficient_funds,2,11.58,PAYMENT_LINK,RETRY,1,True,2018.13,14.03
rec_bb5ef843394ebb,cust_25693e130efa,pay_5a2ed6c24640f3,9,0.937,1,1897.17,INR,card,bank_timeout,1,0.54,RETRY,,0,True,1897.17,2.16
rec_715a80414e5369,cust_23a13e207fd2,pay_70f05755c4ac1b,15,0.6,6,26354.46,INR,upi,bank_timeout,1,1.94,RETRY,,0,True,26354.46,3.9
rec_4b9f84d933e1b1,cust_4499d0a61500,pay_37c2dcd6b71fa3,2,0.923,0,4617.49,INR,upi,bank_timeout,1,0.64,RETRY,,0,True,4617.49,2.64
rec_050d22da16b019,cust_d029733c9e55,pay_ca1c334611c3af,25,0.515,12,48473.85,INR,card,technical_error,1,1.03,PAYMENT_LINK,,0,False,0.0,0.0
rec_721e97b89f2695,cust_d029733c9e55,pay_ca1c334611c3af,25,0.515,12,48473.85,INR,card,technical_error,2,9.08,ESCALATE,PAYMENT_LINK,1,False,0.0,0.0
rec_4b6997f6b8ce5f,cust_1f5d988f776a,pay_bc2c13e52122a1,2,0.857,0,1379.32,INR,upi,network_error,1,0.52,RETRY,,0,True,1379.32,0.67
rec_ffbb69591eab71,cust_ba6c34ab6712,pay_9302c999e19b11,16,0.976,0,741.19,INR,netbanking,bank_timeout,1,0.58,ESCALATE,,0,False,0.0,0.0
rec_b60d229a9ae2a3,cust_ba6c34ab6712,pay_9302c999e19b11,16,0.976,0,741.19,INR,netbanking,bank_timeout,2,6.7,REMINDER,ESCALATE,1,False,0.0,0.0
rec_dda442bb391227,cust_ba6c34ab6712,pay_9302c999e19b11,16,0.976,0,741.19,INR,netbanking,bank_timeout,3,15.17,REMINDER,REMINDER,2,True,741.19,16.9
rec_0fe6c2a25be1c0,cust_836b47c37c71,pay_7ab81d0205ac3f,11,0.781,2,2696.68,INR,upi,bank_timeout,1,0.18,RETRY,,0,True,2696.68,1.27
rec_c0ea1d0c45fbda,cust_cab214388557,pay_e97aa6b539d41d,5,0.88,1,47335.48,INR,card,insufficient_funds,1,0.44,REMINDER,,0,False,0.0,0.0
rec_4de7e0cc1ba933,cust_cab214388557,pay_e97aa6b539d41d,5,0.88,1,47335.48,INR,card,insufficient_funds,2,3.83,PAYMENT_LINK,REMINDER,1,False,0.0,0.0
rec_a67e52f00f3ffc,cust_663b4427bef7,pay_250b6c284ebca2,1,0.91,0,3212.72,INR,netbanking,insufficient_funds,1,1.1,RETRY,,0,False,0.0,0.0
rec_d1841dfde489d4,cust_75b17a55d426,pay_727e2c026d8480,21,0.969,1,1131.24,INR,card,network_error,1,0.46,RETRY,,0,False,0.0,0.0
rec_6398dadbff57db,cust_75b17a55d426,pay_727e2c026d8480,21,0.969,1,1131.24,INR,card,network_error,2,8.6,PAYMENT_LINK,RETRY,1,True,1131.24,10.75
rec_c4f3ae86e18732,cust_4b86b5a1ca6f,pay_47e52f3a78c572,8,0.752,2,1196.61,INR,netbanking,technical_error,1,1.5,RETRY,,0,True,1196.61,1.71
rec_c33168d40f6782,cust_16dd58af5341,pay_43b17a42b30f46,8,0.826,1,6749.18,INR,upi,bank_timeout,1,1.1,RETRY,,0,False,0.0,0.0
rec_ab7163277e1b16,cust_16dd58af5341,pay_43b17a42b30f46,8,0.826,1,6749.18,INR,upi,bank_timeout,2,9.29,PAYMENT_LINK,RETRY,1,False,0.0,0.0
rec_99bb0880ed5e20,cust_49a23a89e6b5,pay_06910fc04e7ba2,4,0.703,1,3541.76,INR,netbanking,authentication_failed,1,0.72,REMINDER,,0,False,0.0,0.0
rec_8e8e6644f6d760,cust_49a23a89e6b5,pay_06910fc04e7ba2,4,0.703,1,3541.76,INR,netbanking,authentication_failed,2,13.2,REMINDER,REMINDER,1,True,3541.76,14.52
rec_a5c20bdc881da6,cust_bbb71494b7e7,pay_0009abff42bdbe,4,0.954,0,1032.45,INR,wallet,network_error,1,0.64,RETRY,,0,True,1032.45,2.84
rec_d32f545bac9900,cust_1440adec1243,pay_d023bce2cc31d3,5,0.86,1,6883.87,INR,card,authentication_failed,1,1.83,PAYMENT_LINK,,0,True,6883.87,2.79
rec_af9327ef2e6350,cust_2c2ac34b9e0b,pay_a246f2d5958a9a,12,0.797,2,40726.95,INR,wallet,bank_timeout,1,0.95,RETRY,,0,True,40726.95,1.73
rec_02dc214af77fbf,cust_031eef965f71,pay_54e9dcda089bbd,6,0.939,0,926.91,INR,netbanking,insufficient_funds,1,1.77,REMINDER,,0,False,0.0,0.0
rec_dfb13fc3b0f4b3,cust_031eef965f71,pay_54e9dcda089bbd,6,0.939,0,926.91,INR,netbanking,insufficient_funds,2,4.86,REMINDER,REMINDER,1,False,0.0,0.0
rec_a6c4a73e457bbd,cust_8cca89632e2e,pay_3d706c96db8d57,8,0.947,0,1126.25,INR,upi,technical_error,1,1.09,PAYMENT_LINK,,0,False,0.0,0.0
rec_27e4f5d80f893e,cust_eca04629e05b,pay_21a6f458064fa2,13,0.786,3,8578.88,INR,upi,payment_method_issue,1,0.56,PAYMENT_LINK,,0,False,0.0,0.0
rec_8a0d20290bf894,cust_dcc7eb514598,pay_891e3df3e33b91,4,0.826,1,5713.89,INR,upi,authentication_failed,1,1.43,REMINDER,,0,False,0.0,0.0
rec_a83c4984f02702,cust_dcc7eb514598,pay_891e3df3e33b91,4,0.826,1,5713.89,INR,upi,authentication_failed,2,14.82,REMINDER,REMINDER,1,False,0.0,0.0
rec_8cc4539e7207c2,cust_dcc7eb514598,pay_891e3df3e33b91,4,0.826,1,5713.89,INR,upi,authentication_failed,3,19.61,PAYMENT_LINK,REMINDER,2,True,5713.89,20.8
rec_7ec86fd6b8f57b,cust_dcd81a8ba8d6,pay_15c79f628979ee,6,0.955,0,1337.58,INR,netbanking,insufficient_funds,1,0.22,PAYMENT_LINK,,0,True,1337.58,0.48
rec_9e09447b65a940,cust_b86d066b1ba8,pay_fb3a5054a3ca73,4,0.719,1,410.03,INR,upi,bank_timeout,1,0.91,RETRY,,0,True,410.03,1.72
rec_203ed4ef2e6cd1,cust_41c7d9b3db9c,pay_bb774969a49edf,23,0.737,6,2662.7,INR,upi,payment_method_issue,1,0.24,PAYMENT_LINK,,0,False,0.0,0.0
rec_9c14499675d334,cust_6994bf8450d3,pay_edab41b1e3c816,13,0.548,6,1430.89,INR,wallet,insufficient_funds,1,0.85,REMINDER,,0,False,0.0,0.0
rec_50c1355ff4e409,cust_6994bf8450d3,pay_edab41b1e3c816,13,0.548,6,1430.89,INR,wallet,insufficient_funds,2,5.11,REMINDER,REMINDER,1,False,0.0,0.0
rec_c190b72dd17b4c,cust_5c7ae8efc324,pay_ff60b241fb2876,51,0.731,14,1935.64,INR,card,bank_timeout,1,1.58,RETRY,,0,True,1935.64,2.33
rec_d2a5656b737140,cust_0f6b40d09efb,pay_8494b4b1508f73,8,0.686,3,44584.08,INR,wallet,authentication_failed,1,1.67,PAYMENT_LINK,,0,False,0.0,0.0
rec_4bc5d0a9e3c3fb,cust_ff408dcc9db1,pay_f9a2fe316d6c95,10,0.883,1,4776.77,INR,netbanking,bank_timeout,1,1.61,PAYMENT_LINK,,0,True,4776.77,3.02
rec_674ba244b2b731,cust_fc950bbae818,pay_391037f2daf1a5,2,0.815,0,21303.94,INR,upi,network_error,1,1.48,RETRY,,0,True,21303.94,1.92
rec_886973376db86c,cust_dcc7eb514598,pay_4acfd7c411aaa4,4,0.826,1,2070.87,INR,card,authentication_failed,1,1.72,PAYMENT_LINK,,0,True,2070.87,3.74
rec_83ff7f3982a286,cust_a9e27ba9952e,pay_2fc5b3b93238a2,13,0.634,5,2716.12,INR,netbanking,bank_timeout,1,0.68,REMINDER,,0,True,2716.12,1.7
rec_c068476031a928,cust_05c8234b1d76,pay_3c3ad6d16eff2a,15,0.784,3,2583.82,INR,card,network_error,1,1.47,RETRY,,0,True,2583.82,3.14
rec_138cebdcc19ffc,cust_7362f9b74795,pay_3160fa4dc2e857,3,0.804,1,1973.53,INR,card,network_error,1,0.14,ESCALATE,,0,True,1973.53,1.7
rec_226764517ae9db,cust_4588fc1bb238,pay_f4fe8005433ca7,8,0.851,1,2330.4,INR,upi,bank_timeout,1,1.24,PAYMENT_LINK,,0,True,2330.4,2.71
rec_00a901c7e3867d,cust_9c2e58deea4e,pay_372d022604bdc6,4,0.948,0,2224.23,INR,upi,bank_timeout,1,1.54,PAYMENT_LINK,,0,False,0.0,0.0
rec_f0b31c9b5970bd,cust_9c2e58deea4e,pay_372d022604bdc6,4,0.948,0,2224.23,INR,upi,bank_timeout,2,16.04,STOP,PAYMENT_LINK,1,False,0.0,0.0
rec_f8f08f27dd4b6b,cust_5efb336e2f54,pay_1420cdc96d01fc,9,0.726,2,2964.32,INR,card,authentication_failed,1,0.84,PAYMENT_LINK,,0,True,2964.32,3.26
rec_4311c6d07e5c99,cust_e645bb00d3e6,pay_8553d40c6b8701,5,0.791,1,2449.79,INR,upi,bank_timeout,1,1.75,REMINDER,,0,False,0.0,0.0
rec_1b965d2ff7ff4c,cust_ba2c98ce0b19,pay_1ea5c3431b93bf,9,0.841,1,25073.55,INR,upi,authentication_failed,1,1.5,PAYMENT_LINK,,0,True,25073.55,3.22
rec_4d79189d92ee14,cust_d6fdd1a5f173,pay_9a2e35480c14c9,7,0.884,1,5114.49,INR,card,authentication_failed,1,0.89,PAYMENT_LINK,,0,True,5114.49,3.0
rec_bdecc95ffd7289,cust_c36b9a0a41e0,pay_e6aab28f066a3f,22,0.883,3,275.43,INR,netbanking,bank_timeout,1,1.67,PAYMENT_LINK,,0,True,275.43,4.13
rec_5f2214e11dd57b,cust_8bb5f2425105,pay_9bc46c7a35d075,11,0.805,2,1967.67,INR,wallet,authentication_failed,1,1.8,PAYMENT_LINK,,0,True,1967.67,3.28
rec_bdf9ee7c8bfa68,cust_4ef4c34d5bf8,pay_f97d7124fc05ff,10,0.807,2,6229.31,INR,card,network_error,1,1.93,REMINDER,,0,False,0.0,0.0
rec_dd3924ee0476eb,cust_4ef4c34d5bf8,pay_f97d7124fc05ff,10,0.807,2,6229.31,INR,card,network_error,2,17.67,REMINDER,REMINDER,1,False,0.0,0.0
rec_e46b2af9553fc3,cust_7986f498b52f,pay_696bcd9d43c541,44,0.76,11,2672.72,INR,card,insufficient_funds,1,1.98,REMINDER,,0,True,2672.72,3.79
rec_657dbc3db1908f,cust_4199322e3ba5,pay_f412b349ac166a,6,0.803,1,3897.68,INR,netbanking,authentication_failed,1,0.8,REMINDER,,0,True,3897.68,2.43
rec_b7554839e0150c,cust_5c17ebb5093b,pay_06cc5126afedc1,11,0.765,3,9102.95,INR,card,bank_timeout,1,1.06,RETRY,,0,False,0.0,0.0
rec_ff2258e4085faa,cust_5c17ebb5093b,pay_06cc5126afedc1,11,0.765,3,9102.95,INR,card,bank_timeout,2,3.75,REMINDER,RETRY,1,True,9102.95,4.44
rec_31151c580b8aba,cust_dfa0bc178db9,pay_fcb1f5429643b7,9,0.813,2,2365.26,INR,upi,technical_error,1,0.72,RETRY,,0,False,0.0,0.0
rec_0d3f04c1274582,cust_dfa0bc178db9,pay_fcb1f5429643b7,9,0.813,2,2365.26,INR,upi,technical_error,2,10.37,PAYMENT_LINK,RETRY,1,False,0.0,0.0
rec_97afd04fb909d2,cust_0770d18fc916,pay_911e7d6868d5e9,1,0.959,0,5752.79,INR,card,network_error,1,0.97,REMINDER,,0,True,5752.79,1.48
rec_5b99bf7ed1db37,cust_6d7fd4e285e9,pay_03a6638e4617c4,2,0.953,0,2281.15,INR,upi,bank_timeout,1,1.7,RETRY,,0,True,2281.15,1.84
rec_3fbee570e25383,cust_140642a82f61,pay_c55d9c36d9af49,4,0.633,1,17136.97,INR,card,bank_timeout,1,1.86,RETRY,,0,True,17136.97,2.71
rec_100aa7b60fadcb,cust_a93e7b5b1e4a,pay_5c73e1edd784ac,3,0.801,1,959.39,INR,card,bank_timeout,1,1.93,PAYMENT_LINK,,0,False,0.0,0.0
rec_4178bae796bc74,cust_a93e7b5b1e4a,pay_5c73e1edd784ac,3,0.801,1,959.39,INR,card,bank_timeout,2,18.51,PAYMENT_LINK,PAYMENT_LINK,1,True,959.39,18.88
rec_d038edd2694cad,cust_399557cb827e,pay_18a30a0c1c55b4,2,0.837,0,5771.13,INR,wallet,bank_timeout,1,1.53,RETRY,,0,True,5771.13,3.43
rec_1f60402205ded0,cust_fb7d9f1c57eb,pay_69b5d3d9c9b2f1,2,0.729,1,33415.8,INR,upi,payment_method_issue,1,1.71,PAYMENT_LINK,,0,True,33415.8,2.27
rec_4eb3cc3f8143d2,cust_d5e4157d23ba,pay_fb5358345656a6,20,0.436,11,2962.45,INR,upi,payment_method_issue,1,0.45,REMINDER,,0,False,0.0,0.0
rec_05cacf57815bc9,cust_d5e4157d23ba,pay_fb5358345656a6,20,0.436,11,2962.45,INR,upi,payment_method_issue,2,4.04,PAYMENT_LINK,REMINDER,1,True,2962.45,6.27
rec_e74f76aec3677f,cust_00a854738242,pay_0e47c845a4a584,2,0.902,0,758.2,INR,upi,technical_error,1,1.19,RETRY,,0,False,0.0,0.0
rec_8b1c49cb6f9d3f,cust_00a854738242,pay_0e47c845a4a584,2,0.902,0,758.2,INR,upi,technical_error,2,17.91,STOP,RETRY,1,False,0.0,0.0
rec_953ff49b5f680c,cust_76492e64f55d,pay_f3df36e654d3ed,4,0.745,1,700.56,INR,card,authentication_failed,1,0.45,RETRY,,0,False,0.0,0.0
rec_6c96c78d9f6988,cust_9be702abfac0,pay_de85c4c3e7b96a,12,0.472,6,2292.6,INR,upi,bank_timeout,1,0.75,RETRY,,0,True,2292.6,3.19
rec_05c23771297fa0,cust_71414f58db8e,pay_18954c66234222,6,0.304,4,558.0,INR,card,insufficient_funds,1,1.1,REMINDER,,0,False,0.0,0.0
rec_624b1b882c1e3c,cust_71414f58db8e,pay_18954c66234222,6,0.304,4,558.0,INR,card,insufficient_funds,2,17.36,REMINDER,REMINDER,1,False,0.0,0.0
rec_086263f92546a8,cust_71414f58db8e,pay_18954c66234222,6,0.304,4,558.0,INR,card,insufficient_funds,3,24.39,PAYMENT_LINK,REMINDER,2,False,0.0,0.0
rec_d990538147d735,cust_57bcad3ad0a1,pay_c0e5f034840486,7,0.946,0,2966.84,INR,card,insufficient_funds,1,1.55,REMINDER,,0,True,2966.84,2.14
rec_55f81a6f5f0e1d,cust_5496f63cdc11,pay_35ffc2181cf584,1,0.764,0,1387.02,INR,netbanking,bank_timeout,1,0.64,RETRY,,0,True,1387.02,2.35
rec_f7544f6dbc6c85,cust_335dab4685b3,pay_e43d9011221551,18,0.859,3,1526.92,INR,wallet,bank_timeout,1,0.2,RETRY,,0,True,1526.92,1.84
rec_2afb028373a29e,cust_75dacbbe09a9,pay_6720dc2859fe52,10,0.959,0,6924.32,INR,upi,bank_timeout,1,0.5,RETRY,,0,True,6924.32,1.26
rec_20cd923b2f1b8c,cust_5ed7d1a67673,pay_9092991837bf87,3,0.895,0,272.61,INR,card,bank_timeout,1,0.3,RETRY,,0,True,272.61,2.67
rec_2367efd4e8e7b5,cust_43bfd9313605,pay_c9cb7bfed7e6a8,12,0.965,0,10331.04,INR,wallet,network_error,1,0.37,RETRY,,0,True,10331.04,0.97
rec_69cf2f98e0ada0,cust_0770d18fc916,pay_3b77f68c4df600,1,0.959,0,1336.59,INR,wallet,bank_timeout,1,1.97,RETRY,,0,True,1336.59,2.77
rec_0f5e0b759538c5,cust_17e8392a55ce,pay_9a876b6d1cac62,3,0.844,0,42668.84,INR,upi,payment_method_issue,1,1.6,PAYMENT_LINK,,0,False,0.0,0.0
rec_89a85c52826d6e,cust_db9a0eb7b48c,pay_5e73688ba5adc3,6,0.942,0,31599.62,INR,card,insufficient_funds,1,0.35,PAYMENT_LINK,,0,False,0.0,0.0
rec_cffc584111b661,cust_db9a0eb7b48c,pay_5e73688ba5adc3,6,0.942,0,31599.62,INR,card,insufficient_funds,2,13.89,PAYMENT_LINK,PAYMENT_LINK,1,True,31599.62,15.36
rec_4e8b0760a1d36b,cust_eddcac0a9720,pay_dd43bb6358ad6e,1,0.891,0,2075.16,INR,card,network_error,1,1.29,REMINDER,,0,False,0.0,0.0
rec_495e1dda0d5a5f,cust_4e7ed827455a,pay_d346d92f7cc2cd,7,0.793,1,1624.08,INR,card,insufficient_funds,1,1.88,RETRY,,0,False,0.0,0.0
rec_1e99722f1de1de,cust_4e7ed827455a,pay_d346d92f7cc2cd,7,0.793,1,1624.08,INR,card,insufficient_funds,2,8.83,RETRY,RETRY,1,False,0.0,0.0
rec_b34452085ff94b,cust_a5d04d531e12,pay_2b3636fd86ad52,2,0.652,1,9451.63,INR,upi,insufficient_funds,1,0.95,PAYMENT_LINK,,0,False,0.0,0.0
rec_ca88276436affc,cust_243012dab185,pay_a468725d3e0ae5,2,0.786,0,3921.1,INR,upi,technical_error,1,1.09,RETRY,,0,False,0.0,0.0
rec_a1837df54f09e6,cust_2904a6d6e3e7,pay_5a1603b1a207f1,2,0.354,1,1425.92,INR,upi,technical_error,1,1.48,RETRY,,0,True,1425.92,2.61
rec_931f84a82ef5ce,cust_e94628206a80,pay_fdb302c806dc68,15,0.964,1,1556.82,INR,card,payment_method_issue,1,0.3,RETRY,,0,False,0.0,0.0
rec_5788b5fc5db3f7,cust_e94628206a80,pay_fdb302c806dc68,15,0.964,1,1556.82,INR,card,payment_method_issue,2,12.32,PAYMENT_LINK,RETRY,1,True,1556.82,12.68
rec_450886d7bfb4fa,cust_71414f58db8e,pay_d692936cd9ecbd,6,0.304,4,1512.61,INR,upi,insufficient_funds,1,0.71,PAYMENT_LINK,,0,False,0.0,0.0
rec_060f4d732767e6,cust_71414f58db8e,pay_d692936cd9ecbd,6,0.304,4,1512.61,INR,upi,insufficient_funds,2,6.17,PAYMENT_LINK,PAYMENT_LINK,1,False,0.0,0.0
rec_0abe162267e3a6,cust_71414f58db8e,pay_d692936cd9ecbd,6,0.304,4,1512.61,INR,upi,insufficient_funds,3,11.13,PAYMENT_LINK,PAYMENT_LINK,2,True,1512.61,12.21
rec_0896b2f75fba07,cust_c65720ae5bd6,pay_0fcba298b6cd55,2,0.946,0,45292.07,INR,card,insufficient_funds,1,0.98,PAYMENT_LINK,,0,False,0.0,0.0
rec_917dd998e4c20e,cust_c5c5ae8abe15,pay_1e01d085f967f6,4,0.747,1,6082.24,INR,upi,unknown,1,0.47,RETRY,,0,True,6082.24,2.3
rec_be218d8ce7cd26,cust_ca10b4996802,pay_c49f3610b88737,30,0.946,2,46779.55,INR,upi,insufficient_funds,1,0.77,PAYMENT_LINK,,0,False,0.0,0.0
rec_b24f91161eac78,cust_475287aa5408,pay_2baf024dad6aa9,20,0.707,6,1794.24,INR,upi,network_error,1,0.67,RETRY,,0,True,1794.24,1.18
rec_453e5f1b36384a,cust_854dc3bf61d8,pay_6055b4489a3019,2,0.539,1,2418.52,INR,netbanking,insufficient_funds,1,0.74,PAYMENT_LINK,,0,False,0.0,0.0
rec_ca3f43571423b2,cust_854dc3bf61d8,pay_6055b4489a3019,2,0.539,1,2418.52,INR,netbanking,insufficient_funds,2,17.12,PAYMENT_LINK,PAYMENT_LINK,1,True,2418.52,17.28
rec_65c2f24eba456d,cust_4336ffe56631,pay_24b65f7b2a7cf8,2,0.86,0,909.63,INR,netbanking,authentication_failed,1,0.73,PAYMENT_LINK,,0,True,909.63,3.06
rec_a72577aa087852,cust_1f3cea1d2271,pay_e2ff8d7dfc06ce,1,0.854,0,7240.54,INR,netbanking,insufficient_funds,1,0.51,RETRY,,0,True,7240.54,0.81
rec_3dfdd1a8a72a19,cust_1c3efda4689b,pay_f1ea332426802f,35,0.967,1,822.06,INR,netbanking,bank_timeout,1,0.5,RETRY,,0,True,822.06,1.83
rec_213a5e324f9d3f,cust_00a854738242,pay_9c058fbdae6752,2,0.902,0,899.97,INR,card,technical_error,1,1.86,RETRY,,0,True,899.97,3.73
rec_ab5d4ef7793c99,cust_042b03ca75a7,pay_92204bde968595,14,0.728,4,569.37,INR,netbanking,insufficient_funds,1,0.82,REMINDER,,0,False,0.0,0.0
rec_c2020122a97892,cust_042b03ca75a7,pay_92204bde968595,14,0.728,4,569.37,INR,netbanking,insufficient_funds,2,8.9,PAYMENT_LINK,REMINDER,1,False,0.0,0.0
rec_02b75d045484a6,cust_12087e208ede,pay_9645adda152190,5,0.715,1,9818.24,INR,card,authentication_failed,1,1.75,REMINDER,,0,False,0.0,0.0
rec_898c00f04b4a8a,cust_cccf41302556,pay_2b1abf54d4febc,4,0.821,1,1462.09,INR,card,network_error,1,0.85,RETRY,,0,False,0.0,0.0
rec_7dcb6a69d0712f,cust_716ca1f2dec0,pay_95cc456015c45f,1,0.874,0,2750.96,INR,card,insufficient_funds,1,0.55,REMINDER,,0,True,2750.96,0.77
rec_59206dbdec8eba,cust_f200c2614d29,pay_b61fd9f49a4fdd,1,0.868,0,1470.49,INR,upi,authentication_failed,1,0.87,PAYMENT_LINK,,0,True,1470.49,3.08
rec_5d31be20edd911,cust_78946a15c342,pay_5491c0f7716db1,24,0.802,5,7305.66,INR,netbanking,bank_timeout,1,0.87,RETRY,,0,False,0.0,0.0
rec_6f9d88133c4d33,cust_78946a15c342,pay_5491c0f7716db1,24,0.802,5,7305.66,INR,netbanking,bank_timeout,2,16.32,RETRY,RETRY,1,False,0.0,0.0
rec_a26fcc48d54cd6,cust_abcec90f70ec,pay_3c2265fb375eab,5,0.777,1,22740.53,INR,upi,network_error,1,1.63,RETRY,,0,False,0.0,0.0
rec_8ac6b1b2060a5e,cust_abcec90f70ec,pay_3c2265fb375eab,5,0.777,1,22740.53,INR,upi,network_error,2,12.85,RETRY,RETRY,1,True,22740.53,13.89
rec_01775527dfac67,cust_e606d7c21e18,pay_55fda4416ac5bd,5,0.825,1,269.68,INR,card,bank_timeout,1,2.0,RETRY,,0,True,269.68,4.04
rec_2ce898c9942b37,cust_956abfdfbf4e,pay_38dc963ae51082,8,0.897,1,442.59,INR,card,bank_timeout,1,1.63,PAYMENT_LINK,,0,False,0.0,0.0
rec_3f1dbe2ac2c742,cust_ff1b654d6c65,pay_b410f21fb94a68,9,0.774,2,978.3,INR,upi,insufficient_funds,1,1.05,RETRY,,0,False,0.0,0.0
rec_c083564a242cd8,cust_ff1b654d6c65,pay_b410f21fb94a68,9,0.774,2,978.3,INR,upi,insufficient_funds,2,18.09,REMINDER,RETRY,1,False,0.0,0.0
rec_96eb175606843d,cust_89953dd10976,pay_eaa36268cc5732,19,0.755,5,2388.54,INR,upi,insufficient_funds,1,1.05,REMINDER,,0,False,0.0,0.0
rec_04f83fca43451e,cust_89953dd10976,pay_eaa36268cc5732,19,0.755,5,2388.54,INR,upi,insufficient_funds,2,15.84,ESCALATE,REMINDER,1,True,2388.54,17.2
rec_b5fbe14cb42823,cust_76492e64f55d,pay_7005fe0c2d4f8c,4,0.745,1,951.33,INR,card,technical_error,1,0.45,RETRY,,0,True,951.33,1.07
rec_eeae1467911322,cust_55c551fcfba5,pay_1a16afe725cfee,26,0.859,4,11970.02,INR,card,insufficient_funds,1,1.58,RETRY,,0,False,0.0,0.0
rec_c8842e3197c789,cust_bae1e13796ee,pay_b462138315d922,24,0.728,7,6044.26,INR,upi,network_error,1,0.23,RETRY,,0,False,0.0,0.0
rec_7a995b1af5a8a9,cust_afd380c42713,pay_6cdc069394c073,2,0.886,0,2219.34,INR,wallet,payment_method_issue,1,1.67,PAYMENT_LINK,,0,True,2219.34,2.69
rec_dc411edf5d6d11,cust_d50cf57e3dc8,pay_3652871915f18e,3,0.923,0,17115.82,INR,card,bank_timeout,1,1.5,RETRY,,0,True,17115.82,3.93
rec_5aee060c5c54a2,cust_6122318935f3,pay_948e72706ec0e9,15,0.893,2,10719.5,INR,card,payment_method_issue,1,0.22,RETRY,,0,False,0.0,0.0
rec_cc77f138cb002a,cust_06d6fba77650,pay_f538414ef1091b,5,0.771,1,2993.93,INR,upi,insufficient_funds,1,0.22,PAYMENT_LINK,,0,True,2993.93,1.02
rec_7828fcc277c979,cust_98eeac2bfe9f,pay_7347ab8f3c07f6,4,0.854,1,9641.57,INR,card,network_error,1,1.95,RETRY,,0,True,9641.57,3.05
rec_17b789cc8361fd,cust_7e2a9f7347df,pay_2e5cfd0725ddb6,16,0.838,3,2600.97,INR,upi,bank_timeout,1,1.33,PAYMENT_LINK,,0,False,0.0,0.0
rec_41e33d023b8a01,cust_7e2a9f7347df,pay_2e5cfd0725ddb6,16,0.838,3,2600.97,INR,upi,bank_timeout,2,14.02,ESCALATE,PAYMENT_LINK,1,False,0.0,0.0
rec_5d87d04ded98dc,cust_7e2a9f7347df,pay_2e5cfd0725ddb6,16,0.838,3,2600.97,INR,upi,bank_timeout,3,23.12,PAYMENT_LINK,ESCALATE,2,True,2600.97,23.25
rec_bb5b7ded6d2e6d,cust_b6004df4e0de,pay_8190dd6503c61f,34,0.689,11,5116.35,INR,upi,bank_timeout,1,0.7,RETRY,,0,False,0.0,0.0
rec_7082cd98b25fb9,cust_b6004df4e0de,pay_8190dd6503c61f,34,0.689,11,5116.35,INR,upi,bank_timeout,2,5.93,REMINDER,RETRY,1,False,0.0,0.0
rec_fdb59d06dd87a6,cust_fd9f45f40816,pay_f75cc946a1fe41,6,0.491,3,2998.98,INR,card,technical_error,1,1.54,RETRY,,0,False,0.0,0.0
rec_a51ca362f253da,cust_abb8fe95f077,pay_e642c631f1ec66,5,0.954,0,1046.54,INR,upi,insufficient_funds,1,1.19,REMINDER,,0,True,1046.54,3.5
rec_906eb1fcc1abcc,cust_70be96304a63,pay_8d12043ac5c245,6,0.708,2,4563.52,INR,upi,insufficient_funds,1,0.98,PAYMENT_LINK,,0,False,0.0,0.0
rec_98cfe11a4b1824,cust_70be96304a63,pay_8d12043ac5c245,6,0.708,2,4563.52,INR,upi,insufficient_funds,2,13.6,REMINDER,PAYMENT_LINK,1,True,4563.52,15.47
rec_19b8350b6e5b00,cust_be9d61ee18b8,pay_3fb1cbdc527e85,31,0.933,2,6048.41,INR,card,payment_method_issue,1,1.94,PAYMENT_LINK,,0,True,6048.41,2.7
rec_c0bd78d89b0067,cust_1b3dbd5ce9a1,pay_39fd015e3db2ac,26,0.84,4,254.55,INR,upi,network_error,1,1.68,RETRY,,0,True,254.55,2.37
rec_724100526d1a66,cust_27035b27958c,pay_13fea0f1cdf977,5,0.873,1,1468.6,INR,upi,network_error,1,0.67,RETRY,,0,True,1468.6,1.83
rec_b084663cbe4eb6,cust_c71d5e601d52,pay_6e16a2048dfb01,18,0.87,2,746.06,INR,upi,unknown,1,1.33,PAYMENT_LINK,,0,False,0.0,0.0
rec_e22dc39fc7755f,cust_c71d5e601d52,pay_6e16a2048dfb01,18,0.87,2,746.06,INR,upi,unknown,2,18.31,PAYMENT_LINK,PAYMENT_LINK,1,True,746.06,20.72
rec_ee367dcde70f3b,cust_4447ceab84ef,pay_3f2bde3f583279,44,0.839,7,7077.46,INR,card,network_error,1,0.59,RETRY,,0,True,7077.46,1.21
rec_0fd2b477c09de4,cust_a520c3d0fbcd,pay_202de51c774f88,13,0.881,2,7290.9,INR,card,insufficient_funds,1,1.66,REMINDER,,0,True,7290.9,2.03
rec_83018d637c7714,cust_937ca77cb25b,pay_bb32b05aad5e84,6,0.908,1,1625.47,INR,upi,bank_timeout,1,1.54,RETRY,,0,True,1625.47,3.1
rec_cd04244bb41ffd,cust_10cc460428b2,pay_8928f9ea5be300,18,0.611,7,9040.3,INR,upi,bank_timeout,1,1.25,RETRY,,0,True,9040.3,2.19
rec_5ef43ea46feda5,cust_4758367ba649,pay_a5abda7bb66ea1,18,0.848,3,5427.9,INR,upi,insufficient_funds,1,0.9,REMINDER,,0,True,5427.9,2.94
rec_89c2298e437fd4,cust_737335549e20,pay_5534dfcdc1e3e4,7,0.781,2,745.76,INR,card,insufficient_funds,1,0.19,REMINDER,,0,True,745.76,2.15
rec_e99142274c9891,cust_107380cb46d9,pay_92e05c5b9b534f,25,0.782,5,9334.9,INR,upi,insufficient_funds,1,1.29,REMINDER,,0,False,0.0,0.0
rec_8cdce91f2481c9,cust_38aa76dfdb6b,pay_1e63fb45b46eab,6,0.86,1,2748.89,INR,card,insufficient_funds,1,1.76,REMINDER,,0,True,2748.89,2.76
rec_ebc0560640617d,cust_86804a8a515f,pay_4f2a32f908724d,9,0.8,2,2377.45,INR,card,network_error,1,1.02,ESCALATE,,0,False,0.0,0.0
rec_f6f846ce0ccc48,cust_86804a8a515f,pay_4f2a32f908724d,9,0.8,2,2377.45,INR,card,network_error,2,10.41,PAYMENT_LINK,ESCALATE,1,False,0.0,0.0
rec_d9d0033a9f17ee,cust_cdfcef75651e,pay_cfda94a29201b5,44,0.889,5,5884.24,INR,upi,bank_timeout,1,0.15,RETRY,,0,False,0.0,0.0
rec_f35b433047ce34,cust_cdfcef75651e,pay_cfda94a29201b5,44,0.889,5,5884.24,INR,upi,bank_timeout,2,6.68,REMINDER,RETRY,1,False,0.0,0.0
rec_35ea6b2eb332cc,cust_07f97d05f6ca,pay_459e42340ab079,19,0.479,10,2272.2,INR,upi,authentication_failed,1,1.17,PAYMENT_LINK,,0,False,0.0,0.0
rec_ffccb82158f184,cust_daf61a26146d,pay_5b1c0589b03189,15,0.764,4,2391.53,INR,card,insufficient_funds,1,1.82,PAYMENT_LINK,,0,False,0.0,0.0
rec_9cfa7d1c40a0da,cust_daf61a26146d,pay_5b1c0589b03189,15,0.764,4,2391.53,INR,card,insufficient_funds,2,9.74,PAYMENT_LINK,PAYMENT_LINK,1,True,2391.53,10.25
rec_a271cc1ed9d314,cust_9b0e70ad922b,pay_c51df0cab3c675,1,0.526,0,1253.88,INR,upi,insufficient_funds,1,1.67,PAYMENT_LINK,,0,False,0.0,0.0
rec_0c8d9375cb6e11,cust_4cec495b2267,pay_6a14ad87ddd3b1,9,0.728,2,1797.05,INR,card,network_error,1,1.17,RETRY,,0,True,1797.05,1.73
rec_aecf418d7c3e3a,cust_e80d9169c244,pay_db923c7ba956d1,19,0.807,4,10240.89,INR,card,insufficient_funds,1,1.51,ESCALATE,,0,False,0.0,0.0
rec_d15bfda0b83f00,cust_e7bd1db7f780,pay_48e27413343225,6,0.93,0,8862.68,INR,netbanking,network_error,1,0.18,PAYMENT_LINK,,0,False,0.0,0.0
rec_cd03e267178ec3,cust_e7bd1db7f780,pay_48e27413343225,6,0.93,0,8862.68,INR,netbanking,network_error,2,4.61,STOP,PAYMENT_LINK,1,False,0.0,0.0
rec_06fb5fdcd2f4d1,cust_e5f22dfba741,pay_6f0fb41ee27322,10,0.883,1,8120.79,INR,wallet,bank_timeout,1,1.86,RETRY,,0,True,8120.79,3.56
rec_9bafa427732198,cust_f36cb62b892e,pay_3c4c32cedebf8c,4,0.754,1,33170.03,INR,netbanking,unknown,1,1.39,REMINDER,,0,True,33170.03,3.5
rec_978266203fbf57,cust_3f5e3b8cc058,pay_4f42889e6c4f4c,10,0.295,7,377.74,INR,card,authentication_failed,1,0.46,REMINDER,,0,False,0.0,0.0
rec_521e6d7d42e79f,cust_ffce50b36151,pay_cea813414e60d2,33,0.867,4,638.07,INR,upi,insufficient_funds,1,1.28,PAYMENT_LINK,,0,False,0.0,0.0
rec_d4f188e0e0a94c,cust_d701410d3f4b,pay_a7a74a6f0608a4,28,0.833,5,2088.67,INR,upi,bank_timeout,1,1.8,RETRY,,0,True,2088.67,4.18
rec_2d91bd7cdbee1e,cust_e5f22dfba741,pay_39fa9c257b17aa,10,0.883,1,2774.1,INR,card,insufficient_funds,1,1.97,RETRY,,0,False,0.0,0.0
rec_f67d0fdd3c47c4,cust_e5f22dfba741,pay_39fa9c257b17aa,10,0.883,1,2774.1,INR,card,insufficient_funds,2,15.05,REMINDER,RETRY,1,True,2774.1,16.61
rec_4d80297b4f62d9,cust_79dbf407c5c6,pay_bd3443d954c986,13,0.433,7,404.59,INR,upi,bank_timeout,1,1.31,RETRY,,0,False,0.0,0.0
rec_7253486e01007b,cust_79dbf407c5c6,pay_bd3443d954c986,13,0.433,7,404.59,INR,upi,bank_timeout,2,15.69,REMINDER,RETRY,1,False,0.0,0.0
rec_db00b5868ca356,cust_79dbf407c5c6,pay_bd3443d954c986,13,0.433,7,404.59,INR,upi,bank_timeout,3,22.03,REMINDER,REMINDER,2,False,0.0,0.0
rec_b8faa5161a4925,cust_79dbf407c5c6,pay_bd3443d954c986,13,0.433,7,404.59,INR,upi,bank_timeout,4,39.56,ESCALATE,REMINDER,3,False,0.0,0.0
rec_4638ec10b0ee54,cust_ff408dcc9db1,pay_0dfda1039cbf67,10,0.883,1,2375.64,INR,upi,authentication_failed,1,1.88,PAYMENT_LINK,,0,True,2375.64,4.34
rec_5b715f52fe5988,cust_41992fdfb310,pay_2198fc387c9df1,2,0.858,0,388.19,INR,wallet,payment_method_issue,1,1.77,PAYMENT_LINK,,0,False,0.0,0.0
rec_c33be8597e6e4c,cust_41992fdfb310,pay_2198fc387c9df1,2,0.858,0,388.19,INR,wallet,payment_method_issue,2,17.92,PAYMENT_LINK,PAYMENT_LINK,1,True,388.19,19.11
rec_7d35c6572a0b22,cust_f42973f5d1d1,pay_bea2cecaa7bd55,7,0.906,1,2164.45,INR,upi,bank_timeout,1,0.3,RETRY,,0,True,2164.45,1.85
rec_947e63b9105dd4,cust_dd39d7936257,pay_36ce365b353924,4,0.727,1,1814.89,INR,upi,authentication_failed,1,1.31,RETRY,,0,False,0.0,0.0
rec_955df9a0086aab,cust_dd39d7936257,pay_36ce365b353924,4,0.727,1,1814.89,INR,upi,authentication_failed,2,18.58,REMINDER,RETRY,1,False,0.0,0.0
rec_7f9aec6a4c6de0,cust_dd39d7936257,pay_36ce365b353924,4,0.727,1,1814.89,INR,upi,authentication_failed,3,34.92,REMINDER,REMINDER,2,False,0.0,0.0
rec_73ac9485c15a79,cust_dd39d7936257,pay_36ce365b353924,4,0.727,1,1814.89,INR,upi,authentication_failed,4,42.75,ESCALATE,REMINDER,3,False,0.0,0.0
rec_7f253c84ad4ec8,cust_e1896b253a5b,pay_594e41742ce552,2,0.773,0,47536.35,INR,upi,insufficient_funds,1,0.91,REMINDER,,0,True,47536.35,1.84
rec_95fd62db5fc225,cust_29a3b2e95d65,pay_68263e2d8f8c6e,4,0.778,1,11469.56,INR,card,insufficient_funds,1,1.49,RETRY,,0,False,0.0,0.0
rec_74d488ee80c9d1,cust_29a3b2e95d65,pay_68263e2d8f8c6e,4,0.778,1,11469.56,INR,card,insufficient_funds,2,13.75,PAYMENT_LINK,RETRY,1,True,11469.56,16.24
rec_386a4d9c63c606,cust_2620f9a974fd,pay_f519f70b60be50,1,0.793,0,8555.97,INR,card,network_error,1,0.19,RETRY,,0,True,8555.97,0.26
rec_286c3f349d52c3,cust_107380cb46d9,pay_8128ed782efc7c,25,0.782,5,2203.87,INR,card,bank_timeout,1,0.98,PAYMENT_LINK,,0,False,0.0,0.0
rec_e5e5365a226905,cust_bf51936241a6,pay_c6815466c41584,5,0.797,1,8049.7,INR,card,technical_error,1,1.47,PAYMENT_LINK,,0,False,0.0,0.0
rec_c0f886bd5ea4d9,cust_a7e8d18eddf6,pay_188e798bb80c6c,40,0.957,2,5642.8,INR,upi,authentication_failed,1,1.0,REMINDER,,0,True,5642.8,2.51
rec_1108d00cc09837,cust_39d2d74a71a7,pay_8bd2e759fc1e34,5,0.787,1,2712.19,INR,wallet,bank_timeout,1,1.05,RETRY,,0,True,2712.19,2.58
rec_10d481420b4e30,cust_a21c0c06ed37,pay_ec18773759222a,19,0.73,5,8829.67,INR,upi,bank_timeout,1,1.15,RETRY,,0,True,8829.67,3.63
rec_ded0abb9ede7de,cust_cc8ceba90662,pay_933e0e04c10a59,19,0.956,1,2344.21,INR,card,insufficient_funds,1,1.25,PAYMENT_LINK,,0,True,2344.21,2.63
rec_7da1e96a9df435,cust_da78f4c526b3,pay_fecba0a6ac2cae,6,0.946,0,8446.48,INR,upi,technical_error,1,1.28,RETRY,,0,True,8446.48,1.4
rec_2fdd1362838018,cust_e7515d4b0d82,pay_ac21a335e93c81,1,0.923,0,25589.51,INR,upi,bank_timeout,1,0.13,RETRY,,0,True,25589.51,0.9
rec_347eec8f92e24f,cust_3df76a69bc45,pay_0939f12a91fd78,14,0.47,7,7924.71,INR,card,insufficient_funds,1,1.44,PAYMENT_LINK,,0,False,0.0,0.0
rec_6c7be210aba0c8,cust_8bae295e902a,pay_0091f77cfb3be5,18,0.903,2,44483.95,INR,netbanking,authentication_failed,1,0.82,ESCALATE,,0,False,0.0,0.0
rec_d13076b82bfd69,cust_8bae295e902a,pay_0091f77cfb3be5,18,0.903,2,44483.95,INR,netbanking,authentication_failed,2,12.21,PAYMENT_LINK,ESCALATE,1,False,0.0,0.0
rec_502bc33a99d7a5,cust_8bae295e902a,pay_0091f77cfb3be5,18,0.903,2,44483.95,INR,netbanking,authentication_failed,3,22.88,ESCALATE,PAYMENT_LINK,2,False,0.0,0.0
rec_5fe5071bd2147f,cust_ce67b962548b,pay_5d4f4215d46be0,14,0.716,4,647.34,INR,upi,bank_timeout,1,0.88,RETRY,,0,True,647.34,2.4
rec_a8741a3f13b37d,cust_f83a1bce7069,pay_991890e44077c3,13,0.739,3,2680.97,INR,netbanking,authentication_failed,1,1.04,PAYMENT_LINK,,0,False,0.0,0.0
rec_a28042baed62fc,cust_dce70289411a,pay_5d8d7406424232,2,0.972,0,38921.46,INR,upi,bank_timeout,1,1.91,RETRY,,0,True,38921.46,4.12
rec_840fc16f8fa84e,cust_c11bd1c4ffe3,pay_912cb8b45bc848,1,0.673,0,9254.91,INR,card,network_error,1,0.56,RETRY,,0,True,9254.91,1.83
rec_14dfa6cc468633,cust_f6496cdefca5,pay_b47b0924dae5d0,2,0.702,1,4079.87,INR,card,network_error,1,1.26,REMINDER,,0,True,4079.87,1.54
rec_0a7abcd3a55878,cust_0c90e0284185,pay_e0d7d7ff771ea9,22,0.847,3,3884.57,INR,upi,authentication_failed,1,1.24,REMINDER,,0,False,0.0,0.0
rec_1cba268e516c31,cust_d08d13dff3dc,pay_f28ffb4facd11f,4,0.767,1,2260.81,INR,netbanking,payment_method_issue,1,0.44,PAYMENT_LINK,,0,True,2260.81,2.48
rec_045dde84975924,cust_02f865f82260,pay_8fd0f7d2c73edd,22,0.979,0,2664.98,INR,upi,insufficient_funds,1,1.63,PAYMENT_LINK,,0,True,2664.98,3.81
rec_a07723edda12cb,cust_107380cb46d9,pay_82deaffb2fb672,25,0.782,5,571.71,INR,upi,authentication_failed,1,1.44,REMINDER,,0,False,0.0,0.0
rec_fca98c133962e1,cust_107380cb46d9,pay_82deaffb2fb672,25,0.782,5,571.71,INR,upi,authentication_failed,2,16.0,PAYMENT_LINK,REMINDER,1,True,571.71,16.73
rec_29cd84db80369f,cust_6786d50638ba,pay_aae5d356bd25e4,13,0.922,1,676.59,INR,upi,authentication_failed,1,1.05,RETRY,,0,False,0.0,0.0
rec_a24581e702399c,cust_e4429ebbda7b,pay_55ad1993e0ea92,6,0.798,1,8518.79,INR,netbanking,authentication_failed,1,0.9,PAYMENT_LINK,,0,True,8518.79,1.18
rec_638d387b368cb5,cust_9c6d52d5ae2e,pay_f1ec2acf230c1d,9,0.778,2,570.61,INR,card,technical_error,1,1.35,RETRY,,0,False,0.0,0.0
rec_0b3843fb552b85,cust_9c6d52d5ae2e,pay_f1ec2acf230c1d,9,0.778,2,570.61,INR,card,technical_error,2,5.79,REMINDER,RETRY,1,True,570.61,7.55
rec_490987c986d1f4,cust_8a4b8f7c2147,pay_419c0127455746,28,0.94,2,26325.34,INR,netbanking,unknown,1,1.78,RETRY,,0,True,26325.34,3.21
rec_402e49ce7d4f98,cust_5c75352c45cd,pay_5b20f42241af04,5,0.31,3,2751.05,INR,upi,network_error,1,0.93,RETRY,,0,True,2751.05,3.18
rec_b19a9cbc6baf5c,cust_44c1f1b5ebbb,pay_1b9632f0adcb97,27,0.767,6,1209.02,INR,card,bank_timeout,1,0.1,RETRY,,0,True,1209.02,0.84
rec_8f6d2323e280df,cust_5c3552b39437,pay_cc57ae4a1176ea,11,0.75,3,1089.96,INR,card,network_error,1,1.07,RETRY,,0,True,1089.96,2.05
rec_38028ccf86e528,cust_902059e4ff9a,pay_150bff58fb3006,5,0.72,1,1761.69,INR,card,bank_timeout,1,1.23,RETRY,,0,True,1761.69,3.6
rec_cbb7882cfd0387,cust_6d53628b4985,pay_ffd93e32e53cc1,8,0.961,0,2375.15,INR,upi,bank_timeout,1,0.79,RETRY,,0,True,2375.15,3.28
rec_7ba6f9be99651c,cust_91ddb9bf613d,pay_35e781daad6a13,11,0.743,3,473.24,INR,card,bank_timeout,1,0.54,RETRY,,0,True,473.24,1.68
rec_28c7db885f716d,cust_95dfe6cbc75a,pay_0d4d1b5dacbf0a,22,0.902,2,5125.87,INR,card,payment_method_issue,1,1.25,PAYMENT_LINK,,0,True,5125.87,2.42
rec_9a86ab588706d2,cust_17fc695a07a0,pay_87899a64ea835c,14,0.288,10,1991.45,INR,card,network_error,1,1.14,RETRY,,0,True,1991.45,1.74
rec_1986a61ae973ea,cust_e80d9169c244,pay_199fc57de10770,19,0.807,4,8010.96,INR,card,authentication_failed,1,1.44,ESCALATE,,0,False,0.0,0.0
rec_b5f5aeeae388d1,cust_e80d9169c244,pay_199fc57de10770,19,0.807,4,8010.96,INR,card,authentication_failed,2,16.22,REMINDER,ESCALATE,1,True,8010.96,17.65
rec_9057b26d48a69a,cust_54ec84ce002c,pay_0087a6e9a47c94,2,0.761,0,730.16,INR,upi,authentication_failed,1,1.35,PAYMENT_LINK,,0,False,0.0,0.0
rec_033887bfa01d32,cust_54ec84ce002c,pay_0087a6e9a47c94,2,0.761,0,730.16,INR,upi,authentication_failed,2,14.19,REMINDER,PAYMENT_LINK,1,False,0.0,0.0
rec_2f6c25303738c9,cust_54ec84ce002c,pay_0087a6e9a47c94,2,0.761,0,730.16,INR,upi,authentication_failed,3,20.52,ESCALATE,REMINDER,2,False,0.0,0.0
rec_082ce094d9608a,cust_54ec84ce002c,pay_0087a6e9a47c94,2,0.761,0,730.16,INR,upi,authentication_failed,4,27.18,ESCALATE,ESCALATE,3,True,730.16,28.77
rec_c3d0966d7f79b6,cust_4c1d2e430c2b,pay_bd8f2122ae419c,19,0.486,10,29462.85,INR,card,bank_timeout,1,0.35,RETRY,,0,False,0.0,0.0
rec_bc9af55292a56d,cust_4c1d2e430c2b,pay_bd8f2122ae419c,19,0.486,10,29462.85,INR,card,bank_timeout,2,17.72,PAYMENT_LINK,RETRY,1,False,0.0,0.0
rec_fd40466c91a38a,cust_1f3cea1d2271,pay_15643cf322a740,1,0.854,0,18347.28,INR,upi,technical_error,1,1.89,RETRY,,0,True,18347.28,2.3
rec_e7f07639d0ed13,cust_cdfcef75651e,pay_29af83c4c3e685,44,0.889,5,23053.82,INR,upi,bank_timeout,1,0.17,RETRY,,0,False,0.0,0.0
rec_46aae4c25f57de,cust_61ee6c5bdeef,pay_90c2f33fc63380,11,0.748,3,1617.85,INR,card,insufficient_funds,1,0.78,RETRY,,0,False,0.0,0.0
rec_dd83fc2aaa55b5,cust_61ee6c5bdeef,pay_90c2f33fc63380,11,0.748,3,1617.85,INR,card,insufficient_funds,2,7.53,PAYMENT_LINK,RETRY,1,True,1617.85,8.65
rec_fc5f8e13ee680a,cust_5cd8fe1adafe,pay_d7f6d8c856e9cb,1,0.824,0,456.9,INR,wallet,bank_timeout,1,0.83,RETRY,,0,True,456.9,1.65
rec_dc69bc4e3a1441,cust_a2fba345a84c,pay_db8c9c44452751,63,0.742,16,11743.79,INR,netbanking,bank_timeout,1,1.42,REMINDER,,0,False,0.0,0.0
rec_be729e01080256,cust_286ed390edd9,pay_ce100ad8979d3a,2,0.701,1,644.02,INR,upi,unknown,1,1.0,REMINDER,,0,True,644.02,2.51
rec_dd200d2a28fa49,cust_bdcf6fd488df,pay_277baf460d7eee,3,0.728,1,849.93,INR,card,bank_timeout,1,1.59,RETRY,,0,False,0.0,0.0
rec_64b04e41cd3050,cust_bdcf6fd488df,pay_277baf460d7eee,3,0.728,1,849.93,INR,card,bank_timeout,2,19.52,REMINDER,RETRY,1,False,0.0,0.0
rec_bf74a9a9ffc0ff,cust_712ab8eb3756,pay_7e8b3cc2475062,6,0.71,2,2471.89,INR,upi,bank_timeout,1,0.8,REMINDER,,0,True,2471.89,1.79
rec_4ddb98de7e35f4,cust_3b964c74ffe6,pay_343ae510ee69d5,1,0.483,1,2965.88,INR,card,insufficient_funds,1,1.75,PAYMENT_LINK,,0,True,2965.88,3.51
rec_5dc0a6ff25b6c4,cust_697878c17c22,pay_5b0ca36ece03e0,21,0.845,3,24743.04,INR,card,bank_timeout,1,1.48,RETRY,,0,True,24743.04,2.58
rec_e99badbd7c5e9c,cust_75dacbbe09a9,pay_459598d3601cea,10,0.959,0,431.7,INR,netbanking,payment_method_issue,1,1.86,REMINDER,,0,True,431.7,3.75
rec_ae8dc791f2c6fc,cust_77fc97031fd5,pay_1f73d8010be00b,5,0.859,1,2567.44,INR,card,payment_method_issue,1,1.25,PAYMENT_LINK,,0,False,0.0,0.0
rec_83006ddbcdfa0d,cust_23cd8a4471e6,pay_17e84a53013c98,36,0.919,3,2093.46,INR,card,technical_error,1,0.98,RETRY,,0,True,2093.46,3.08
rec_c2df5607c59e49,cust_87beb021f636,pay_e47530715e85c0,1,0.447,1,1606.43,INR,wallet,bank_timeout,1,0.6,RETRY,,0,True,1606.43,2.15
rec_95cf23f1417d3a,cust_3d175712d8b2,pay_4adde649bbd089,14,0.896,1,36017.52,INR,upi,bank_timeout,1,1.56,RETRY,,0,True,36017.52,2.78
rec_82f71fc9c2662f,cust_277fecc6196b,pay_ce8a66040fcd96,5,0.842,1,11296.81,INR,upi,authentication_failed,1,0.92,RETRY,,0,False,0.0,0.0
rec_85be86f970678a,cust_277fecc6196b,pay_ce8a66040fcd96,5,0.842,1,11296.81,INR,upi,authentication_failed,2,4.63,REMINDER,RETRY,1,False,0.0,0.0
rec_d89b07cd1b8672,cust_277fecc6196b,pay_ce8a66040fcd96,5,0.842,1,11296.81,INR,upi,authentication_failed,3,17.42,STOP,REMINDER,2,False,0.0,0.0
rec_05308fdf1b0221,cust_82ec0fc37c0a,pay_e7d59d54ade851,7,0.869,1,10231.14,INR,upi,bank_timeout,1,1.46,RETRY,,0,True,10231.14,1.93
rec_34336fd95dc1ab,cust_e04872dc744d,pay_9f689d10cbfac9,40,0.817,7,25990.06,INR,upi,insufficient_funds,1,0.7,REMINDER,,0,False,0.0,0.0
rec_af1ae95e38a473,cust_e04872dc744d,pay_9f689d10cbfac9,40,0.817,7,25990.06,INR,upi,insufficient_funds,2,15.73,PAYMENT_LINK,REMINDER,1,False,0.0,0.0
rec_9f2cda971bbcd2,cust_e04872dc744d,pay_9f689d10cbfac9,40,0.817,7,25990.06,INR,upi,insufficient_funds,3,27.83,PAYMENT_LINK,PAYMENT_LINK,2,True,25990.06,28.88
rec_bae1a218b58b82,cust_9e3c5a886aa5,pay_f84ba4e1d4cdf9,13,0.882,2,3638.83,INR,card,insufficient_funds,1,0.72,PAYMENT_LINK,,0,False,0.0,0.0
rec_f5d50a901222f1,cust_9e3c5a886aa5,pay_f84ba4e1d4cdf9,13,0.882,2,3638.83,INR,card,insufficient_funds,2,15.07,REMINDER,PAYMENT_LINK,1,False,0.0,0.0
rec_7c0ab613b4f792,cust_9e3c5a886aa5,pay_f84ba4e1d4cdf9,13,0.882,2,3638.83,INR,card,insufficient_funds,3,18.53,PAYMENT_LINK,REMINDER,2,True,3638.83,18.66
rec_728adc3d24a805,cust_789fed967337,pay_697fec0f43b4e0,21,0.894,2,8319.54,INR,upi,insufficient_funds,1,1.43,RETRY,,0,True,8319.54,2.5
rec_837d84fb10200d,cust_3e00980eae44,pay_ed2d92eb69ed7b,12,0.936,1,319.78,INR,wallet,authentication_failed,1,1.83,PAYMENT_LINK,,0,True,319.78,3.34
rec_d45012c70ff6d4,cust_ddfcd1d5cb86,pay_c851a77cb06652,39,0.89,4,2281.27,INR,card,bank_timeout,1,0.28,RETRY,,0,True,2281.27,1.44
rec_f76ba80aec364d,cust_c4b032ccd7c5,pay_23f5b1b9c01354,55,0.856,8,525.81,INR,upi,authentication_failed,1,0.51,REMINDER,,0,True,525.81,2.63
rec_109539e0d7d498,cust_a180f402fb3e,pay_e89e3ed88bca48,23,0.969,1,1259.65,INR,card,insufficient_funds,1,1.22,PAYMENT_LINK,,0,True,1259.65,2.78
rec_e97fa32e229721,cust_45f50c522e2f,pay_1450b8074e0ef2,1,0.615,0,2448.19,INR,upi,insufficient_funds,1,1.69,REMINDER,,0,True,2448.19,3.13
rec_c964bce74d2a07,cust_b0e8b2fa4fc3,pay_a19139ec81c233,1,0.656,0,1410.38,INR,card,bank_timeout,1,1.76,PAYMENT_LINK,,0,False,0.0,0.0
rec_436c836accabeb,cust_c09c2ebe80da,pay_f8d9033d09397f,8,0.711,2,970.16,INR,upi,payment_method_issue,1,0.26,RETRY,,0,False,0.0,0.0
rec_d64dd2e59e20d3,cust_c09c2ebe80da,pay_f8d9033d09397f,8,0.711,2,970.16,INR,upi,payment_method_issue,2,12.44,PAYMENT_LINK,RETRY,1,False,0.0,0.0
rec_80d0d17a499876,cust_c37459eef50b,pay_4b5dc0772bae5d,20,0.795,4,904.13,INR,upi,insufficient_funds,1,0.57,PAYMENT_LINK,,0,False,0.0,0.0
rec_bb66daecd4ea6d,cust_55ab946da5b5,pay_31bd5066f63163,7,0.867,1,631.8,INR,upi,network_error,1,1.27,RETRY,,0,True,631.8,2.6
rec_3afaec956eb1ae,cust_5c375254a8fc,pay_e2691f3c849fc1,1,0.776,0,1627.79,INR,upi,bank_timeout,1,1.83,RETRY,,0,False,0.0,0.0
rec_c1f4ebf572f90c,cust_5c375254a8fc,pay_e2691f3c849fc1,1,0.776,0,1627.79,INR,upi,bank_timeout,2,4.33,REMINDER,RETRY,1,False,0.0,0.0
rec_cac119a141cbf6,cust_bf51936241a6,pay_a1fd07420819fa,5,0.797,1,2416.7,INR,upi,insufficient_funds,1,1.34,REMINDER,,0,False,0.0,0.0
rec_41ccd3a2dd6b05,cust_bf51936241a6,pay_a1fd07420819fa,5,0.797,1,2416.7,INR,upi,insufficient_funds,2,14.78,PAYMENT_LINK,REMINDER,1,True,2416.7,16.84
rec_4131d33e3290b6,cust_5f26946654d1,pay_43c2a4cad944a8,6,0.786,1,11183.58,INR,card,insufficient_funds,1,1.9,RETRY,,0,False,0.0,0.0
rec_c1954dc141ce98,cust_e42aa836989b,pay_a2b77abd363efe,2,0.819,0,7690.12,INR,netbanking,network_error,1,0.38,RETRY,,0,True,7690.12,1.36
rec_27c34831072560,cust_690a7b80af8d,pay_dc7a78de7fe70e,42,0.586,17,1862.32,INR,upi,unknown,1,1.41,RETRY,,0,True,1862.32,3.65
rec_3fb3d3ebfaefb3,cust_afe3af138917,pay_538c37d86a6c6a,10,0.61,4,11032.37,INR,upi,insufficient_funds,1,1.84,REMINDER,,0,False,0.0,0.0
rec_6acfe5e3633992,cust_afe3af138917,pay_538c37d86a6c6a,10,0.61,4,11032.37,INR,upi,insufficient_funds,2,8.73,STOP,REMINDER,1,False,0.0,0.0
rec_f9234362015b28,cust_02f865f82260,pay_21ebe8aafc6075,22,0.979,0,7714.7,INR,wallet,network_error,1,1.65,RETRY,,0,True,7714.7,3.91
rec_ea0aa62f196ba2,cust_70b27304545c,pay_8c13ea4e9d6014,36,0.874,5,764.14,INR,netbanking,insufficient_funds,1,0.85,PAYMENT_LINK,,0,True,764.14,2.02
rec_e013f345767005,cust_cd4b69a99b68,pay_5b2bb23a143869,9,0.376,6,7754.95,INR,upi,technical_error,1,0.5,RETRY,,0,True,7754.95,0.73
rec_23197027c27cb4,cust_6994bf8450d3,pay_c699a7f193acce,13,0.548,6,764.58,INR,upi,payment_method_issue,1,0.79,PAYMENT_LINK,,0,False,0.0,0.0
rec_039e9816c000fa,cust_5cbad4100256,pay_a7d1415a09d955,2,0.91,0,33153.06,INR,card,bank_timeout,1,1.2,RETRY,,0,True,33153.06,2.38
rec_71fca1d0cf527c,cust_57bcad3ad0a1,pay_25629cd64a027e,7,0.946,0,1355.58,INR,card,bank_timeout,1,1.3,PAYMENT_LINK,,0,False,0.0,0.0
rec_1bd8e6b946bcfc,cust_3f8c1097c4da,pay_1674b00d19b79b,28,0.879,3,420.65,INR,card,insufficient_funds,1,1.73,RETRY,,0,False,0.0,0.0
rec_224fab804ab5f2,cust_3f8c1097c4da,pay_1674b00d19b79b,28,0.879,3,420.65,INR,card,insufficient_funds,2,7.99,STOP,RETRY,1,False,0.0,0.0
rec_bef89588df40ab,cust_7bf820f6c652,pay_605b82b2cb4b44,1,0.92,0,10207.2,INR,upi,payment_method_issue,1,0.63,REMINDER,,0,False,0.0,0.0
rec_7d12e0d24af615,cust_fb764637d277,pay_2265af8ab96606,9,0.74,2,9536.34,INR,netbanking,payment_method_issue,1,1.76,PAYMENT_LINK,,0,True,9536.34,2.41
rec_cc3032b0ecff1f,cust_e916da57f248,pay_96e54d70f2da5c,4,0.315,3,2505.07,INR,upi,insufficient_funds,1,1.25,REMINDER,,0,False,0.0,0.0
rec_1f4334fa26c0ba,cust_e916da57f248,pay_96e54d70f2da5c,4,0.315,3,2505.07,INR,upi,insufficient_funds,2,7.85,PAYMENT_LINK,REMINDER,1,True,2505.07,9.68
rec_70affee458ad4c,cust_6c8c3b6aa974,pay_9c7035ea976fe8,3,0.889,0,505.64,INR,netbanking,insufficient_funds,1,1.1,PAYMENT_LINK,,0,True,505.64,3.2
rec_befd8fe70853d3,cust_28628b4ec714,pay_20c8102eeefaac,1,0.937,0,28382.56,INR,card,network_error,1,0.55,RETRY,,0,False,0.0,0.0
rec_37dbb397bf106d,cust_4f11d8dc5cd3,pay_59eb52d5bcfcd9,9,0.819,2,34603.97,INR,netbanking,bank_timeout,1,1.32,RETRY,,0,False,0.0,0.0
rec_ce8404f97d4fa4,cust_4f11d8dc5cd3,pay_59eb52d5bcfcd9,9,0.819,2,34603.97,INR,netbanking,bank_timeout,2,5.01,RETRY,RETRY,1,True,34603.97,5.95
rec_2d25d10ba1c957,cust_70b27304545c,pay_d06b2767bcf371,36,0.874,5,1444.74,INR,card,bank_timeout,1,0.49,RETRY,,0,False,0.0,0.0
rec_8d9e29b2386428,cust_70b27304545c,pay_d06b2767bcf371,36,0.874,5,1444.74,INR,card,bank_timeout,2,4.48,PAYMENT_LINK,RETRY,1,False,0.0,0.0
rec_598d77ece9fac1,cust_79dbf407c5c6,pay_ee8b13d87525e8,13,0.433,7,1105.24,INR,upi,authentication_failed,1,0.76,PAYMENT_LINK,,0,False,0.0,0.0
rec_54af13522c9220,cust_79dbf407c5c6,pay_ee8b13d87525e8,13,0.433,7,1105.24,INR,upi,authentication_failed,2,15.3,PAYMENT_LINK,PAYMENT_LINK,1,False,0.0,0.0
rec_8ca4e5cfeeef1f,cust_4a832ab557c8,pay_9c64bbd7368239,26,0.741,7,984.74,INR,upi,bank_timeout,1,0.34,RETRY,,0,False,0.0,0.0
rec_70889b9297052e,cust_d013b7a3f4a2,pay_79c3de2ab423e2,19,0.793,4,627.88,INR,upi,authentication_failed,1,0.3,REMINDER,,0,False,0.0,0.0
rec_90bc50765462a3,cust_d7b73862b347,pay_d3aed6f8093fcb,17,0.947,1,1923.68,INR,card,payment_method_issue,1,0.34,PAYMENT_LINK,,0,False,0.0,0.0
rec_c40f258b196ef5,cust_d7b73862b347,pay_d3aed6f8093fcb,17,0.947,1,1923.68,INR,card,payment_method_issue,2,16.12,PAYMENT_LINK,PAYMENT_LINK,1,True,1923.68,18.18
rec_3edaf6e2b73c75,cust_ffd6f23232ff,pay_a320a090c1bc94,13,0.77,3,5859.4,INR,wallet,bank_timeout,1,1.52,RETRY,,0,True,5859.4,3.27
rec_70b1f02bd62627,cust_4654e77dde67,pay_af4b354c3b1bf8,12,0.976,0,541.74,INR,card,bank_timeout,1,1.23,PAYMENT_LINK,,0,True,541.74,1.77
rec_4ad0f817a54eaa,cust_164484a0d115,pay_f46ae96583fbc4,5,0.448,3,2013.36,INR,card,insufficient_funds,1,0.71,RETRY,,0,False,0.0,0.0
rec_805d792b19abc2,cust_c5ba36affb60,pay_7362f791f78688,20,0.287,14,7219.9,INR,card,authentication_failed,1,0.66,REMINDER,,0,False,0.0,0.0
rec_38c0be725dec56,cust_c5ba36affb60,pay_7362f791f78688,20,0.287,14,7219.9,INR,card,authentication_failed,2,6.02,REMINDER,REMINDER,1,False,0.0,0.0
rec_74dc1c3705f249,cust_929ecc924a11,pay_0a2d92b93264f4,4,0.791,1,2255.87,INR,upi,authentication_failed,1,0.82,PAYMENT_LINK,,0,True,2255.87,2.9
rec_dc091cf0589cba,cust_635a11f25c7a,pay_efb4303d0b6b9f,6,0.758,1,1993.06,INR,card,authentication_failed,1,0.79,PAYMENT_LINK,,0,True,1993.06,2.1
rec_4895a81e853807,cust_d3fbe043af1d,pay_fa5a5be2c363f4,7,0.977,0,958.2,INR,card,network_error,1,0.22,RETRY,,0,True,958.2,0.91
rec_1f2b2c8d8d2890,cust_152aeaec2bdf,pay_c59f6693c99e7d,6,0.716,2,218.95,INR,netbanking,authentication_failed,1,1.4,PAYMENT_LINK,,0,True,218.95,3.0
rec_9a9b49c4e0104a,cust_f845846efdf0,pay_a4144ca0a1a3bb,9,0.754,2,426.43,INR,card,authentication_failed,1,1.63,RETRY,,0,False,0.0,0.0
rec_bcad70e677219b,cust_f845846efdf0,pay_a4144ca0a1a3bb,9,0.754,2,426.43,INR,card,authentication_failed,2,5.69,PAYMENT_LINK,RETRY,1,True,426.43,7.82
rec_84b15881afa5da,cust_9e3bf1b34330,pay_82ec2f421a4077,1,0.914,0,1654.79,INR,upi,network_error,1,0.71,RETRY,,0,True,1654.79,2.68
rec_e69f777e75fce8,cust_f8d8b7f1c86c,pay_cbc661a1e82fc5,14,0.833,2,27340.92,INR,upi,network_error,1,0.25,RETRY,,0,True,27340.92,2.37
rec_10072b5d5eb164,cust_f8ded777bb1e,pay_233b4744537ef6,5,0.917,0,10137.91,INR,upi,payment_method_issue,1,1.62,PAYMENT_LINK,,0,True,10137.91,4.0
rec_69d51c5f31bd2a,cust_85fab5ea1407,pay_6ff27e2f520b81,50,0.593,20,6814.73,INR,upi,bank_timeout,1,0.51,RETRY,,0,True,6814.73,1.37
rec_8148774df61174,cust_171e16cc5da3,pay_f1ef6043fca590,16,0.676,5,539.15,INR,upi,bank_timeout,1,0.48,RETRY,,0,True,539.15,1.98
rec_a8d68faa8ec70d,cust_8cca89632e2e,pay_4bb7cc3ebeb1db,8,0.947,0,1081.85,INR,upi,authentication_failed,1,0.32,RETRY,,0,False,0.0,0.0
rec_8b15c33e829625,cust_8cca89632e2e,pay_4bb7cc3ebeb1db,8,0.947,0,1081.85,INR,upi,authentication_failed,2,5.15,RETRY,RETRY,1,False,0.0,0.0
rec_59f2cf6fc76c14,cust_8cca89632e2e,pay_4bb7cc3ebeb1db,8,0.947,0,1081.85,INR,upi,authentication_failed,3,22.18,STOP,RETRY,2,False,0.0,0.0
rec_3819bda3bebe21,cust_4797b2c95720,pay_57272e5f10abfe,23,0.759,6,1067.96,INR,upi,insufficient_funds,1,1.14,PAYMENT_LINK,,0,True,1067.96,2.57
rec_437cb4bf3fb837,cust_7f78042820bb,pay_e274359a7ab4ab,9,0.94,1,838.72,INR,card,insufficient_funds,1,0.55,RETRY,,0,False,0.0,0.0
rec_9c6271ed22a5b3,cust_7f78042820bb,pay_e274359a7ab4ab,9,0.94,1,838.72,INR,card,insufficient_funds,2,16.37,PAYMENT_LINK,RETRY,1,True,838.72,18.32
rec_fa9d25cd36c8ce,cust_f480ada5e68c,pay_d6c0716f6becbf,24,0.868,3,1380.06,INR,card,network_error,1,0.18,RETRY,,0,True,1380.06,0.81
rec_fc7af1262f9e5b,cust_a2bc491ec1cd,pay_4fb77ab7418428,5,0.855,1,3301.24,INR,upi,unknown,1,1.16,PAYMENT_LINK,,0,True,3301.24,3.1
rec_bada301aaffed4,cust_ce88cb2dd4e8,pay_ea226b61eac7fd,5,0.96,0,1941.36,INR,card,network_error,1,1.07,RETRY,,0,False,0.0,0.0
rec_02c17b29aa1057,cust_ce88cb2dd4e8,pay_ea226b61eac7fd,5,0.96,0,1941.36,INR,card,network_error,2,17.8,RETRY,RETRY,1,False,0.0,0.0
rec_8311e3c48c924f,cust_fde6849b468b,pay_b3cb7e256f829c,4,0.436,2,2558.13,INR,upi,insufficient_funds,1,1.07,REMINDER,,0,False,0.0,0.0
rec_9e8518387dd988,cust_fde6849b468b,pay_b3cb7e256f829c,4,0.436,2,2558.13,INR,upi,insufficient_funds,2,18.88,PAYMENT_LINK,REMINDER,1,False,0.0,0.0
rec_6025a26eee576a,cust_82cbcdc73cd3,pay_7a228b5e94bac4,17,0.577,7,1017.36,INR,upi,insufficient_funds,1,1.93,PAYMENT_LINK,,0,False,0.0,0.0
rec_92318f9cb7beb2,cust_82cbcdc73cd3,pay_7a228b5e94bac4,17,0.577,7,1017.36,INR,upi,insufficient_funds,2,13.35,STOP,PAYMENT_LINK,1,False,0.0,0.0
rec_8ac06a9e6cf7f5,cust_6065f5cf25c9,pay_89f5f2ec054ff2,16,0.89,2,11664.69,INR,upi,network_error,1,0.49,RETRY,,0,True,11664.69,1.51
rec_18021fa042f370,cust_e27bb6c44d94,pay_2566d85d4d3a42,8,0.856,1,840.13,INR,wallet,payment_method_issue,1,0.73,ESCALATE,,0,False,0.0,0.0
rec_185e3ce4d80a3b,cust_e27bb6c44d94,pay_2566d85d4d3a42,8,0.856,1,840.13,INR,wallet,payment_method_issue,2,4.28,ESCALATE,ESCALATE,1,True,840.13,5.42
rec_8a39a81a07c029,cust_ee9bf3e11d27,pay_d6d2df902d8316,4,0.929,0,1879.53,INR,upi,bank_timeout,1,1.45,RETRY,,0,False,0.0,0.0
rec_b7ef995cc152a3,cust_ee9bf3e11d27,pay_d6d2df902d8316,4,0.929,0,1879.53,INR,upi,bank_timeout,2,7.78,STOP,RETRY,1,False,0.0,0.0
rec_f0a62a3ea2fd5c,cust_f859396dc37a,pay_c5d46aff4d0fdf,6,0.641,2,1659.22,INR,upi,insufficient_funds,1,0.23,REMINDER,,0,True,1659.22,1.2
rec_e1203fdaaf17b4,cust_e4ffc31a5b86,pay_676e496a522444,1,0.542,0,11937.04,INR,upi,unknown,1,0.33,REMINDER,,0,False,0.0,0.0
rec_ddbc1485b695c8,cust_e4ffc31a5b86,pay_676e496a522444,1,0.542,0,11937.04,INR,upi,unknown,2,7.2,ESCALATE,REMINDER,1,False,0.0,0.0
rec_370555c20831f7,cust_43bfd9313605,pay_e98950a6fc1a9b,12,0.965,0,1654.45,INR,card,payment_method_issue,1,0.69,PAYMENT_LINK,,0,True,1654.45,0.99
rec_92852bea83382f,cust_4c9bff5ce188,pay_cc581b773e5fc8,6,0.729,2,894.1,INR,card,insufficient_funds,1,1.3,PAYMENT_LINK,,0,False,0.0,0.0
rec_08f9e324193a51,cust_be5f902fb58a,pay_c277ff741329d3,4,0.43,2,2669.64,INR,upi,payment_method_issue,1,1.65,PAYMENT_LINK,,0,True,2669.64,4.02
rec_6bfd1434914331,cust_db9a0eb7b48c,pay_447f3b22e47077,6,0.942,0,572.47,INR,upi,payment_method_issue,1,1.82,ESCALATE,,0,False,0.0,0.0
rec_4641ce5fef0c95,cust_db9a0eb7b48c,pay_447f3b22e47077,6,0.942,0,572.47,INR,upi,payment_method_issue,2,7.6,PAYMENT_LINK,ESCALATE,1,True,572.47,7.8
rec_e6d846ca880283,cust_26f05fcffb16,pay_b2f7ef176b7477,21,0.886,2,8698.28,INR,card,insufficient_funds,1,0.43,PAYMENT_LINK,,0,True,8698.28,1.52
rec_9341c20610da87,cust_01a4c2d14edf,pay_d5fd0aee29b465,2,0.96,0,10628.85,INR,upi,insufficient_funds,1,1.53,REMINDER,,0,False,0.0,0.0
rec_c9a8c4249ae49e,cust_01a4c2d14edf,pay_d5fd0aee29b465,2,0.96,0,10628.85,INR,upi,insufficient_funds,2,12.98,STOP,REMINDER,1,False,0.0,0.0
rec_bc8f2da8292be7,cust_49a23a89e6b5,pay_be2d3932b8a7f4,4,0.703,1,2063.4,INR,upi,authentication_failed,1,0.12,REMINDER,,0,False,0.0,0.0
rec_f790a3f0c878cc,cust_21ec47541cf1,pay_fd8c38eb817a44,23,0.882,3,11540.99,INR,card,unknown,1,0.52,PAYMENT_LINK,,0,False,0.0,0.0
rec_98c80dacbcdf9b,cust_21ec47541cf1,pay_fd8c38eb817a44,23,0.882,3,11540.99,INR,card,unknown,2,7.11,ESCALATE,PAYMENT_LINK,1,False,0.0,0.0
rec_94d09368b8c13b,cust_bde78473a3fd,pay_8af4d3e36a23f9,5,0.864,1,10413.36,INR,card,authentication_failed,1,1.02,REMINDER,,0,False,0.0,0.0
rec_53e2cb6e497559,cust_42b7c0488d35,pay_6714b57bee755a,11,0.865,1,270.77,INR,upi,insufficient_funds,1,0.81,REMINDER,,0,False,0.0,0.0
rec_42baac0224b014,cust_42b7c0488d35,pay_6714b57bee755a,11,0.865,1,270.77,INR,upi,insufficient_funds,2,10.56,REMINDER,REMINDER,1,True,270.77,11.4
rec_cc396b30b134f6,cust_9afa82674479,pay_e93874b6049ff1,3,0.789,1,822.0,INR,card,insufficient_funds,1,0.97,PAYMENT_LINK,,0,True,822.0,1.98
rec_253ebdb72d648e,cust_c47dd6784d31,pay_d69ae0db47ffb3,13,0.719,4,26055.25,INR,upi,authentication_failed,1,0.54,PAYMENT_LINK,,0,False,0.0,0.0
rec_8736a422b74ee6,cust_714011a1afc2,pay_009ff7866db03f,16,0.742,4,1754.22,INR,netbanking,unknown,1,0.21,RETRY,,0,True,1754.22,1.03
rec_cba28021c17f9f,cust_7df373789f6c,pay_75b70b82a1039b,5,0.873,1,5153.6,INR,upi,insufficient_funds,1,1.01,RETRY,,0,False,0.0,0.0
rec_1f6d38818341fc,cust_95831d58ef4c,pay_b9755a563218d8,10,0.741,3,1448.1,INR,upi,authentication_failed,1,1.15,PAYMENT_LINK,,0,False,0.0,0.0
rec_1a3d31c789dc91,cust_95831d58ef4c,pay_b9755a563218d8,10,0.741,3,1448.1,INR,upi,authentication_failed,2,18.5,PAYMENT_LINK,PAYMENT_LINK,1,False,0.0,0.0
rec_ceeab59f7dbc5a,cust_95831d58ef4c,pay_b9755a563218d8,10,0.741,3,1448.1,INR,upi,authentication_failed,3,35.08,REMINDER,PAYMENT_LINK,2,True,1448.1,35.48
rec_98c9c1c4ea2d5e,cust_7f85c4e71177,pay_9d9e33b4a1be37,12,0.728,3,1720.58,INR,upi,network_error,1,0.78,RETRY,,0,True,1720.58,3.14
rec_a194de27a9a47c,cust_b0d18df1484f,pay_edddbd10356792,20,0.936,1,1862.91,INR,netbanking,authentication_failed,1,0.77,PAYMENT_LINK,,0,False,0.0,0.0
rec_74f7eab570bbe1,cust_b0d18df1484f,pay_edddbd10356792,20,0.936,1,1862.91,INR,netbanking,authentication_failed,2,9.71,REMINDER,PAYMENT_LINK,1,False,0.0,0.0
rec_e84a04a943c7f1,cust_13f392894dcc,pay_da76bedd89cdd0,21,0.711,6,1439.8,INR,upi,network_error,1,1.02,RETRY,,0,True,1439.8,1.95
rec_4797732426c3d6,cust_ad8cc85c5355,pay_3a48d24b918b0a,1,0.713,0,1211.34,INR,upi,insufficient_funds,1,1.37,PAYMENT_LINK,,0,True,1211.34,1.56
rec_3cfbdc82667491,cust_80acefb579d0,pay_63b860b2301406,11,0.86,2,1677.82,INR,card,authentication_failed,1,1.27,REMINDER,,0,True,1677.82,1.67
rec_b4f83e25ad4920,cust_f3402dd34515,pay_67281b7477944b,3,0.914,0,8394.76,INR,card,network_error,1,1.64,RETRY,,0,True,8394.76,2.83
rec_c8bca5a9293a58,cust_a520c3d0fbcd,pay_b1ceb035b648e2,13,0.881,2,2368.38,INR,upi,bank_timeout,1,1.28,RETRY,,0,True,2368.38,3.01
rec_7cdec1cb9b7bed,cust_bb82b7963207,pay_fd2a1edce06268,8,0.838,1,244.97,INR,card,technical_error,1,1.27,PAYMENT_LINK,,0,False,0.0,0.0
rec_71d33f0aa2d161,cust_b39e4df25c0a,pay_cb7b4883f38916,31,0.852,5,2974.92,INR,netbanking,authentication_failed,1,0.84,PAYMENT_LINK,,0,False,0.0,0.0
rec_baff8ac160fd21,cust_b39e4df25c0a,pay_cb7b4883f38916,31,0.852,5,2974.92,INR,netbanking,authentication_failed,2,10.14,PAYMENT_LINK,PAYMENT_LINK,1,True,2974.92,11.24
rec_df847873ce100f,cust_a8f8687bb766,pay_3df1053def2fbb,15,0.607,6,294.59,INR,card,bank_timeout,1,0.97,RETRY,,0,False,0.0,0.0
rec_ad701caf982675,cust_b0dc75fb199d,pay_b1600dd3e4923e,6,0.86,1,1775.41,INR,netbanking,network_error,1,1.8,RETRY,,0,False,0.0,0.0
rec_f36ff24914b467,cust_b03b693479ab,pay_1203f15edf6c6e,19,0.712,5,2877.41,INR,card,insufficient_funds,1,0.11,REMINDER,,0,False,0.0,0.0
rec_2e76a0ba364dff,cust_69479974030f,pay_ed8d9a2f58ad19,3,0.888,0,2625.55,INR,netbanking,bank_timeout,1,0.37,RETRY,,0,False,0.0,0.0
rec_32f694069985b9,cust_032a461adf9b,pay_fc50d3a6893cbf,7,0.777,2,5516.76,INR,card,authentication_failed,1,1.57,REMINDER,,0,False,0.0,0.0
rec_e9838bdc96567e,cust_032a461adf9b,pay_fc50d3a6893cbf,7,0.777,2,5516.76,INR,card,authentication_failed,2,6.91,PAYMENT_LINK,REMINDER,1,True,5516.76,7.74
rec_da021f5484d65a,cust_a8e56e0c20de,pay_ac7ecd6ea8c7b9,8,0.913,1,8379.64,INR,upi,bank_timeout,1,0.92,RETRY,,0,True,8379.64,2.89
rec_70d89e7f8b93e3,cust_664fa6637e8f,pay_a5ebaf4d80a334,7,0.754,2,1468.46,INR,card,bank_timeout,1,0.81,RETRY,,0,True,1468.46,1.03
rec_1320b30e24fe7f,cust_76b35303c719,pay_c1f9555f9a3d3e,6,0.923,0,1781.27,INR,card,authentication_failed,1,1.88,REMINDER,,0,False,0.0,0.0
rec_537163c66bc92f,cust_e4429ebbda7b,pay_0d5c2323dd471e,6,0.798,1,730.39,INR,card,bank_timeout,1,1.34,RETRY,,0,True,730.39,3.21
rec_e78b7b732fcea4,cust_74017bb3c227,pay_45961eeef9289c,5,0.794,1,242.26,INR,netbanking,authentication_failed,1,1.89,ESCALATE,,0,False,0.0,0.0
rec_4e59801c751575,cust_74017bb3c227,pay_45961eeef9289c,5,0.794,1,242.26,INR,netbanking,authentication_failed,2,11.88,ESCALATE,ESCALATE,1,True,242.26,14.26
rec_df2184d6642eaa,cust_1fe771d6d917,pay_273681e2616c92,1,0.792,0,2601.12,INR,netbanking,bank_timeout,1,0.81,RETRY,,0,False,0.0,0.0
rec_c755284bac3bd0,cust_1fe771d6d917,pay_273681e2616c92,1,0.792,0,2601.12,INR,netbanking,bank_timeout,2,4.54,PAYMENT_LINK,RETRY,1,True,2601.12,6.65
rec_b23c59d55f6387,cust_e3ea2d7fc219,pay_a0dd3770650d31,20,0.907,2,1252.22,INR,netbanking,technical_error,1,1.68,RETRY,,0,True,1252.22,2.98
rec_97f487a6d7e498,cust_349b50892733,pay_9311a14be42cfb,7,0.853,1,2451.39,INR,upi,unknown,1,1.21,RETRY,,0,True,2451.39,2.39
rec_7f4149af45a121,cust_dc3bbdd8a74e,pay_15287d47270417,6,0.885,1,9902.81,INR,upi,payment_method_issue,1,0.84,PAYMENT_LINK,,0,True,9902.81,2.01
rec_7334602a7c266f,cust_a45ca94a3452,pay_2ff25c3a4ef8a5,1,0.783,0,2025.48,INR,card,bank_timeout,1,1.65,RETRY,,0,True,2025.48,3.57
rec_88b4f4c67da303,cust_5e1b015f6a1c,pay_c864d1401bebd0,14,0.602,6,2596.55,INR,card,authentication_failed,1,1.97,ESCALATE,,0,False,0.0,0.0
rec_69f76a13648712,cust_6c778135fad7,pay_62c8d49a4f0638,1,0.85,0,748.04,INR,netbanking,authentication_failed,1,0.6,PAYMENT_LINK,,0,True,748.04,3.01
rec_53df510f1da7a4,cust_adf4e62d6651,pay_556ae7e8f55c2f,24,0.373,15,13548.88,INR,card,insufficient_funds,1,1.16,RETRY,,0,False,0.0,0.0
rec_506061c0da6df4,cust_adf4e62d6651,pay_556ae7e8f55c2f,24,0.373,15,13548.88,INR,card,insufficient_funds,2,10.67,PAYMENT_LINK,RETRY,1,False,0.0,0.0
rec_ed28714b9e8568,cust_8f188e729696,pay_bf0fd59cb032e7,8,0.803,2,5997.19,INR,upi,authentication_failed,1,0.19,REMINDER,,0,False,0.0,0.0
rec_1d4d2f8ace959d,cust_8f188e729696,pay_bf0fd59cb032e7,8,0.803,2,5997.19,INR,upi,authentication_failed,2,13.77,PAYMENT_LINK,REMINDER,1,True,5997.19,15.12
rec_681bb7c8d5e770,cust_ae11d3c23130,pay_c97fe6c4fb8b57,2,0.977,0,11596.52,INR,card,insufficient_funds,1,1.79,PAYMENT_LINK,,0,True,11596.52,2.07
rec_ee608e1f7f6460,cust_29d0c613b0c7,pay_65421627e92398,5,0.859,1,1700.72,INR,card,technical_error,1,0.7,PAYMENT_LINK,,0,False,0.0,0.0
rec_2e565f1a6d8983,cust_c41001080256,pay_9ee77ae29abfe3,1,0.667,0,8564.55,INR,card,network_error,1,0.62,PAYMENT_LINK,,0,True,8564.55,2.64
rec_0f4f5ce6f0c306,cust_f8eaca362f99,pay_d8a5229582a7c0,3,0.714,1,2008.43,INR,upi,insufficient_funds,1,0.69,REMINDER,,0,True,2008.43,1.27
rec_81babd147c3292,cust_c78e0272c43b,pay_a883c5a1163220,10,0.284,7,1962.86,INR,card,unknown,1,0.76,RETRY,,0,False,0.0,0.0
rec_f8d7c4efb2ed55,cust_8f0d55400ec7,pay_fa602ecf74cc2d,20,0.844,3,10098.47,INR,upi,network_error,1,0.53,PAYMENT_LINK,,0,True,10098.47,2.45
rec_ae493a25ae7566,cust_6f2aec8a53c9,pay_58a3764e2b8f96,4,0.906,0,1154.15,INR,wallet,unknown,1,1.87,RETRY,,0,True,1154.15,3.65
rec_cf5cfa46925d61,cust_3f76be1d1efa,pay_726d9e104eb4b5,64,0.823,11,2621.72,INR,card,insufficient_funds,1,1.19,REMINDER,,0,True,2621.72,2.08
rec_1abe93b04a15a6,cust_a93e7b5b1e4a,pay_3e2fba4be5f125,3,0.801,1,5362.88,INR,card,bank_timeout,1,0.17,RETRY,,0,True,5362.88,2.42
rec_9b59c5b6407dd0,cust_9e374f7ac42c,pay_3ca511a26e96ee,22,0.267,16,902.09,INR,card,insufficient_funds,1,1.57,PAYMENT_LINK,,0,False,0.0,0.0
rec_597bdde5f5da3c,cust_9e374f7ac42c,pay_3ca511a26e96ee,22,0.267,16,902.09,INR,card,insufficient_funds,2,18.13,PAYMENT_LINK,PAYMENT_LINK,1,True,902.09,20.63
rec_6ceae5d379a4c3,cust_63f2ae24fc3d,pay_619459bc5c027a,3,0.716,1,5484.8,INR,wallet,bank_timeout,1,1.4,RETRY,,0,False,0.0,0.0
rec_e7534a0a4c9155,cust_5e5b2ad8b473,pay_9e7cd1cdb94d1e,10,0.974,0,946.96,INR,upi,authentication_failed,1,0.13,PAYMENT_LINK,,0,True,946.96,1.75
rec_64e0027d9842a8,cust_0706fec248fa,pay_479f42d6194056,3,0.58,1,2132.6,INR,card,authentication_failed,1,0.46,PAYMENT_LINK,,0,True,2132.6,2.85
rec_32043a24faa21a,cust_00a81de9d20f,pay_0cb37c2f847841,19,0.962,1,874.48,INR,upi,payment_method_issue,1,0.83,PAYMENT_LINK,,0,False,0.0,0.0
rec_4fcd8f99c9a2ef,cust_00a81de9d20f,pay_0cb37c2f847841,19,0.962,1,874.48,INR,upi,payment_method_issue,2,13.26,PAYMENT_LINK,PAYMENT_LINK,1,True,874.48,13.39
rec_3b13ded27aba7f,cust_a93e7b5b1e4a,pay_00d223e757237b,3,0.801,1,2055.39,INR,card,bank_timeout,1,0.78,RETRY,,0,True,2055.39,2.08
rec_0f2b0aa152f01e,cust_711c21c9bdc1,pay_d2faa668a35dbd,1,0.878,0,2199.59,INR,card,unknown,1,0.45,PAYMENT_LINK,,0,False,0.0,0.0
rec_96f6ecd7429ae6,cust_f090f5a0ce61,pay_62c65589a62412,46,0.928,3,5987.55,INR,card,insufficient_funds,1,0.78,PAYMENT_LINK,,0,True,5987.55,2.85
rec_6f312307966037,cust_4a7d6fa11d9d,pay_dc7894ba580ee9,10,0.606,4,2881.71,INR,upi,bank_timeout,1,0.68,RETRY,,0,False,0.0,0.0
rec_eab780311d4cde,cust_0dc781048c66,pay_d2ef9c7e613d80,3,0.718,1,270.4,INR,upi,network_error,1,0.4,RETRY,,0,True,270.4,1.08
rec_49dd664bec98ef,cust_f68c62e6e2a4,pay_9ba695e311a0e9,17,0.975,0,3801.16,INR,card,insufficient_funds,1,0.69,REMINDER,,0,False,0.0,0.0
rec_98cecaf0a5726a,cust_ef3a6f27ef06,pay_69a949260aca3b,3,0.789,1,2305.93,INR,upi,bank_timeout,1,0.46,RETRY,,0,True,2305.93,2.75
rec_508f2bc25dc071,cust_72cc3fc55f77,pay_e79a06bde04205,10,0.789,2,667.23,INR,card,authentication_failed,1,0.63,PAYMENT_LINK,,0,True,667.23,1.77
rec_00d52f8cbc35a5,cust_02f865f82260,pay_8359b61acf6ec7,22,0.979,0,8561.34,INR,card,insufficient_funds,1,1.12,PAYMENT_LINK,,0,True,8561.34,2.28
rec_36e84b8b82e643,cust_4f11d8dc5cd3,pay_3978cc923ed1c9,9,0.819,2,11395.12,INR,wallet,authentication_failed,1,1.59,REMINDER,,0,True,11395.12,1.82
rec_2693afe45cad27,cust_57bcad3ad0a1,pay_c202054bc687f5,7,0.946,0,2394.65,INR,card,authentication_failed,1,1.45,PAYMENT_LINK,,0,True,2394.65,1.99
rec_f21024866b8399,cust_24435958eacf,pay_db6c17f09f8dc7,23,0.706,7,1155.47,INR,card,network_error,1,0.43,RETRY,,0,True,1155.47,2.89
rec_e436f13c6a4bc3,cust_83d1677a79a6,pay_b94829198856a5,21,0.873,3,1781.21,INR,upi,unknown,1,1.95,RETRY,,0,False,0.0,0.0
rec_dc33c99b18b67f,cust_c1eecd7a2428,pay_13ab7e8ae8f60d,18,0.794,4,796.35,INR,card,bank_timeout,1,0.29,RETRY,,0,False,0.0,0.0
rec_bf1caac7ffc77b,cust_d5b1a96a2e4c,pay_30e7544522eafe,6,0.823,1,1193.25,INR,card,insufficient_funds,1,0.34,RETRY,,0,False,0.0,0.0
rec_d4611d95c40a57,cust_54c29d5c19ec,pay_e8934b4633f211,35,0.949,2,1140.01,INR,card,insufficient_funds,1,1.69,REMINDER,,0,True,1140.01,3.09
rec_ae33b8069c5f50,cust_89953dd10976,pay_c2f550c35a5b18,19,0.755,5,4872.49,INR,upi,insufficient_funds,1,0.47,REMINDER,,0,True,4872.49,1.39
rec_573a5f794b1493,cust_27b608dc589d,pay_bc70e602d28bff,10,0.931,1,726.18,INR,card,technical_error,1,0.75,RETRY,,0,True,726.18,2.52
rec_03b917603b93bf,cust_b2a0f778809d,pay_8f26ddb1f074cd,5,0.851,1,6933.36,INR,upi,authentication_failed,1,0.11,PAYMENT_LINK,,0,True,6933.36,0.21
rec_90f329dd9b50e5,cust_4748ffb3d0a9,pay_8242a2216effcf,5,0.828,1,3704.7,INR,upi,bank_timeout,1,1.42,REMINDER,,0,False,0.0,0.0
rec_e5074961e30cef,cust_4748ffb3d0a9,pay_8242a2216effcf,5,0.828,1,3704.7,INR,upi,bank_timeout,2,6.9,REMINDER,REMINDER,1,True,3704.7,8.35
rec_7e939dd51cf2b7,cust_54c7743b2401,pay_e9440d3ed16c48,42,0.858,6,5455.85,INR,card,bank_timeout,1,1.35,RETRY,,0,True,5455.85,2.11
rec_f67999de688cf4,cust_2240063bfed7,pay_e7f1b740657df5,16,0.795,3,2780.65,INR,upi,insufficient_funds,1,0.49,PAYMENT_LINK,,0,True,2780.65,2.54
rec_dcfcc7d05ac290,cust_ba6dbed8a110,pay_88755549ef6a82,8,0.787,2,1709.14,INR,upi,bank_timeout,1,0.27,RETRY,,0,False,0.0,0.0
rec_a9bb463710ff3b,cust_530a37df0bc6,pay_40c872039da1fa,25,0.894,3,4860.71,INR,upi,insufficient_funds,1,0.79,REMINDER,,0,True,4860.71,1.67
rec_fd18a5433065b9,cust_e3ad64d4eab9,pay_a941d94aff8fc4,20,0.902,2,7148.54,INR,upi,bank_timeout,1,1.85,RETRY,,0,True,7148.54,2.84
rec_0b9d9e796ee8e3,cust_42ac66dc904f,pay_e6d09951417f6d,1,0.58,0,478.51,INR,upi,network_error,1,0.42,RETRY,,0,False,0.0,0.0
rec_1d8d209195b215,cust_a2fba345a84c,pay_c1b024140140cb,63,0.742,16,7609.61,INR,upi,network_error,1,0.19,PAYMENT_LINK,,0,False,0.0,0.0
rec_5bb7ca76008bbb,cust_a2fba345a84c,pay_c1b024140140cb,63,0.742,16,7609.61,INR,upi,network_error,2,7.26,ESCALATE,PAYMENT_LINK,1,False,0.0,0.0
rec_2bf86bcc2ec093,cust_81145252c4c3,pay_1446026faa4cbd,1,0.268,1,9070.5,INR,upi,insufficient_funds,1,0.41,PAYMENT_LINK,,0,True,9070.5,1.48
rec_40e5b1cb2061dc,cust_8e6de263635a,pay_b12cc95a51fd20,4,0.652,1,812.79,INR,upi,technical_error,1,0.64,REMINDER,,0,False,0.0,0.0
rec_2f8cf089a030a5,cust_b4323070a23d,pay_a10ce53eb534d0,72,0.822,13,1227.75,INR,card,authentication_failed,1,1.43,RETRY,,0,False,0.0,0.0
rec_04e7b9032d4b27,cust_b4323070a23d,pay_a10ce53eb534d0,72,0.822,13,1227.75,INR,card,authentication_failed,2,10.67,RETRY,RETRY,1,False,0.0,0.0
rec_0068eeac7cfbc9,cust_3d3fbbec697a,pay_2a5bc72d1a23a3,15,0.879,2,2392.36,INR,upi,insufficient_funds,1,1.88,REMINDER,,0,False,0.0,0.0
rec_9b7e3ea503eb27,cust_3d3fbbec697a,pay_2a5bc72d1a23a3,15,0.879,2,2392.36,INR,upi,insufficient_funds,2,6.46,REMINDER,REMINDER,1,False,0.0,0.0
rec_afb09bfbd4a548,cust_3d3fbbec697a,pay_2a5bc72d1a23a3,15,0.879,2,2392.36,INR,upi,insufficient_funds,3,15.43,PAYMENT_LINK,REMINDER,2,False,0.0,0.0
rec_a5acfdfee5eb3c,cust_c5ce099c46b8,pay_a63e95b3577192,31,0.946,2,527.43,INR,card,network_error,1,0.77,RETRY,,0,True,527.43,2.12
rec_2fb55c36de630b,cust_c249f59a9dc9,pay_8ce3204d58784f,4,0.977,0,2351.2,INR,card,bank_timeout,1,0.36,RETRY,,0,True,2351.2,0.47
rec_3a0fb9af80ce9b,cust_942130904368,pay_6a6c3676ced04d,15,0.932,1,2336.78,INR,netbanking,bank_timeout,1,1.86,REMINDER,,0,False,0.0,0.0
rec_a45c257634d308,cust_b057fcd4a170,pay_4d173bf9b13e16,6,0.895,1,1353.31,INR,upi,bank_timeout,1,0.68,RETRY,,0,False,0.0,0.0
rec_321cb6eeb4b254,cust_5820b3f25989,pay_3f2bef641e1461,11,0.944,1,2497.69,INR,upi,bank_timeout,1,1.66,RETRY,,0,True,2497.69,2.46
rec_726509a998785e,cust_9339304b9a8c,pay_2b3424d353277c,3,0.899,0,2312.63,INR,card,bank_timeout,1,0.72,RETRY,,0,True,2312.63,2.55
rec_6337468faef110,cust_aeb1fcd3f836,pay_98994b324172df,25,0.876,3,6197.58,INR,upi,insufficient_funds,1,0.56,PAYMENT_LINK,,0,True,6197.58,2.1
rec_e3d55b8673da0b,cust_4c7f03bba376,pay_323f54b524c756,1,0.479,1,47918.9,INR,upi,bank_timeout,1,0.63,RETRY,,0,True,47918.9,1.18
rec_d235c85033752c,cust_8fca7b6a8fc4,pay_7f58ce78244905,17,0.495,9,11627.69,INR,upi,authentication_failed,1,0.58,REMINDER,,0,True,11627.69,2.95
rec_7b26d2dfc48edf,cust_788fd0cd65c0,pay_271d0a55eebc5f,5,0.936,0,4687.48,INR,netbanking,payment_method_issue,1,0.6,PAYMENT_LINK,,0,True,4687.48,1.67
rec_21f18435387922,cust_4c7f03bba376,pay_63ce7e7f4e4772,1,0.479,1,2594.42,INR,card,authentication_failed,1,0.88,RETRY,,0,False,0.0,0.0
rec_6282bd35911172,cust_62a53193a6a1,pay_f1a9ac6ccd6b79,9,0.893,1,11542.8,INR,netbanking,technical_error,1,0.1,RETRY,,0,False,0.0,0.0
rec_4ee5e13f1e9fff,cust_62a53193a6a1,pay_f1a9ac6ccd6b79,9,0.893,1,11542.8,INR,netbanking,technical_error,2,3.23,RETRY,RETRY,1,True,11542.8,3.51
rec_285e69d8d736b1,cust_343967294b8e,pay_f984166a1f88ee,5,0.935,0,315.53,INR,card,insufficient_funds,1,1.9,PAYMENT_LINK,,0,True,315.53,2.98
rec_287444ad30a32d,cust_ec993c800b7d,pay_676ab7e5b5efff,12,0.445,7,2379.3,INR,upi,authentication_failed,1,0.82,RETRY,,0,False,0.0,0.0
rec_f4a9488abf99c5,cust_ceef7261bb15,pay_e93de5cb0bc4e2,11,0.512,5,1136.97,INR,netbanking,insufficient_funds,1,0.13,REMINDER,,0,False,0.0,0.0
rec_d5180abd92c280,cust_8855817d3112,pay_12399d43bc0371,1,0.959,0,336.95,INR,upi,bank_timeout,1,1.7,RETRY,,0,True,336.95,3.75
rec_938b5372396c4f,cust_5cd8fe1adafe,pay_97b0b20d23a8df,1,0.824,0,11833.96,INR,card,bank_timeout,1,0.47,RETRY,,0,False,0.0,0.0
rec_c3b8c8cca060ab,cust_5cd8fe1adafe,pay_97b0b20d23a8df,1,0.824,0,11833.96,INR,card,bank_timeout,2,11.13,REMINDER,RETRY,1,True,11833.96,12.89
rec_280803add25607,cust_a3fb6d0bf4be,pay_78376406bdcc5c,8,0.701,2,21259.07,INR,netbanking,insufficient_funds,1,0.4,REMINDER,,0,False,0.0,0.0
rec_97d91bdf21572f,cust_a3fb6d0bf4be,pay_78376406bdcc5c,8,0.701,2,21259.07,INR,netbanking,insufficient_funds,2,6.33,PAYMENT_LINK,REMINDER,1,False,0.0,0.0
rec_8720481661d2e2,cust_5075b55accee,pay_d60bad83d90c59,3,0.75,1,490.35,INR,card,insufficient_funds,1,1.07,PAYMENT_LINK,,0,True,490.35,2.11
rec_355f5a0a101d92,cust_26a4cbefa437,pay_8e9d6e15d82850,3,0.913,0,10285.39,INR,upi,bank_timeout,1,1.06,RETRY,,0,False,0.0,0.0
rec_ffeae3fc1ea0bf,cust_26a4cbefa437,pay_8e9d6e15d82850,3,0.913,0,10285.39,INR,upi,bank_timeout,2,3.22,PAYMENT_LINK,RETRY,1,True,10285.39,5.53
rec_47918a72f3afc2,cust_530a37df0bc6,pay_1dbea7d58cb9ec,25,0.894,3,3679.16,INR,wallet,insufficient_funds,1,0.88,PAYMENT_LINK,,0,True,3679.16,0.93
rec_47eda1fd85242e,cust_84e3b774569a,pay_486a4f104843f9,11,0.974,0,2644.3,INR,upi,technical_error,1,1.22,PAYMENT_LINK,,0,False,0.0,0.0
rec_68cbbfefc8b9af,cust_84e3b774569a,pay_486a4f104843f9,11,0.974,0,2644.3,INR,upi,technical_error,2,18.84,REMINDER,PAYMENT_LINK,1,False,0.0,0.0
rec_21f999f63b8e8a,cust_d009550707fc,pay_af1165b2fa9c85,1,0.705,0,42737.98,INR,card,bank_timeout,1,1.51,ESCALATE,,0,True,42737.98,3.74
rec_99d9ce1d55a881,cust_204e178c10d0,pay_fa9b3619039210,29,0.723,8,24165.49,INR,upi,insufficient_funds,1,0.17,RETRY,,0,False,0.0,0.0
rec_86c147f835d880,cust_204e178c10d0,pay_fa9b3619039210,29,0.723,8,24165.49,INR,upi,insufficient_funds,2,6.45,REMINDER,RETRY,1,True,24165.49,8.78
rec_2bacfb3e30a821,cust_5cbad4100256,pay_7e39bdae50981b,2,0.91,0,2980.26,INR,card,insufficient_funds,1,1.58,PAYMENT_LINK,,0,True,2980.26,3.6
rec_1eeb3364af6592,cust_8cfb137ca89e,pay_19b80e9ee6d6a7,3,0.772,1,10986.29,INR,netbanking,authentication_failed,1,1.89,RETRY,,0,False,0.0,0.0
rec_f1d14db3d39eb9,cust_8cfb137ca89e,pay_19b80e9ee6d6a7,3,0.772,1,10986.29,INR,netbanking,authentication_failed,2,17.31,REMINDER,RETRY,1,False,0.0,0.0
rec_89b0968d0c5023,cust_54ec84ce002c,pay_30fa614821b363,2,0.761,0,6336.27,INR,netbanking,authentication_failed,1,1.22,PAYMENT_LINK,,0,True,6336.27,1.51
rec_a205b500e567e3,cust_a48e40f1d042,pay_6dc5c4bb562b33,16,0.712,5,427.43,INR,upi,insufficient_funds,1,0.19,PAYMENT_LINK,,0,False,0.0,0.0
rec_16f27b86f554fa,cust_a48e40f1d042,pay_6dc5c4bb562b33,16,0.712,5,427.43,INR,upi,insufficient_funds,2,11.07,PAYMENT_LINK,PAYMENT_LINK,1,True,427.43,13.01
rec_006dbe2dfdcab8,cust_a0ba614204c3,pay_882310ddf450be,12,0.914,1,1595.21,INR,netbanking,network_error,1,0.76,RETRY,,0,True,1595.21,2.57
rec_4d074dc4bd4c08,cust_91941591b134,pay_84645b81ff73d1,12,0.339,8,463.22,INR,card,bank_timeout,1,0.67,RETRY,,0,False,0.0,0.0
rec_76e5b24b912c81,cust_91941591b134,pay_84645b81ff73d1,12,0.339,8,463.22,INR,card,bank_timeout,2,14.48,PAYMENT_LINK,RETRY,1,False,0.0,0.0
rec_9beb8455bafa90,cust_d4e20134389a,pay_53e0a1ddcbe156,5,0.295,4,817.98,INR,upi,technical_error,1,0.13,RETRY,,0,False,0.0,0.0
rec_6318869501104b,cust_eadc99604242,pay_4221410c0fa995,6,0.881,1,1218.29,INR,upi,bank_timeout,1,0.18,PAYMENT_LINK,,0,False,0.0,0.0
rec_7d1e9ee785af5b,cust_afd380c42713,pay_66e55a0eb92c66,2,0.886,0,948.37,INR,upi,network_error,1,1.12,PAYMENT_LINK,,0,False,0.0,0.0
rec_830b230d1223b6,cust_afd380c42713,pay_66e55a0eb92c66,2,0.886,0,948.37,INR,upi,network_error,2,5.14,PAYMENT_LINK,PAYMENT_LINK,1,False,0.0,0.0
rec_47e18d23c7dea6,cust_afd380c42713,pay_66e55a0eb92c66,2,0.886,0,948.37,INR,upi,network_error,3,8.83,REMINDER,PAYMENT_LINK,2,False,0.0,0.0
rec_27187cb4675bb5,cust_122dd7be980b,pay_709f76cb5eb0aa,38,0.732,10,2785.94,INR,upi,insufficient_funds,1,0.26,REMINDER,,0,False,0.0,0.0
rec_0e4f078c705a7f,cust_a3fb6d0bf4be,pay_f3493a4a01f2a9,8,0.701,2,5452.55,INR,upi,insufficient_funds,1,0.31,PAYMENT_LINK,,0,True,5452.55,2.55
rec_b8389e91ba0579,cust_c09c2ebe80da,pay_86eb5e3ad2e673,8,0.711,2,21226.29,INR,upi,bank_timeout,1,1.14,RETRY,,0,True,21226.29,2.04
rec_e826e352db6020,cust_5aff459440dd,pay_4e027c8acddeca,7,0.885,1,2380.24,INR,netbanking,network_error,1,0.27,RETRY,,0,True,2380.24,1.27
rec_b052e42985b60f,cust_5bb5c40c03cd,pay_65216f6250c665,4,0.885,0,1480.14,INR,card,network_error,1,1.89,PAYMENT_LINK,,0,True,1480.14,4.24
rec_56cd7a4edf13ea,cust_8ab5a7999e63,pay_c49d82d486c685,10,0.857,1,2341.57,INR,upi,authentication_failed,1,1.22,RETRY,,0,False,0.0,0.0
rec_d72989680c135e,cust_c017466e85f4,pay_073d2ca75974da,1,0.851,0,11240.96,INR,wallet,bank_timeout,1,0.76,PAYMENT_LINK,,0,False,0.0,0.0
rec_bd8cba3b843b61,cust_c017466e85f4,pay_073d2ca75974da,1,0.851,0,11240.96,INR,wallet,bank_timeout,2,11.01,PAYMENT_LINK,PAYMENT_LINK,1,True,11240.96,12.92
rec_00db44b5b09f76,cust_c78e0272c43b,pay_3443774340bc0a,10,0.284,7,605.17,INR,upi,technical_error,1,1.7,RETRY,,0,False,0.0,0.0
rec_379b3fbed38eff,cust_c78e0272c43b,pay_3443774340bc0a,10,0.284,7,605.17,INR,upi,technical_error,2,4.73,PAYMENT_LINK,RETRY,1,False,0.0,0.0
rec_4dd57c9ae44701,cust_f6e07cc06c52,pay_3f4d9bdb0c24fd,8,0.774,2,2476.07,INR,upi,authentication_failed,1,1.68,REMINDER,,0,False,0.0,0.0
rec_8c5b4514733a07,cust_f6e07cc06c52,pay_3f4d9bdb0c24fd,8,0.774,2,2476.07,INR,upi,authentication_failed,2,4.36,PAYMENT_LINK,REMINDER,1,True,2476.07,4.41
rec_984a00c3c71a07,cust_f83a1bce7069,pay_99086aabcd05ab,13,0.739,3,1108.74,INR,card,network_error,1,0.98,RETRY,,0,True,1108.74,2.0
rec_638bd57331a039,cust_4fc777685ebb,pay_c4b365f931620f,17,0.818,3,2665.5,INR,upi,authentication_failed,1,0.82,RETRY,,0,False,0.0,0.0
rec_b59920ddeacc12,cust_4fc777685ebb,pay_c4b365f931620f,17,0.818,3,2665.5,INR,upi,authentication_failed,2,18.08,REMINDER,RETRY,1,False,0.0,0.0
rec_8a34d63aecd5b4,cust_c3093b6e37e9,pay_ec459b9eb7425a,10,0.851,1,9359.45,INR,netbanking,network_error,1,1.41,RETRY,,0,True,9359.45,2.78
rec_567d018778f419,cust_0212b5544644,pay_18a668a043c8c0,60,0.974,2,5320.4,INR,netbanking,network_error,1,1.53,RETRY,,0,False,0.0,0.0
rec_d2b45510d7b446,cust_0212b5544644,pay_18a668a043c8c0,60,0.974,2,5320.4,INR,netbanking,network_error,2,18.44,PAYMENT_LINK,RETRY,1,False,0.0,0.0
rec_39c9867a19f6d0,cust_d145bd7fd15b,pay_de70ed62cc6d75,19,0.748,5,9491.35,INR,upi,authentication_failed,1,1.84,RETRY,,0,False,0.0,0.0
rec_70305c140feeb1,cust_d145bd7fd15b,pay_de70ed62cc6d75,19,0.748,5,9491.35,INR,upi,authentication_failed,2,18.03,PAYMENT_LINK,RETRY,1,False,0.0,0.0
rec_a9eb8bd78bbb6d,cust_d51fde3f573e,pay_2b11c1f1e02bee,5,0.73,1,873.13,INR,netbanking,technical_error,1,1.6,RETRY,,0,False,0.0,0.0
rec_2d493dfa63f201,cust_d51fde3f573e,pay_2b11c1f1e02bee,5,0.73,1,873.13,INR,netbanking,technical_error,2,15.83,PAYMENT_LINK,RETRY,1,False,0.0,0.0
rec_d73721715b9327,cust_d51fde3f573e,pay_2b11c1f1e02bee,5,0.73,1,873.13,INR,netbanking,technical_error,3,22.82,REMINDER,PAYMENT_LINK,2,False,0.0,0.0
rec_e723d17fcdb11f,cust_663b4427bef7,pay_a9c75de46919cf,1,0.91,0,2762.91,INR,card,authentication_failed,1,1.18,PAYMENT_LINK,,0,True,2762.91,2.2
rec_0ea728b3302d3b,cust_a180f402fb3e,pay_f9fe3956101652,23,0.969,1,11865.24,INR,netbanking,authentication_failed,1,0.66,PAYMENT_LINK,,0,True,11865.24,1.84
rec_ed4d0f00d2e9a4,cust_f3402dd34515,pay_92a9520500c37b,3,0.914,0,9255.74,INR,upi,authentication_failed,1,1.86,REMINDER,,0,False,0.0,0.0
rec_1e3bf3645f4a25,cust_f3402dd34515,pay_92a9520500c37b,3,0.914,0,9255.74,INR,upi,authentication_failed,2,18.12,PAYMENT_LINK,REMINDER,1,True,9255.74,19.31
rec_069d893d86d40c,cust_17e8392a55ce,pay_59e17e8cd707bf,3,0.844,0,2913.71,INR,card,network_error,1,0.35,ESCALATE,,0,False,0.0,0.0
rec_ae0f32ae61da3e,cust_aa03081bd498,pay_f95440bd97201f,14,0.947,1,6362.59,INR,card,bank_timeout,1,0.59,RETRY,,0,False,0.0,0.0
rec_907fdee6364d06,cust_31891f48e66e,pay_28089c29e55ed3,2,0.728,1,1413.65,INR,netbanking,payment_method_issue,1,0.46,PAYMENT_LINK,,0,True,1413.65,0.95
rec_477beea0bb5966,cust_5f26946654d1,pay_1e16599f077c25,6,0.786,1,8778.62,INR,upi,network_error,1,0.15,RETRY,,0,True,8778.62,2.24
rec_533f6ab88b982e,cust_974ebb877ea4,pay_240a2db9c6acff,8,0.473,4,1502.42,INR,netbanking,payment_method_issue,1,0.9,RETRY,,0,False,0.0,0.0
rec_6b276e7227fd55,cust_974ebb877ea4,pay_240a2db9c6acff,8,0.473,4,1502.42,INR,netbanking,payment_method_issue,2,6.17,PAYMENT_LINK,RETRY,1,True,1502.42,8.09
rec_8c94bc2570618f,cust_c0bd44c06d07,pay_8ce16d40f8f908,1,0.396,1,10987.58,INR,upi,insufficient_funds,1,1.3,REMINDER,,0,False,0.0,0.0
rec_1758f3575cfb23,cust_18c180d2aadf,pay_b20e5218c6962c,4,0.717,1,974.71,INR,upi,bank_timeout,1,0.83,PAYMENT_LINK,,0,False,0.0,0.0
rec_3532627de286d1,cust_18c180d2aadf,pay_b20e5218c6962c,4,0.717,1,974.71,INR,upi,bank_timeout,2,9.21,PAYMENT_LINK,PAYMENT_LINK,1,False,0.0,0.0
rec_721e2ae8958d86,cust_4c955f6a966b,pay_87c168e57b04dd,14,0.824,2,925.85,INR,upi,insufficient_funds,1,1.16,REMINDER,,0,True,925.85,3.51
rec_0e054e26f7f852,cust_c5ce099c46b8,pay_04aa1d2cff66a6,31,0.946,2,1665.85,INR,upi,network_error,1,2.0,RETRY,,0,False,0.0,0.0
rec_7026f50661cbff,cust_c5ce099c46b8,pay_04aa1d2cff66a6,31,0.946,2,1665.85,INR,upi,network_error,2,18.0,REMINDER,RETRY,1,False,0.0,0.0
rec_549c616f02587c,cust_c5ce099c46b8,pay_04aa1d2cff66a6,31,0.946,2,1665.85,INR,upi,network_error,3,30.68,ESCALATE,REMINDER,2,False,0.0,0.0
rec_c59b2bca5167d5,cust_8f5486b7c7b5,pay_530c4dd1d762b8,28,0.77,6,2909.13,INR,upi,bank_timeout,1,0.23,PAYMENT_LINK,,0,True,2909.13,1.58
rec_bb5cbeafd4b270,cust_93cd12911004,pay_4b06dd1d104d5b,15,0.911,1,9089.92,INR,card,authentication_failed,1,1.29,REMINDER,,0,False,0.0,0.0
rec_d68ef2d76fcb9b,cust_93cd12911004,pay_4b06dd1d104d5b,15,0.911,1,9089.92,INR,card,authentication_failed,2,10.17,REMINDER,REMINDER,1,True,9089.92,10.48
rec_ddf7cf3eb12741,cust_93676a024fdc,pay_7e804bb31a3c6d,21,0.298,15,2344.51,INR,card,bank_timeout,1,0.89,ESCALATE,,0,False,0.0,0.0
rec_cb3e04d1f74b9b,cust_f27f3ad74890,pay_223bb44dbceb4b,10,0.901,1,1279.36,INR,netbanking,insufficient_funds,1,1.41,REMINDER,,0,False,0.0,0.0
rec_f0d0e30201748e,cust_f27f3ad74890,pay_223bb44dbceb4b,10,0.901,1,1279.36,INR,netbanking,insufficient_funds,2,18.9,PAYMENT_LINK,REMINDER,1,True,1279.36,19.88
rec_715e280a410728,cust_24c778a59b4e,pay_b773293f768f5f,1,0.836,0,799.08,INR,card,bank_timeout,1,0.37,RETRY,,0,True,799.08,2.18
rec_10f86f4efff4eb,cust_8fbba7495fcd,pay_5c2304e15536ba,2,0.885,0,1559.49,INR,card,authentication_failed,1,0.38,RETRY,,0,True,1559.49,0.74
rec_2361af1434d106,cust_9136d4adf27e,pay_94848ad363e5ea,7,0.725,2,11931.86,INR,upi,bank_timeout,1,1.22,RETRY,,0,True,11931.86,2.53
rec_46d005728674e3,cust_1bf43b9f9fda,pay_82ae7e3150cdc5,4,0.43,2,1136.73,INR,card,bank_timeout,1,1.33,RETRY,,0,True,1136.73,2.11
rec_6cf9e859d835ab,cust_dec56dc3ad96,pay_07736968b9ece7,2,0.544,1,6416.42,INR,netbanking,bank_timeout,1,0.66,REMINDER,,0,False,0.0,0.0
rec_90f27f1bec0843,cust_dec56dc3ad96,pay_07736968b9ece7,2,0.544,1,6416.42,INR,netbanking,bank_timeout,2,7.32,REMINDER,REMINDER,1,False,0.0,0.0
rec_756259092c39ca,cust_abcec90f70ec,pay_4495f4724480df,5,0.777,1,6499.56,INR,wallet,bank_timeout,1,0.37,RETRY,,0,True,6499.56,2.7
rec_14093ec25a9cd7,cust_f8ded777bb1e,pay_0b5665c2d3c414,5,0.917,0,456.73,INR,card,bank_timeout,1,0.45,RETRY,,0,True,456.73,0.84
rec_5f2d90fe79e20a,cust_d1e2b878c576,pay_4a686466531fec,38,0.73,10,9435.72,INR,upi,bank_timeout,1,0.54,PAYMENT_LINK,,0,False,0.0,0.0
rec_882d0ddee172a0,cust_af2b99b4d9ac,pay_2d08229334a4f5,15,0.729,4,2230.04,INR,card,bank_timeout,1,1.54,RETRY,,0,True,2230.04,2.63
rec_f563dbb46f467e,cust_f18cccdc131e,pay_13df62ba381ff6,15,0.789,3,10353.36,INR,wallet,bank_timeout,1,1.97,RETRY,,0,True,10353.36,2.65
rec_34be986a457cc9,cust_2ab7b2ef8e0e,pay_8c4882f75b03ad,13,0.881,2,686.26,INR,upi,payment_method_issue,1,0.63,RETRY,,0,False,0.0,0.0
rec_1e96bb6b8b1ff3,cust_2646eaf9d5c0,pay_14764010e1174c,8,0.722,2,2866.41,INR,card,authentication_failed,1,1.27,REMINDER,,0,False,0.0,0.0
rec_2fbbcea0a5c455,cust_4f11d8dc5cd3,pay_5470ea74c4b348,9,0.819,2,2055.35,INR,upi,bank_timeout,1,1.05,RETRY,,0,False,0.0,0.0
rec_bc72e5fe4ce9e8,cust_4f11d8dc5cd3,pay_5470ea74c4b348,9,0.819,2,2055.35,INR,upi,bank_timeout,2,16.52,PAYMENT_LINK,RETRY,1,False,0.0,0.0
rec_0a9f4085ac7c91,cust_2540fbfee12f,pay_f6b96c4a9a3cbe,10,0.302,7,487.69,INR,netbanking,insufficient_funds,1,1.53,RETRY,,0,False,0.0,0.0
rec_cd68c7a0b9a725,cust_2540fbfee12f,pay_f6b96c4a9a3cbe,10,0.302,7,487.69,INR,netbanking,insufficient_funds,2,5.62,PAYMENT_LINK,RETRY,1,False,0.0,0.0
rec_496611e587400f,cust_2540fbfee12f,pay_f6b96c4a9a3cbe,10,0.302,7,487.69,INR,netbanking,insufficient_funds,3,14.49,PAYMENT_LINK,PAYMENT_LINK,2,False,0.0,0.0
rec_03ba64529291f0,cust_2540fbfee12f,pay_f6b96c4a9a3cbe,10,0.302,7,487.69,INR,netbanking,insufficient_funds,4,22.43,ESCALATE,PAYMENT_LINK,3,False,0.0,0.0
rec_2f2b8a744e4211,cust_41191aa71b61,pay_80e0736e584f58,3,0.901,0,4217.17,INR,card,bank_timeout,1,1.63,PAYMENT_LINK,,0,True,4217.17,1.85
rec_4ebc8ad0a33349,cust_10f1bc81448a,pay_c7ffb69f8cbf55,18,0.709,5,653.64,INR,netbanking,payment_method_issue,1,1.14,PAYMENT_LINK,,0,True,653.64,3.0
rec_bec027f7387b2e,cust_54eb8e20af7c,pay_9fff5442a60e6b,16,0.85,2,8209.29,INR,upi,network_error,1,1.4,PAYMENT_LINK,,0,False,0.0,0.0
rec_f5e577e00b4d99,cust_00801ed97434,pay_24bf6f1f69ff04,15,0.771,3,1132.27,INR,card,bank_timeout,1,0.25,REMINDER,,0,False,0.0,0.0
rec_07c30f91874135,cust_8909b0039136,pay_20b95eb62dc49d,1,0.61,0,25640.17,INR,card,bank_timeout,1,1.13,RETRY,,0,True,25640.17,3.06
rec_1f2cac5bc4db0e,cust_e5f22dfba741,pay_1dd54f29726d94,10,0.883,1,3139.58,INR,card,insufficient_funds,1,1.12,REMINDER,,0,True,3139.58,2.55
rec_eb71585bf2b9ef,cust_b8168aebac6a,pay_64650b74ca6123,4,0.706,1,362.21,INR,upi,authentication_failed,1,1.48,REMINDER,,0,False,0.0,0.0
rec_eee486aa0f9092,cust_02b3c9484db6,pay_fcc268bed44354,20,0.802,4,629.44,INR,card,technical_error,1,0.13,REMINDER,,0,True,629.44,1.31
rec_60ff60136a6a37,cust_277fecc6196b,pay_e8597efbd824eb,5,0.842,1,445.44,INR,wallet,insufficient_funds,1,1.65,REMINDER,,0,True,445.44,3.9
rec_1c17ee0db29511,cust_123c6a29969b,pay_bb66a28ca8febf,43,0.837,7,6705.62,INR,netbanking,bank_timeout,1,0.42,RETRY,,0,True,6705.62,2.68
rec_a9bbf8d2f10892,cust_0eecc013b55b,pay_82b5570072854c,10,0.433,6,2247.66,INR,card,insufficient_funds,1,1.06,RETRY,,0,False,0.0,0.0
rec_67a57f8c7e6a6f,cust_60971a15c806,pay_6d708abe7b1b01,7,0.858,1,11132.1,INR,upi,bank_timeout,1,1.99,RETRY,,0,True,11132.1,2.88
rec_44a42a5bbb52bb,cust_f7aeede80a11,pay_d08d20a1ffaa24,8,0.881,1,317.44,INR,upi,bank_timeout,1,1.79,PAYMENT_LINK,,0,True,317.44,4.04
rec_e5370d27eb3d97,cust_06d6fba77650,pay_a0208323371a66,5,0.771,1,48367.63,INR,upi,authentication_failed,1,0.64,ESCALATE,,0,False,0.0,0.0
rec_c327abb1edd151,cust_38e59b2716dc,pay_a223d3b458ff0c,18,0.89,2,1670.96,INR,upi,authentication_failed,1,0.8,PAYMENT_LINK,,0,True,1670.96,2.54
rec_81ad7c3b3e9b05,cust_b176e71f3918,pay_314cf337f00e5b,19,0.761,5,2061.83,INR,upi,insufficient_funds,1,0.84,PAYMENT_LINK,,0,True,2061.83,1.38
rec_72e47ae7f61d07,cust_e0354d75a90d,pay_8c95bff31bf0ff,28,0.877,3,18725.36,INR,card,payment_method_issue,1,1.51,PAYMENT_LINK,,0,True,18725.36,3.67
rec_27e21f8a88b468,cust_16718639fcb8,pay_0c16d3e7111842,12,0.904,1,738.26,INR,card,insufficient_funds,1,1.48,PAYMENT_LINK,,0,True,738.26,2.1
rec_63619e38d21d0f,cust_8ece112856ce,pay_77c6d5757b01cb,2,0.423,1,2577.08,INR,netbanking,authentication_failed,1,1.44,PAYMENT_LINK,,0,True,2577.08,1.77
rec_4de16f536e4719,cust_edba94842759,pay_d73dc8b3dd25cc,4,0.899,0,2494.61,INR,netbanking,bank_timeout,1,1.2,RETRY,,0,False,0.0,0.0
rec_32bd28e1fd1741,cust_edba94842759,pay_d73dc8b3dd25cc,4,0.899,0,2494.61,INR,netbanking,bank_timeout,2,6.71,REMINDER,RETRY,1,True,2494.61,8.19
rec_6e9602ff8ba3fc,cust_636f6e5c2253,pay_940868a94308b6,30,0.971,1,11499.23,INR,upi,authentication_failed,1,1.98,REMINDER,,0,True,11499.23,3.19
rec_569ce1ee27363d,cust_23d26b8dae46,pay_976a00f0cc7028,20,0.514,10,47578.19,INR,upi,bank_timeout,1,0.15,PAYMENT_LINK,,0,False,0.0,0.0
rec_d545c72fccbd0b,cust_23d26b8dae46,pay_976a00f0cc7028,20,0.514,10,47578.19,INR,upi,bank_timeout,2,14.53,REMINDER,PAYMENT_LINK,1,False,0.0,0.0
rec_5e44eb5f75c387,cust_23d26b8dae46,pay_976a00f0cc7028,20,0.514,10,47578.19,INR,upi,bank_timeout,3,22.13,PAYMENT_LINK,REMINDER,2,False,0.0,0.0
rec_c1077860d5735a,cust_f8ded777bb1e,pay_9dfaa3564a334b,5,0.917,0,2597.88,INR,card,authentication_failed,1,1.7,PAYMENT_LINK,,0,True,2597.88,4.01
rec_807f6a1bf512a5,cust_52702b29a412,pay_ef8f70ac29e0ad,9,0.872,1,2833.0,INR,netbanking,authentication_failed,1,0.5,PAYMENT_LINK,,0,True,2833.0,2.53
rec_6fcf19463801b8,cust_7677a166d644,pay_794cdfe6a9828c,24,0.979,1,2926.76,INR,upi,bank_timeout,1,0.11,RETRY,,0,False,0.0,0.0
rec_3d21e3b33a4804,cust_7d2120ad5f59,pay_fe905da9c1c16d,9,0.735,2,1525.43,INR,upi,authentication_failed,1,1.31,REMINDER,,0,True,1525.43,1.4
rec_2962dfbb921a9d,cust_1c3efda4689b,pay_1e100f9bb8b017,35,0.967,1,1732.15,INR,card,payment_method_issue,1,0.25,RETRY,,0,False,0.0,0.0
rec_9489723313f8ac,cust_1c3efda4689b,pay_1e100f9bb8b017,35,0.967,1,1732.15,INR,card,payment_method_issue,2,3.99,REMINDER,RETRY,1,False,0.0,0.0
rec_8f9588666d209c,cust_2c7604c1177d,pay_443db9e225b28e,3,0.74,1,2005.28,INR,upi,payment_method_issue,1,0.71,REMINDER,,0,False,0.0,0.0
rec_f67356f9a12917,cust_5560db22c96b,pay_a2a0bccdb0332b,14,0.867,2,2518.97,INR,card,insufficient_funds,1,0.72,PAYMENT_LINK,,0,False,0.0,0.0
rec_b2852a612f6432,cust_5560db22c96b,pay_a2a0bccdb0332b,14,0.867,2,2518.97,INR,card,insufficient_funds,2,12.17,PAYMENT_LINK,PAYMENT_LINK,1,True,2518.97,14.66
rec_e30c92fb8b1fab,cust_a832a2288c65,pay_c9d1504b82ca83,5,0.836,1,2839.72,INR,netbanking,technical_error,1,0.81,RETRY,,0,True,2839.72,2.83
rec_d6afde1eacd177,cust_a06a187de2e6,pay_9df1cd8faefa5a,24,0.851,4,1277.1,INR,netbanking,technical_error,1,1.76,REMINDER,,0,False,0.0,0.0
rec_eb9428da74b937,cust_a06a187de2e6,pay_9df1cd8faefa5a,24,0.851,4,1277.1,INR,netbanking,technical_error,2,11.8,REMINDER,REMINDER,1,False,0.0,0.0
rec_81c83a6ea06cb6,cust_d2eaef184b67,pay_6c999ac8bbbbe7,22,0.801,4,1871.0,INR,upi,payment_method_issue,1,1.24,PAYMENT_LINK,,0,True,1871.0,2.99
rec_ed35559517e4d8,cust_5c375254a8fc,pay_d0a16fe9bb7c5b,1,0.776,0,571.7,INR,upi,bank_timeout,1,1.0,RETRY,,0,True,571.7,2.2
rec_c1597635be5156,cust_e7ba26acab7a,pay_80072ad78ff8c0,2,0.864,0,1144.93,INR,card,bank_timeout,1,1.66,RETRY,,0,False,0.0,0.0
rec_22a2ea1f35c9cd,cust_e7ba26acab7a,pay_80072ad78ff8c0,2,0.864,0,1144.93,INR,card,bank_timeout,2,9.41,PAYMENT_LINK,RETRY,1,False,0.0,0.0
rec_ae3143be70561a,cust_e7ba26acab7a,pay_80072ad78ff8c0,2,0.864,0,1144.93,INR,card,bank_timeout,3,12.48,PAYMENT_LINK,PAYMENT_LINK,2,False,0.0,0.0
rec_9e55d1f365fa53,cust_54cc1e2a5e4c,pay_86793a678206e3,10,0.784,2,11848.23,INR,wallet,network_error,1,1.89,PAYMENT_LINK,,0,True,11848.23,3.78
rec_303c835a209d1b,cust_6b88f83dd97d,pay_371d1ce4899844,7,0.842,1,2113.3,INR,upi,network_error,1,1.48,RETRY,,0,False,0.0,0.0
rec_4e7ada83c5deb4,cust_6b88f83dd97d,pay_371d1ce4899844,7,0.842,1,2113.3,INR,upi,network_error,2,14.44,REMINDER,RETRY,1,False,0.0,0.0
rec_7441d7a4d99d83,cust_6b88f83dd97d,pay_371d1ce4899844,7,0.842,1,2113.3,INR,upi,network_error,3,21.14,PAYMENT_LINK,REMINDER,2,False,0.0,0.0
rec_6c288d8f33b8e0,cust_94fd0594ecf9,pay_8a8e4dae490758,7,0.855,1,7391.91,INR,card,insufficient_funds,1,1.57,REMINDER,,0,True,7391.91,3.06
rec_29f8cf956122c4,cust_ad8cc85c5355,pay_0c093004dbbc00,1,0.713,0,21523.74,INR,upi,bank_timeout,1,1.42,RETRY,,0,True,21523.74,2.12
rec_01dba2de1c779c,cust_7664704355c9,pay_b69dcf81e3f1c6,8,0.95,0,2571.08,INR,card,technical_error,1,0.91,RETRY,,0,True,2571.08,2.21
rec_142a42bb2c2740,cust_439db29d4bc8,pay_cd56c641928034,2,0.765,0,2204.99,INR,card,technical_error,1,1.83,RETRY,,0,False,0.0,0.0
rec_08f24810502c90,cust_439db29d4bc8,pay_cd56c641928034,2,0.765,0,2204.99,INR,card,technical_error,2,7.71,STOP,RETRY,1,False,0.0,0.0
rec_f1a53b61d5ddca,cust_dc3bbdd8a74e,pay_1be67de9628184,6,0.885,1,8705.93,INR,upi,insufficient_funds,1,1.88,REMINDER,,0,False,0.0,0.0
rec_34d951addc003b,cust_dc3bbdd8a74e,pay_1be67de9628184,6,0.885,1,8705.93,INR,upi,insufficient_funds,2,9.41,PAYMENT_LINK,REMINDER,1,True,8705.93,11.88
rec_4ec76e38b7092c,cust_7b5fbe413fa2,pay_6a3f66b81332d3,9,0.727,2,9795.42,INR,upi,bank_timeout,1,1.35,RETRY,,0,True,9795.42,1.89
rec_0509c46776061c,cust_92fbacf6d5d1,pay_efef326e724ae0,5,0.888,1,783.62,INR,card,technical_error,1,1.71,ESCALATE,,0,True,783.62,2.66
rec_4684ccf7db363f,cust_189ac35daa5f,pay_d81bd31a6d5011,20,0.892,2,10017.62,INR,upi,authentication_failed,1,0.29,PAYMENT_LINK,,0,True,10017.62,1.18
rec_46fc4d13854efe,cust_4c7f03bba376,pay_109890f7957fb1,1,0.479,1,5847.13,INR,card,bank_timeout,1,0.13,REMINDER,,0,False,0.0,0.0
rec_a7ce113f9e4478,cust_647ac5915da6,pay_27464d3e993c1e,10,0.458,5,5317.46,INR,upi,insufficient_funds,1,1.58,RETRY,,0,False,0.0,0.0
rec_2881dbeecd03cc,cust_ef3a6f27ef06,pay_fe412efdf41de7,3,0.789,1,22650.55,INR,upi,unknown,1,0.6,RETRY,,0,False,0.0,0.0
rec_dbdbe2346218df,cust_ef3a6f27ef06,pay_fe412efdf41de7,3,0.789,1,22650.55,INR,upi,unknown,2,12.95,PAYMENT_LINK,RETRY,1,False,0.0,0.0
rec_1ea62f5cc90cf4,cust_3037f0b710cc,pay_26c21d2af12e7d,20,0.606,8,10364.13,INR,netbanking,bank_timeout,1,1.21,PAYMENT_LINK,,0,False,0.0,0.0
rec_3d2e4c70def7a6,cust_ef10b6ccdcaa,pay_2b38936f9b8727,20,0.813,4,11807.47,INR,upi,bank_timeout,1,1.56,RETRY,,0,False,0.0,0.0
rec_44ac435a2b829c,cust_ef10b6ccdcaa,pay_2b38936f9b8727,20,0.813,4,11807.47,INR,upi,bank_timeout,2,15.69,PAYMENT_LINK,RETRY,1,True,11807.47,18.0
rec_3a78477a3cb588,cust_7c93243ec90b,pay_7e59df6e16db20,66,0.477,35,541.57,INR,upi,insufficient_funds,1,1.03,PAYMENT_LINK,,0,True,541.57,3.4
rec_4fa40881b7e641,cust_fac9b5b642e8,pay_3fb842da1f7468,38,0.891,4,6252.39,INR,card,insufficient_funds,1,0.77,REMINDER,,0,False,0.0,0.0
rec_8827e3072a7159,cust_8d9957fa76fe,pay_c57bf7e405a047,17,0.732,5,2801.77,INR,netbanking,bank_timeout,1,0.58,RETRY,,0,True,2801.77,2.48
rec_48eb6222a47f7b,cust_d757ad381498,pay_a688ef2f8941f8,39,0.85,6,998.21,INR,upi,technical_error,1,0.28,RETRY,,0,True,998.21,0.85
rec_dee70f9afc2539,cust_19474d1a63d3,pay_a8e4f9e0e43b23,12,0.708,4,6952.88,INR,card,unknown,1,0.41,ESCALATE,,0,True,6952.88,2.56
rec_01e6ad1d9c6c27,cust_f80b2cea658e,pay_141ef4a3bf019e,22,0.915,2,902.85,INR,card,unknown,1,1.87,REMINDER,,0,False,0.0,0.0
rec_36ff17454feb6b,cust_f80b2cea658e,pay_141ef4a3bf019e,22,0.915,2,902.85,INR,card,unknown,2,8.31,REMINDER,REMINDER,1,False,0.0,0.0
rec_bb6cb764aaf042,cust_f80b2cea658e,pay_141ef4a3bf019e,22,0.915,2,902.85,INR,card,unknown,3,14.68,PAYMENT_LINK,REMINDER,2,False,0.0,0.0
rec_5e79b4c6965492,cust_56c890a56538,pay_598c0a9cc17302,20,0.815,4,1820.27,INR,upi,insufficient_funds,1,1.69,REMINDER,,0,True,1820.27,2.66
rec_2d8ca8406c6ba3,cust_12476f57a5e5,pay_b2869d11a6ef80,6,0.775,1,7345.4,INR,netbanking,insufficient_funds,1,0.36,PAYMENT_LINK,,0,True,7345.4,1.51
rec_2a3e663679d63c,cust_e14e21f714f1,pay_6dc5d919b4b701,7,0.701,2,19114.21,INR,card,authentication_failed,1,0.95,PAYMENT_LINK,,0,False,0.0,0.0
rec_2c0176d55936ec,cust_e14e21f714f1,pay_6dc5d919b4b701,7,0.701,2,19114.21,INR,card,authentication_failed,2,7.46,PAYMENT_LINK,PAYMENT_LINK,1,False,0.0,0.0
rec_529de36a017c81,cust_e14e21f714f1,pay_6dc5d919b4b701,7,0.701,2,19114.21,INR,card,authentication_failed,3,24.27,STOP,PAYMENT_LINK,2,False,0.0,0.0
rec_ff889a792bc9ba,cust_c78e0272c43b,pay_ba676a3e222da8,10,0.284,7,2946.91,INR,netbanking,authentication_failed,1,0.14,PAYMENT_LINK,,0,True,2946.91,1.42
rec_28252617bad14a,cust_9e374f7ac42c,pay_1d71d33ca04917,22,0.267,16,2168.52,INR,upi,network_error,1,0.47,RETRY,,0,False,0.0,0.0
rec_d66806685c722c,cust_d0713f73582a,pay_d88b1d10966515,16,0.878,2,12427.83,INR,card,bank_timeout,1,1.61,RETRY,,0,True,12427.83,3.93
rec_2bb5674fd73ab3,cust_77806788dff1,pay_e677264b8333cc,20,0.888,2,1131.28,INR,upi,technical_error,1,1.37,RETRY,,0,False,0.0,0.0
rec_08384e87a44f6e,cust_77806788dff1,pay_e677264b8333cc,20,0.888,2,1131.28,INR,upi,technical_error,2,8.16,REMINDER,RETRY,1,False,0.0,0.0
rec_58df6bc5c976f1,cust_77806788dff1,pay_e677264b8333cc,20,0.888,2,1131.28,INR,upi,technical_error,3,10.36,REMINDER,REMINDER,2,False,0.0,0.0
rec_159248345baf51,cust_f6c8b8b9d915,pay_4b2f05ee25fef3,9,0.841,1,1616.5,INR,netbanking,authentication_failed,1,1.21,PAYMENT_LINK,,0,True,1616.5,2.59
rec_c77d41341a5123,cust_a48e40f1d042,pay_6aa9652c829e24,16,0.712,5,48568.34,INR,card,authentication_failed,1,1.28,REMINDER,,0,False,0.0,0.0
rec_4bb2c53667df98,cust_a48e40f1d042,pay_6aa9652c829e24,16,0.712,5,48568.34,INR,card,authentication_failed,2,10.35,PAYMENT_LINK,REMINDER,1,False,0.0,0.0
rec_44e1fb923429b0,cust_f17aa7a9243d,pay_78a2bbc23f83c0,9,0.798,2,1161.96,INR,upi,network_error,1,0.14,RETRY,,0,True,1161.96,1.43
rec_d29a2d08cf384f,cust_04c47757e2db,pay_ee669bfb907aac,7,0.814,1,6974.28,INR,netbanking,insufficient_funds,1,1.03,RETRY,,0,False,0.0,0.0
rec_77bd26ea0b6232,cust_f5504c5249d2,pay_56fae4bce5b79f,27,0.722,8,11308.1,INR,upi,payment_method_issue,1,1.63,PAYMENT_LINK,,0,True,11308.1,3.81
rec_440553b433b5f5,cust_e476231aecdf,pay_a4eaf7e8bde0d8,2,0.865,0,11289.66,INR,card,bank_timeout,1,0.86,RETRY,,0,True,11289.66,2.44
rec_38a3a9c2aaad68,cust_1036ca810bc4,pay_5f734b4f162f27,2,0.3,1,2893.41,INR,netbanking,authentication_failed,1,0.92,RETRY,,0,False,0.0,0.0
rec_b59fd9e698efda,cust_97ac6aa8bb24,pay_57c4fc601075f5,20,0.835,3,2602.12,INR,wallet,bank_timeout,1,1.81,RETRY,,0,False,0.0,0.0
rec_94a60409abe1c6,cust_97ac6aa8bb24,pay_57c4fc601075f5,20,0.835,3,2602.12,INR,wallet,bank_timeout,2,18.12,REMINDER,RETRY,1,False,0.0,0.0
rec_17c4cedeb32f96,cust_309a083a0c9e,pay_a778ff5c64d7a9,16,0.845,2,1054.32,INR,card,bank_timeout,1,0.51,RETRY,,0,False,0.0,0.0
rec_8e23939a3f7e02,cust_309a083a0c9e,pay_a778ff5c64d7a9,16,0.845,2,1054.32,INR,card,bank_timeout,2,11.58,PAYMENT_LINK,RETRY,1,True,1054.32,11.89
rec_80265a997cb3ce,cust_4de1087bafa1,pay_28ae79973c363f,5,0.734,1,2363.57,INR,wallet,authentication_failed,1,1.49,PAYMENT_LINK,,0,True,2363.57,2.77
rec_41ae5092b6b56a,cust_8532fc74a998,pay_fda8547410a7b2,15,0.784,3,514.81,INR,card,bank_timeout,1,1.2,RETRY,,0,True,514.81,1.77
rec_b396c65f89291c,cust_9ceab67bba82,pay_fed239d6f983f0,36,0.745,9,962.83,INR,upi,authentication_failed,1,0.23,PAYMENT_LINK,,0,True,962.83,1.78
rec_931bbc16d19482,cust_dc3bbdd8a74e,pay_96cf79f0787bbe,6,0.885,1,18401.57,INR,upi,insufficient_funds,1,1.55,PAYMENT_LINK,,0,True,18401.57,2.45
rec_d464268529870e,cust_767f3c15a95d,pay_0544b1994730d9,4,0.841,1,367.51,INR,upi,bank_timeout,1,0.3,RETRY,,0,True,367.51,2.32
rec_b7810da3bba0e2,cust_caf0f4421020,pay_b96d3eb3371367,3,0.866,0,1820.81,INR,card,insufficient_funds,1,1.11,PAYMENT_LINK,,0,True,1820.81,3.22
rec_8ed3fa89bdd101,cust_c2c96b28beb9,pay_eb2d923f4179ac,34,0.969,1,1627.12,INR,upi,network_error,1,0.88,RETRY,,0,True,1627.12,2.47
rec_2c3cc29ab7e658,cust_8e484bc069c5,pay_2d039f333d00f3,1,0.952,0,1874.02,INR,card,technical_error,1,0.14,RETRY,,0,True,1874.02,1.23
rec_ff5b4fb6732902,cust_161d6acf1eb6,pay_a596371c15b956,22,0.531,10,10512.53,INR,upi,bank_timeout,1,0.94,PAYMENT_LINK,,0,False,0.0,0.0
rec_cbe54314b32ccd,cust_161d6acf1eb6,pay_a596371c15b956,22,0.531,10,10512.53,INR,upi,bank_timeout,2,10.99,PAYMENT_LINK,PAYMENT_LINK,1,True,10512.53,11.99
rec_70c0cf38fc16a8,cust_96ef2ad6b97e,pay_f15a2799a89064,18,0.761,4,2939.77,INR,upi,payment_method_issue,1,0.7,PAYMENT_LINK,,0,True,2939.77,1.61
rec_55b0d540057ef6,cust_d91b1cb635ea,pay_6415003a98578a,6,0.397,4,1805.22,INR,netbanking,bank_timeout,1,1.71,RETRY,,0,True,1805.22,3.46
rec_f36c8c46c6a6e5,cust_48bbdb12de40,pay_924b8628db234e,23,0.304,16,2016.66,INR,netbanking,bank_timeout,1,0.31,RETRY,,0,False,0.0,0.0
rec_039c6f002e863f,cust_1a2bd69c450f,pay_e284e0d2f9e55e,2,0.786,0,9056.78,INR,upi,insufficient_funds,1,1.51,REMINDER,,0,False,0.0,0.0
rec_96d765d07b16c9,cust_1a2bd69c450f,pay_e284e0d2f9e55e,2,0.786,0,9056.78,INR,upi,insufficient_funds,2,18.99,PAYMENT_LINK,REMINDER,1,False,0.0,0.0
rec_9fba6925cc2462,cust_62801c451043,pay_58dfe32ae6f729,2,0.922,0,3591.31,INR,wallet,insufficient_funds,1,1.54,PAYMENT_LINK,,0,True,3591.31,2.14
rec_6b65a073e7565e,cust_eb22ec1d4df6,pay_919e31c81a59b3,14,0.86,2,608.55,INR,card,network_error,1,0.89,REMINDER,,0,False,0.0,0.0
rec_22f4be55f010c0,cust_0f635f4a2b9a,pay_728b3598f54b35,1,0.886,0,1365.64,INR,card,bank_timeout,1,1.8,REMINDER,,0,True,1365.64,2.67
rec_0b07e0a5390699,cust_451b4cf36123,pay_fcce7798fcbf35,12,0.904,1,32931.83,INR,card,authentication_failed,1,1.71,RETRY,,0,True,32931.83,2.55
rec_b2734f6e4b8651,cust_79c91e00aaf8,pay_4f120916bbf59f,3,0.596,1,1467.86,INR,upi,network_error,1,1.46,RETRY,,0,False,0.0,0.0
rec_60f24fff3cdd5a,cust_c79ddb62c379,pay_f36fad9b2d7e18,18,0.914,2,9645.59,INR,netbanking,insufficient_funds,1,1.4,PAYMENT_LINK,,0,False,0.0,0.0
rec_6a3aab9e9640ce,cust_c79ddb62c379,pay_f36fad9b2d7e18,18,0.914,2,9645.59,INR,netbanking,insufficient_funds,2,8.0,PAYMENT_LINK,PAYMENT_LINK,1,True,9645.59,10.06
rec_0bdd4c45837486,cust_2ae1d0bc4a09,pay_60d227cb10294b,16,0.969,0,2017.5,INR,card,bank_timeout,1,1.99,RETRY,,0,False,0.0,0.0
rec_ce2132ccf2aaef,cust_1dba12677e1c,pay_fe4f1258de8d35,7,0.965,0,2161.19,INR,netbanking,technical_error,1,0.74,PAYMENT_LINK,,0,False,0.0,0.0
rec_578445eab589e1,cust_8a4b8f7c2147,pay_8bd009088b73d4,28,0.94,2,2684.11,INR,card,bank_timeout,1,1.34,RETRY,,0,True,2684.11,2.14
rec_5de5eb62f9a4f6,cust_dde4f5c1532c,pay_63627f49bca39a,32,0.632,12,40697.39,INR,card,insufficient_funds,1,0.88,PAYMENT_LINK,,0,True,40697.39,1.26
rec_2f56a06821664f,cust_8ce377d760f1,pay_a1cebac41f44a5,6,0.843,1,28885.92,INR,upi,unknown,1,1.64,RETRY,,0,False,0.0,0.0
rec_62931fbbfdc80f,cust_8ce377d760f1,pay_a1cebac41f44a5,6,0.843,1,28885.92,INR,upi,unknown,2,8.32,PAYMENT_LINK,RETRY,1,True,28885.92,10.72
rec_f564f7fd222c18,cust_1a2bd69c450f,pay_bc67fd48314f30,2,0.786,0,11605.09,INR,card,bank_timeout,1,1.24,RETRY,,0,True,11605.09,1.45
rec_b2ca6ebeb6ca51,cust_750d112e8164,pay_023b3e18d83806,9,0.706,3,11759.85,INR,netbanking,authentication_failed,1,1.48,PAYMENT_LINK,,0,True,11759.85,1.84
rec_092e9b1b6471c2,cust_56a049431c68,pay_eb90911c7fa866,1,0.806,0,9240.52,INR,wallet,bank_timeout,1,0.25,RETRY,,0,False,0.0,0.0
rec_5725119295dce0,cust_56a049431c68,pay_eb90911c7fa866,1,0.806,0,9240.52,INR,wallet,bank_timeout,2,3.02,PAYMENT_LINK,RETRY,1,False,0.0,0.0
rec_92dddc04d37610,cust_edb68b81cec6,pay_b5c6e8f9668770,5,0.741,1,257.43,INR,upi,authentication_failed,1,0.5,PAYMENT_LINK,,0,True,257.43,2.28
rec_6f8ad5a9b5fab7,cust_58bce5e4d282,pay_572d4d612aa15b,17,0.254,13,4632.46,INR,card,authentication_failed,1,1.75,REMINDER,,0,False,0.0,0.0
rec_af09126a57ae02,cust_2d54ff2b10ee,pay_4fd69e6a50803f,7,0.977,0,1186.02,INR,upi,bank_timeout,1,1.18,RETRY,,0,True,1186.02,3.37
rec_287b7ee38eda2a,cust_0ddb545b61ea,pay_ae3072c5b411a2,13,0.703,4,44948.61,INR,wallet,insufficient_funds,1,1.48,RETRY,,0,False,0.0,0.0
rec_c73ed3426523fd,cust_b076a7dcfd0c,pay_add4bcd0443dcf,28,0.912,2,1803.34,INR,card,insufficient_funds,1,1.63,REMINDER,,0,False,0.0,0.0
rec_2d57fd9f43319f,cust_b076a7dcfd0c,pay_add4bcd0443dcf,28,0.912,2,1803.34,INR,card,insufficient_funds,2,13.54,ESCALATE,REMINDER,1,True,1803.34,15.97
rec_c927fc9e673971,cust_b864a47ba434,pay_be31307b9ee240,7,0.889,1,917.83,INR,card,bank_timeout,1,0.22,RETRY,,0,True,917.83,2.48
rec_71058664353f6b,cust_c93c9cc6668b,pay_21dec97cc41fbc,8,0.745,2,1882.02,INR,card,insufficient_funds,1,1.86,PAYMENT_LINK,,0,True,1882.02,3.31
rec_415d1bd736bf56,cust_b8db0672f42d,pay_77f5f7fecb41c6,13,0.822,2,2608.99,INR,card,payment_method_issue,1,1.93,PAYMENT_LINK,,0,False,0.0,0.0
rec_364c65fef29fee,cust_b8db0672f42d,pay_77f5f7fecb41c6,13,0.822,2,2608.99,INR,card,payment_method_issue,2,10.34,PAYMENT_LINK,PAYMENT_LINK,1,True,2608.99,11.56
rec_b92dd169eb0c4a,cust_ac95adb1ffac,pay_c87d746ba8c7f7,23,0.89,3,11566.67,INR,upi,bank_timeout,1,1.88,RETRY,,0,False,0.0,0.0
rec_f0787539a378da,cust_ac95adb1ffac,pay_c87d746ba8c7f7,23,0.89,3,11566.67,INR,upi,bank_timeout,2,9.01,PAYMENT_LINK,RETRY,1,False,0.0,0.0
rec_782fc7fe12472e,cust_1b3dbd5ce9a1,pay_826a4457642624,26,0.84,4,461.99,INR,card,insufficient_funds,1,0.98,PAYMENT_LINK,,0,False,0.0,0.0
rec_2d59cdbeb72a29,cust_1b3dbd5ce9a1,pay_826a4457642624,26,0.84,4,461.99,INR,card,insufficient_funds,2,17.94,REMINDER,PAYMENT_LINK,1,True,461.99,18.39
rec_a673290c341f40,cust_d88423547613,pay_e699e308f55825,8,0.833,1,2639.89,INR,upi,technical_error,1,0.77,PAYMENT_LINK,,0,False,0.0,0.0
rec_530723d6524a43,cust_d88423547613,pay_e699e308f55825,8,0.833,1,2639.89,INR,upi,technical_error,2,3.33,PAYMENT_LINK,PAYMENT_LINK,1,True,2639.89,3.9
rec_5b9ec6eaf5aafb,cust_e9917f60a8c4,pay_a7caebd8200767,3,0.81,1,404.51,INR,upi,network_error,1,1.09,RETRY,,0,True,404.51,1.33
rec_cf35aa1011aff2,cust_67213a7017d5,pay_8538fae492ecfd,7,0.877,1,5107.83,INR,wallet,network_error,1,1.34,RETRY,,0,True,5107.83,3.73
rec_af058d4c0f7416,cust_5b249c2a9e5c,pay_704c8a7d979556,25,0.757,6,2435.42,INR,netbanking,insufficient_funds,1,1.11,PAYMENT_LINK,,0,True,2435.42,2.89
rec_bb10a38d04aa33,cust_5c39b57dbc0d,pay_fd0a64e4f1eecd,15,0.617,6,7389.65,INR,card,technical_error,1,1.2,RETRY,,0,False,0.0,0.0
rec_1e4010480d428d,cust_5c39b57dbc0d,pay_fd0a64e4f1eecd,15,0.617,6,7389.65,INR,card,technical_error,2,5.04,PAYMENT_LINK,RETRY,1,False,0.0,0.0
rec_4493720916181e,cust_65f30779f6ee,pay_32d35e74fef18c,5,0.338,3,922.67,INR,upi,bank_timeout,1,0.22,RETRY,,0,True,922.67,0.98
rec_cf7aea34658ace,cust_28e333b64e8a,pay_ba257c769e9b9e,13,0.717,4,2444.78,INR,wallet,network_error,1,1.04,PAYMENT_LINK,,0,True,2444.78,3.49
rec_5a46b8d90384b3,cust_46c3c90cc92e,pay_c75ce9d5e8029c,2,0.476,1,7964.32,INR,card,technical_error,1,0.7,PAYMENT_LINK,,0,False,0.0,0.0
rec_f7c06ed2a25f54,cust_f5948a545f80,pay_766bc38c0dc4a7,9,0.368,6,2957.85,INR,upi,network_error,1,1.2,RETRY,,0,False,0.0,0.0
rec_8746a1d4941859,cust_f5948a545f80,pay_766bc38c0dc4a7,9,0.368,6,2957.85,INR,upi,network_error,2,12.14,REMINDER,RETRY,1,False,0.0,0.0
rec_e3a60010c4cf82,cust_f5948a545f80,pay_766bc38c0dc4a7,9,0.368,6,2957.85,INR,upi,network_error,3,14.37,PAYMENT_LINK,REMINDER,2,False,0.0,0.0
rec_32174eb3bbf872,cust_f5948a545f80,pay_766bc38c0dc4a7,9,0.368,6,2957.85,INR,upi,network_error,4,30.57,ESCALATE,PAYMENT_LINK,3,False,0.0,0.0
rec_297011cda352e8,cust_bf51936241a6,pay_feed7741bf2e8e,5,0.797,1,2854.97,INR,netbanking,network_error,1,0.92,REMINDER,,0,False,0.0,0.0
rec_e2f4ae23a8a68f,cust_bf51936241a6,pay_feed7741bf2e8e,5,0.797,1,2854.97,INR,netbanking,network_error,2,10.87,PAYMENT_LINK,REMINDER,1,True,2854.97,10.99
rec_15540165d844f4,cust_a8535961632d,pay_9edb7bfea65b6b,3,0.905,0,2401.09,INR,netbanking,insufficient_funds,1,1.27,RETRY,,0,False,0.0,0.0
rec_0b468e77a20b2d,cust_861b4f5b45a0,pay_19ad302095f052,27,0.708,8,41346.66,INR,card,insufficient_funds,1,0.6,PAYMENT_LINK,,0,False,0.0,0.0
rec_ae0cd662019ffd,cust_861b4f5b45a0,pay_19ad302095f052,27,0.708,8,41346.66,INR,card,insufficient_funds,2,7.53,ESCALATE,PAYMENT_LINK,1,False,0.0,0.0
rec_938de86cd096f7,cust_861b4f5b45a0,pay_19ad302095f052,27,0.708,8,41346.66,INR,card,insufficient_funds,3,17.73,ESCALATE,ESCALATE,2,False,0.0,0.0
rec_8dff277465e105,cust_c05e5adeb303,pay_f0f26d4bb2b89e,2,0.943,0,1847.59,INR,card,authentication_failed,1,1.88,REMINDER,,0,False,0.0,0.0
rec_507f73a0e75e0e,cust_235398a63a6a,pay_7a49c5a7b2e28d,14,0.911,1,9206.61,INR,card,network_error,1,1.41,RETRY,,0,True,9206.61,2.92
rec_eaea27be47a924,cust_41bb0e0d8fff,pay_f45d2018c464ef,2,0.758,0,5717.81,INR,upi,payment_method_issue,1,0.82,PAYMENT_LINK,,0,True,5717.81,1.69
rec_ce1c413867a26d,cust_502ed818013c,pay_8e49a31f70d5af,11,0.789,2,1372.65,INR,upi,bank_timeout,1,0.66,RETRY,,0,False,0.0,0.0
rec_2c5c99d2343aa6,cust_5a0461c9947d,pay_e0ff7f11fd962c,5,0.893,1,397.43,INR,upi,insufficient_funds,1,1.04,PAYMENT_LINK,,0,True,397.43,1.7
rec_15b7f5b10da03d,cust_c4c2e2e3444e,pay_06ee0a6f14f674,1,0.891,0,2785.95,INR,netbanking,authentication_failed,1,1.42,PAYMENT_LINK,,0,False,0.0,0.0
rec_4e35853dcfef5d,cust_c4c2e2e3444e,pay_06ee0a6f14f674,1,0.891,0,2785.95,INR,netbanking,authentication_failed,2,4.86,PAYMENT_LINK,PAYMENT_LINK,1,False,0.0,0.0
rec_18b28c2a6faa52,cust_c4c2e2e3444e,pay_06ee0a6f14f674,1,0.891,0,2785.95,INR,netbanking,authentication_failed,3,14.34,ESCALATE,PAYMENT_LINK,2,True,2785.95,15.16
rec_8248dd9d023d5f,cust_0bd18d4a4cf4,pay_30566dcb212435,10,0.965,0,3508.45,INR,upi,bank_timeout,1,0.71,RETRY,,0,False,0.0,0.0
rec_5cefe17fc95612,cust_0bd18d4a4cf4,pay_30566dcb212435,10,0.965,0,3508.45,INR,upi,bank_timeout,2,18.21,REMINDER,RETRY,1,True,3508.45,18.7
rec_660315844acf11,cust_868592d25fb6,pay_49c113d0b1a4d8,9,0.83,2,967.63,INR,upi,network_error,1,0.22,RETRY,,0,True,967.63,1.05
rec_0684dfaaf9f234,cust_c3963bf97cc9,pay_dcacfce3ebfe21,15,0.738,4,2369.29,INR,card,insufficient_funds,1,0.35,PAYMENT_LINK,,0,True,2369.29,2.68
rec_b02e2a8a053663,cust_1ed072e9f9fc,pay_35451ff03da70b,9,0.892,1,5723.16,INR,upi,insufficient_funds,1,1.21,RETRY,,0,True,5723.16,1.68
rec_21c2c8d0b135f6,cust_9714fadcb3c4,pay_63ae9d8b527a3a,6,0.631,2,8356.6,INR,card,bank_timeout,1,0.68,REMINDER,,0,False,0.0,0.0
rec_3c040d0058a180,cust_0770d18fc916,pay_e87f5e93b7b4b5,1,0.959,0,2710.06,INR,card,technical_error,1,1.78,RETRY,,0,True,2710.06,2.53
rec_ae9330820387bd,cust_054edd713977,pay_e4da0a27669aac,3,0.666,1,10528.52,INR,upi,payment_method_issue,1,1.56,PAYMENT_LINK,,0,True,10528.52,1.64
rec_20b6694a1ef620,cust_47021755f11c,pay_6bd6ba48023130,3,0.725,1,9576.73,INR,upi,authentication_failed,1,0.9,PAYMENT_LINK,,0,True,9576.73,1.32
rec_236031794250bf,cust_b65feea97d82,pay_346da7a805584e,1,0.812,0,5882.23,INR,upi,bank_timeout,1,1.94,PAYMENT_LINK,,0,True,5882.23,3.2
rec_2a013f60aba315,cust_dcc7eb514598,pay_0ed2923dd98344,4,0.826,1,1756.35,INR,netbanking,network_error,1,0.58,RETRY,,0,True,1756.35,2.93
rec_258e95243261f2,cust_b8168aebac6a,pay_f07ee76a808a6e,4,0.706,1,6824.75,INR,netbanking,insufficient_funds,1,1.24,PAYMENT_LINK,,0,True,6824.75,1.52
rec_7a63342b27825d,cust_177d6e7e07d9,pay_723324f33a0e02,11,0.74,3,38328.17,INR,upi,network_error,1,0.44,RETRY,,0,True,38328.17,1.23
rec_dc3c9c95aed2a9,cust_3d1148022702,pay_8413e483fd9371,17,0.338,11,46897.87,INR,upi,unknown,1,1.62,RETRY,,0,False,0.0,0.0
rec_5d5fa7d3ce4ace,cust_3d1148022702,pay_8413e483fd9371,17,0.338,11,46897.87,INR,upi,unknown,2,10.86,PAYMENT_LINK,RETRY,1,False,0.0,0.0
rec_d8bb6fad44d1dc,cust_3d1148022702,pay_8413e483fd9371,17,0.338,11,46897.87,INR,upi,unknown,3,23.22,REMINDER,PAYMENT_LINK,2,False,0.0,0.0
rec_61bfe2a2aa08af,cust_4b88445a1582,pay_e37312a0e79438,33,0.854,5,13984.99,INR,upi,technical_error,1,1.59,RETRY,,0,True,13984.99,2.24
rec_7fb27891363d3b,cust_b95677318a4c,pay_94e111935b110d,5,0.666,2,2732.48,INR,wallet,network_error,1,1.83,PAYMENT_LINK,,0,True,2732.48,2.69
rec_c3167d38613b9a,cust_ea8104ad75e2,pay_3f2423f22f3163,10,0.912,1,2803.7,INR,upi,payment_method_issue,1,0.65,PAYMENT_LINK,,0,True,2803.7,1.41
rec_28848e975a699d,cust_2aa814da56ec,pay_bd04bd9af069a5,14,0.841,2,4078.19,INR,upi,payment_method_issue,1,0.98,PAYMENT_LINK,,0,True,4078.19,3.18
rec_104ad5f205d298,cust_140642a82f61,pay_53e5a913745d4d,4,0.633,1,2635.21,INR,upi,payment_method_issue,1,0.95,PAYMENT_LINK,,0,False,0.0,0.0
rec_9b0198ceca1d42,cust_a267d32fddcb,pay_b18ba37a553bcc,4,0.938,0,1485.95,INR,card,bank_timeout,1,0.31,RETRY,,0,True,1485.95,1.09
rec_fbf13906494f53,cust_c6090b78b597,pay_b591fa73c915de,6,0.856,1,547.5,INR,upi,authentication_failed,1,1.09,REMINDER,,0,True,547.5,1.18
rec_04ac2d09af43dc,cust_781799ffb49e,pay_bafde92fad2787,5,0.556,2,2774.57,INR,upi,bank_timeout,1,0.33,PAYMENT_LINK,,0,True,2774.57,1.16
rec_3854f204bc5401,cust_8e4c3ab56d5d,pay_0e05985231b1cf,36,0.651,13,5068.28,INR,wallet,payment_method_issue,1,0.46,PAYMENT_LINK,,0,False,0.0,0.0
rec_5d6f5520b3a719,cust_00801ed97434,pay_b1c115a6cbc666,15,0.771,3,2368.78,INR,upi,authentication_failed,1,1.73,PAYMENT_LINK,,0,False,0.0,0.0
rec_a46389de2d6b09,cust_00801ed97434,pay_b1c115a6cbc666,15,0.771,3,2368.78,INR,upi,authentication_failed,2,12.77,STOP,PAYMENT_LINK,1,False,0.0,0.0
rec_09fb7b06a10b04,cust_2deb57f96aca,pay_7b214449d563bf,22,0.883,3,1940.42,INR,card,authentication_failed,1,1.78,PAYMENT_LINK,,0,True,1940.42,2.35
rec_7acc0b9c6496f6,cust_3c9ad14cee0c,pay_d49a9c836dca54,26,0.874,3,1360.28,INR,card,bank_timeout,1,0.52,RETRY,,0,True,1360.28,1.97
rec_2a9e48f5ab3d24,cust_9a2fc701f3af,pay_f2f035959cc17f,13,0.716,4,1338.48,INR,netbanking,bank_timeout,1,1.67,RETRY,,0,True,1338.48,1.82
rec_bb52a663a401bc,cust_4588fc1bb238,pay_75998090e34b2d,8,0.851,1,2261.32,INR,wallet,network_error,1,1.1,RETRY,,0,True,2261.32,1.7
rec_11aca8993dcb4a,cust_5cbad4100256,pay_e804f03bb0f8c5,2,0.91,0,4424.09,INR,upi,technical_error,1,0.42,RETRY,,0,False,0.0,0.0
rec_dd181cd2f54987,cust_5cbad4100256,pay_e804f03bb0f8c5,2,0.91,0,4424.09,INR,upi,technical_error,2,16.26,REMINDER,RETRY,1,True,4424.09,16.48
rec_f3e068474d1bcb,cust_b048faa112ae,pay_c1d0d5d4706a9b,8,0.551,4,1830.66,INR,card,insufficient_funds,1,0.31,REMINDER,,0,True,1830.66,1.22
rec_8103ec1598703b,cust_821df2cfd9fc,pay_70bbf07ee80a50,5,0.923,0,2325.75,INR,card,insufficient_funds,1,1.12,REMINDER,,0,False,0.0,0.0
rec_ea00f528008494,cust_84408e983d53,pay_fa244128c1b322,6,0.774,1,642.21,INR,card,bank_timeout,1,1.05,RETRY,,0,True,642.21,1.69
rec_689b6250bb81b6,cust_d145bd7fd15b,pay_c837777b15dc31,19,0.748,5,288.48,INR,netbanking,insufficient_funds,1,0.55,ESCALATE,,0,False,0.0,0.0
rec_3530d6270c33d1,cust_d145bd7fd15b,pay_c837777b15dc31,19,0.748,5,288.48,INR,netbanking,insufficient_funds,2,5.8,REMINDER,ESCALATE,1,True,288.48,7.17
rec_599a9bbbb18e29,cust_87365a84725e,pay_83e49c59bbae6a,4,0.944,0,755.82,INR,upi,bank_timeout,1,1.0,RETRY,,0,False,0.0,0.0
rec_e9e4b54684c927,cust_87365a84725e,pay_83e49c59bbae6a,4,0.944,0,755.82,INR,upi,bank_timeout,2,14.62,PAYMENT_LINK,RETRY,1,True,755.82,15.85
rec_918603e47308fb,cust_1e850f8015c2,pay_485e64bd4a4855,9,0.823,2,10348.02,INR,upi,insufficient_funds,1,1.65,PAYMENT_LINK,,0,False,0.0,0.0
rec_37fcb2611ee021,cust_1e850f8015c2,pay_485e64bd4a4855,9,0.823,2,10348.02,INR,upi,insufficient_funds,2,15.98,REMINDER,PAYMENT_LINK,1,True,10348.02,16.04
rec_7e0a0d488b6b40,cust_fdf02450585b,pay_2a512130de5aba,1,0.4,1,1251.34,INR,netbanking,bank_timeout,1,1.96,PAYMENT_LINK,,0,False,0.0,0.0
rec_8013d6242d41f3,cust_fdf02450585b,pay_2a512130de5aba,1,0.4,1,1251.34,INR,netbanking,bank_timeout,2,12.24,ESCALATE,PAYMENT_LINK,1,False,0.0,0.0
rec_2ba3e7a02bde5b,cust_78ef7666b7a4,pay_294e9c0df14c8b,10,0.715,3,4955.33,INR,upi,unknown,1,1.6,PAYMENT_LINK,,0,True,4955.33,2.07
rec_e2238e522f003d,cust_a8f8687bb766,pay_9b9b1dcb1a2796,15,0.607,6,1086.38,INR,card,unknown,1,1.06,RETRY,,0,False,0.0,0.0
rec_274a95b21e21b7,cust_a505da9c46e7,pay_196c6dc8e503d7,6,0.388,4,6193.52,INR,upi,bank_timeout,1,0.6,RETRY,,0,True,6193.52,1.03
rec_79bf3ba7fdf109,cust_d8914adf341c,pay_6e58fe096b3d90,7,0.932,0,37117.0,INR,upi,bank_timeout,1,1.95,RETRY,,0,True,37117.0,3.51
rec_1983d809f875f5,cust_ad5229dd639f,pay_e3f98b20e2f406,1,0.767,0,11511.38,INR,card,bank_timeout,1,1.5,RETRY,,0,True,11511.38,2.93
rec_673466fdefa60f,cust_8d5480389a26,pay_2742dc479fa76f,3,0.933,0,2219.86,INR,card,authentication_failed,1,0.91,PAYMENT_LINK,,0,True,2219.86,2.36
rec_d05f2c4ab53484,cust_a832a2288c65,pay_ce7634fda2425f,5,0.836,1,44203.43,INR,upi,bank_timeout,1,1.77,RETRY,,0,False,0.0,0.0
rec_1e1e48d7cfcf99,cust_d81861124cde,pay_dd1d9f3a23a20b,6,0.742,2,24908.09,INR,upi,authentication_failed,1,0.71,PAYMENT_LINK,,0,False,0.0,0.0
rec_548dea6221ec50,cust_cab214388557,pay_2b32ae3b79938d,5,0.88,1,2663.7,INR,upi,authentication_failed,1,0.79,PAYMENT_LINK,,0,True,2663.7,1.95
rec_2e5735a66d1c46,cust_22f9cafe2eb2,pay_2604cb7f70b806,17,0.432,10,1249.46,INR,upi,authentication_failed,1,1.17,PAYMENT_LINK,,0,True,1249.46,1.71
rec_463371f563e227,cust_01aec50599a0,pay_03557f4f4c86fe,11,0.815,2,8205.13,INR,netbanking,bank_timeout,1,0.5,RETRY,,0,False,0.0,0.0
rec_4036d3f74dbfba,cust_01aec50599a0,pay_03557f4f4c86fe,11,0.815,2,8205.13,INR,netbanking,bank_timeout,2,11.02,PAYMENT_LINK,RETRY,1,True,8205.13,12.62
rec_2074bfceced0e3,cust_9fbeffb3a8e3,pay_e9b165f7147043,2,0.765,0,25758.81,INR,card,network_error,1,0.72,RETRY,,0,True,25758.81,2.34
rec_67f85205a27e6f,cust_3610901c2196,pay_b5862dd808b0a7,31,0.764,7,2543.74,INR,card,insufficient_funds,1,0.22,REMINDER,,0,False,0.0,0.0
rec_89f4620559a15e,cust_3610901c2196,pay_b5862dd808b0a7,31,0.764,7,2543.74,INR,card,insufficient_funds,2,5.25,REMINDER,REMINDER,1,False,0.0,0.0
rec_088ab3fdf7eb00,cust_475287aa5408,pay_f215bf1ea93ecc,20,0.707,6,5365.73,INR,card,network_error,1,1.03,RETRY,,0,True,5365.73,3.36
rec_7c80c0679afc00,cust_82c299f07487,pay_ec9e0dae33738b,1,0.861,0,9799.5,INR,card,network_error,1,1.95,RETRY,,0,True,9799.5,3.29
rec_6797e7d69fb731,cust_e4ffc31a5b86,pay_31cbfd1451ed6f,1,0.542,0,8314.01,INR,upi,unknown,1,1.87,PAYMENT_LINK,,0,False,0.0,0.0
rec_8dbe7f9981e374,cust_e4ffc31a5b86,pay_31cbfd1451ed6f,1,0.542,0,8314.01,INR,upi,unknown,2,9.15,PAYMENT_LINK,PAYMENT_LINK,1,False,0.0,0.0
rec_156005492e41c9,cust_e4ffc31a5b86,pay_31cbfd1451ed6f,1,0.542,0,8314.01,INR,upi,unknown,3,18.28,ESCALATE,PAYMENT_LINK,2,False,0.0,0.0
rec_8d576dc656db94,cust_e13a14ca5911,pay_52ac3c4dc3c416,11,0.716,3,1490.86,INR,netbanking,payment_method_issue,1,0.98,PAYMENT_LINK,,0,False,0.0,0.0
rec_525e648cd308d6,cust_da78f4c526b3,pay_ca95ad7e8a50c1,6,0.946,0,1358.73,INR,upi,network_error,1,1.86,RETRY,,0,True,1358.73,4.3
rec_d27d0ee30e8ce9,cust_f7b217c7ae92,pay_e9df0e420d1fcd,8,0.446,4,1997.83,INR,netbanking,unknown,1,0.41,REMINDER,,0,False,0.0,0.0
rec_8eea2b850b8ada,cust_f7b217c7ae92,pay_e9df0e420d1fcd,8,0.446,4,1997.83,INR,netbanking,unknown,2,8.29,REMINDER,REMINDER,1,False,0.0,0.0
rec_7c1f52af3d1efb,cust_b9787c4b09aa,pay_6c2054bd1a189d,7,0.762,2,9931.71,INR,netbanking,payment_method_issue,1,0.17,PAYMENT_LINK,,0,True,9931.71,2.13
rec_93f56c98ee591b,cust_ef10b6ccdcaa,pay_83e6c80f35e97e,20,0.813,4,2230.92,INR,card,authentication_failed,1,0.6,PAYMENT_LINK,,0,False,0.0,0.0
rec_0571f3629140d9,cust_0ceaaf73aced,pay_a15374b0f6257e,5,0.736,1,221.36,INR,netbanking,insufficient_funds,1,0.93,REMINDER,,0,True,221.36,2.69
rec_41bf7a21cbd0e8,cust_39d119508a45,pay_0a0c4ea60007e2,7,0.594,3,2707.47,INR,upi,insufficient_funds,1,1.71,PAYMENT_LINK,,0,False,0.0,0.0
rec_f90e9670643804,cust_39d119508a45,pay_0a0c4ea60007e2,7,0.594,3,2707.47,INR,upi,insufficient_funds,2,8.65,REMINDER,PAYMENT_LINK,1,False,0.0,0.0
rec_5c8ebe831dce69,cust_9b0e70ad922b,pay_69fb1ff4c7356b,1,0.526,0,612.61,INR,upi,network_error,1,1.87,RETRY,,0,True,612.61,2.25
rec_22e465b949e39b,cust_5b923c671295,pay_fc9b3cb353e3f0,12,0.864,2,2695.95,INR,wallet,bank_timeout,1,1.23,RETRY,,0,False,0.0,0.0
rec_c38b34900c6750,cust_5b923c671295,pay_fc9b3cb353e3f0,12,0.864,2,2695.95,INR,wallet,bank_timeout,2,12.93,RETRY,RETRY,1,True,2695.95,13.04
rec_52cce092be4d31,cust_aa5f8dfca0b3,pay_7601e58e704363,20,0.499,10,11159.09,INR,card,bank_timeout,1,0.52,REMINDER,,0,False,0.0,0.0
rec_21cc9e40edbbf6,cust_aa5f8dfca0b3,pay_7601e58e704363,20,0.499,10,11159.09,INR,card,bank_timeout,2,2.67,REMINDER,REMINDER,1,False,0.0,0.0
rec_45d0582a39ec36,cust_aa5f8dfca0b3,pay_7601e58e704363,20,0.499,10,11159.09,INR,card,bank_timeout,3,20.04,PAYMENT_LINK,REMINDER,2,False,0.0,0.0
rec_d6f6df7807a250,cust_aa5f8dfca0b3,pay_7601e58e704363,20,0.499,10,11159.09,INR,card,bank_timeout,4,31.62,ESCALATE,PAYMENT_LINK,3,True,11159.09,32.87
rec_ac893a937431ef,cust_7808a00402a4,pay_1ac6439759331d,29,0.892,3,1262.35,INR,upi,network_error,1,1.42,RETRY,,0,True,1262.35,3.8
rec_aa992e21a7d050,cust_a902b73fcf39,pay_71fc0ef521732b,4,0.569,2,288.98,INR,netbanking,insufficient_funds,1,1.29,ESCALATE,,0,True,288.98,2.22
rec_f19a40ba3c9392,cust_398d1ca68b68,pay_99a8e218a85fdb,12,0.961,0,8100.58,INR,card,payment_method_issue,1,1.22,PAYMENT_LINK,,0,True,8100.58,3.48
rec_5023de4c42819c,cust_299094c090cb,pay_45860ec85d6357,7,0.958,0,1565.43,INR,card,unknown,1,1.73,RETRY,,0,False,0.0,0.0
rec_8b976174811f51,cust_299094c090cb,pay_45860ec85d6357,7,0.958,0,1565.43,INR,card,unknown,2,6.1,RETRY,RETRY,1,True,1565.43,6.24
rec_68417a4e494b09,cust_c241330b01a9,pay_3f344fe712a50d,10,0.865,1,8716.48,INR,card,insufficient_funds,1,0.35,RETRY,,0,False,0.0,0.0
rec_623e9304846844,cust_957edc3cbdf7,pay_14b34d3724eecf,1,0.934,0,368.31,INR,card,insufficient_funds,1,0.67,RETRY,,0,False,0.0,0.0
rec_24c0b72abb6c36,cust_42f525b902ed,pay_f3e646db0e1ecc,17,0.383,10,5900.12,INR,card,technical_error,1,0.97,REMINDER,,0,False,0.0,0.0
rec_c70b5f7cf69309,cust_8d9957fa76fe,pay_69576502a50670,17,0.732,5,10518.98,INR,upi,bank_timeout,1,0.82,RETRY,,0,True,10518.98,1.46
rec_856412864e6112,cust_aa03081bd498,pay_8fc153a5f26dd9,14,0.947,1,8182.03,INR,netbanking,payment_method_issue,1,0.26,REMINDER,,0,True,8182.03,1.45
rec_b25e91cb27eeb6,cust_7fcd9eb1a7ca,pay_64074bcf725864,3,0.636,1,2649.83,INR,netbanking,insufficient_funds,1,0.51,RETRY,,0,False,0.0,0.0
rec_db59e03d3b5d00,cust_114890547b6c,pay_20a3a6c3ddb98d,13,0.39,8,1390.76,INR,upi,insufficient_funds,1,0.5,REMINDER,,0,False,0.0,0.0
rec_8a9b7add15c876,cust_3d175712d8b2,pay_41b1419e692ce8,14,0.896,1,1216.72,INR,upi,bank_timeout,1,1.11,REMINDER,,0,False,0.0,0.0
rec_e6dd64f0d06709,cust_3d175712d8b2,pay_41b1419e692ce8,14,0.896,1,1216.72,INR,upi,bank_timeout,2,8.16,PAYMENT_LINK,REMINDER,1,True,1216.72,9.42
rec_d6bbf24c947449,cust_7b3a4e3e7c52,pay_3764a51b45393c,42,0.623,16,1216.99,INR,card,authentication_failed,1,1.65,REMINDER,,0,False,0.0,0.0
rec_f4f27409e08cb5,cust_7b3a4e3e7c52,pay_3764a51b45393c,42,0.623,16,1216.99,INR,card,authentication_failed,2,10.19,PAYMENT_LINK,REMINDER,1,False,0.0,0.0
rec_e2d79fd9c4a66e,cust_b86d066b1ba8,pay_5fa028dd646d5c,4,0.719,1,2076.86,INR,card,insufficient_funds,1,1.71,REMINDER,,0,True,2076.86,2.66
rec_c3561acd2fe0f6,cust_339b77a84b1f,pay_7e62f2677e87df,21,0.917,2,441.01,INR,card,technical_error,1,0.35,RETRY,,0,False,0.0,0.0
rec_30deb85f2cb87a,cust_339b77a84b1f,pay_7e62f2677e87df,21,0.917,2,441.01,INR,card,technical_error,2,15.91,PAYMENT_LINK,RETRY,1,True,441.01,17.46
rec_1ec5dd64386ce5,cust_ba2c98ce0b19,pay_8c297bba9becc3,9,0.841,1,2128.34,INR,card,bank_timeout,1,1.84,RETRY,,0,False,0.0,0.0
rec_4c2c39d1a1b7f5,cust_0d557b618a17,pay_84702ee33ed17f,22,0.723,6,2901.87,INR,card,network_error,1,1.99,RETRY,,0,True,2901.87,2.57
rec_cf8513c7ec7d59,cust_e8b45c6afee5,pay_0ff9284637bad4,5,0.847,1,9453.65,INR,upi,unknown,1,0.78,REMINDER,,0,False,0.0,0.0
rec_ffdcf511521926,cust_9f8acdeb2e8f,pay_9f3cc0f6e89467,22,0.922,2,388.93,INR,upi,payment_method_issue,1,1.18,PAYMENT_LINK,,0,True,388.93,2.43
rec_9fc2810b1d4d34,cust_07f97d05f6ca,pay_c611858dab59c3,19,0.479,10,10887.04,INR,card,technical_error,1,1.89,RETRY,,0,False,0.0,0.0
rec_b772f4bdee00c8,cust_07f97d05f6ca,pay_c611858dab59c3,19,0.479,10,10887.04,INR,card,technical_error,2,4.23,PAYMENT_LINK,RETRY,1,False,0.0,0.0
rec_161decbe1aba02,cust_dc956e310349,pay_18ccf282cda0fd,2,0.743,1,2805.35,INR,netbanking,authentication_failed,1,0.33,REMINDER,,0,False,0.0,0.0
rec_d5788ef67039ac,cust_dc956e310349,pay_18ccf282cda0fd,2,0.743,1,2805.35,INR,netbanking,authentication_failed,2,8.29,REMINDER,REMINDER,1,True,2805.35,9.54
rec_e059a5e6a395a2,cust_ff408dcc9db1,pay_1445dde0d2dae1,10,0.883,1,10939.89,INR,upi,authentication_failed,1,0.78,REMINDER,,0,True,10939.89,0.98
rec_c685400ff032be,cust_eca04629e05b,pay_c4abff609fff35,13,0.786,3,27863.7,INR,card,insufficient_funds,1,0.73,PAYMENT_LINK,,0,False,0.0,0.0
rec_5d8e394973a026,cust_788fd0cd65c0,pay_94fc14f015644b,5,0.936,0,9231.96,INR,upi,bank_timeout,1,1.44,PAYMENT_LINK,,0,True,9231.96,2.09
rec_fe757cec345021,cust_94f79dbac581,pay_3d76c0bc2e523a,19,0.905,2,10262.2,INR,card,insufficient_funds,1,1.27,REMINDER,,0,True,10262.2,3.07
rec_7473c3fabaf54e,cust_43d88870f81d,pay_f1fef266c66f61,7,0.743,2,359.77,INR,upi,technical_error,1,0.85,RETRY,,0,True,359.77,2.6
rec_5be837b9260c53,cust_2fb504019d26,pay_7eb410ff899064,10,0.912,1,2581.46,INR,card,network_error,1,0.67,RETRY,,0,True,2581.46,0.98
rec_daae115be5fe9c,cust_5c65a65c0f8a,pay_93ce40d5ee4531,9,0.285,6,739.66,INR,netbanking,bank_timeout,1,1.34,REMINDER,,0,False,0.0,0.0
rec_ae858270d60b79,cust_5c65a65c0f8a,pay_93ce40d5ee4531,9,0.285,6,739.66,INR,netbanking,bank_timeout,2,9.93,ESCALATE,REMINDER,1,False,0.0,0.0
rec_b0a0bf908c5f31,cust_5c65a65c0f8a,pay_93ce40d5ee4531,9,0.285,6,739.66,INR,netbanking,bank_timeout,3,18.08,PAYMENT_LINK,ESCALATE,2,False,0.0,0.0
rec_400d1df1d9a7ca,cust_0212b5544644,pay_e79690b5554204,60,0.974,2,20888.87,INR,upi,authentication_failed,1,0.12,PAYMENT_LINK,,0,True,20888.87,2.2
rec_6f0c1276c1ee4b,cust_d315fafa7500,pay_46eaa920849dda,12,0.96,0,1042.7,INR,card,bank_timeout,1,1.47,RETRY,,0,True,1042.7,2.88
rec_7d211ec770a753,cust_54170a17caaa,pay_973365d272df95,11,0.386,7,2233.69,INR,netbanking,bank_timeout,1,0.61,RETRY,,0,False,0.0,0.0
rec_f76b0cfbc21913,cust_54170a17caaa,pay_973365d272df95,11,0.386,7,2233.69,INR,netbanking,bank_timeout,2,7.36,PAYMENT_LINK,RETRY,1,False,0.0,0.0
rec_d5961011332cbc,cust_54170a17caaa,pay_973365d272df95,11,0.386,7,2233.69,INR,netbanking,bank_timeout,3,18.27,PAYMENT_LINK,PAYMENT_LINK,2,False,0.0,0.0
rec_42125fadb0372c,cust_07f97d05f6ca,pay_84d21b65ab94d7,19,0.479,10,1127.71,INR,netbanking,unknown,1,2.0,RETRY,,0,False,0.0,0.0
rec_c7f9ddefde45cb,cust_ff408dcc9db1,pay_fc58282f4fbe1f,10,0.883,1,1655.56,INR,wallet,technical_error,1,1.34,REMINDER,,0,True,1655.56,3.59
rec_e30950f97a1028,cust_aaf915310200,pay_2e94230ef93298,15,0.976,0,1447.65,INR,upi,authentication_failed,1,0.11,PAYMENT_LINK,,0,False,0.0,0.0
rec_4e2de816bbe325,cust_cd649aff445f,pay_afcd7530e13961,7,0.628,3,9554.5,INR,card,bank_timeout,1,0.26,RETRY,,0,True,9554.5,2.08
rec_d5ec5cd55be1ab,cust_f7b217c7ae92,pay_47fe9e97f87d7a,8,0.446,4,2801.01,INR,card,bank_timeout,1,1.67,RETRY,,0,True,2801.01,3.97
rec_9f70d721bb11f5,cust_8861fe1858e2,pay_a9cef0b45059f0,12,0.975,0,5158.95,INR,card,insufficient_funds,1,1.18,PAYMENT_LINK,,0,False,0.0,0.0
rec_e0056459b1d9de,cust_8861fe1858e2,pay_a9cef0b45059f0,12,0.975,0,5158.95,INR,card,insufficient_funds,2,17.9,REMINDER,PAYMENT_LINK,1,False,0.0,0.0
rec_df2738ac4fc5e0,cust_4663f1a104db,pay_b5b18f5038484e,28,0.962,1,5786.24,INR,netbanking,network_error,1,0.57,RETRY,,0,True,5786.24,1.82
rec_14eb391f9a6cb0,cust_dec56dc3ad96,pay_a5b6e36380e402,2,0.544,1,2039.56,INR,card,payment_method_issue,1,0.86,PAYMENT_LINK,,0,False,0.0,0.0
rec_e2438eed42ba45,cust_a65be22bd5a3,pay_82b9d513610e24,20,0.809,4,1894.65,INR,upi,bank_timeout,1,0.78,RETRY,,0,True,1894.65,3.09
rec_047ed8e7e4290f,cust_7df373789f6c,pay_fcc9feef453020,5,0.873,1,1188.43,INR,wallet,payment_method_issue,1,0.91,REMINDER,,0,False,0.0,0.0
rec_42bd4edf3f8eac,cust_7df373789f6c,pay_fcc9feef453020,5,0.873,1,1188.43,INR,wallet,payment_method_issue,2,10.24,ESCALATE,REMINDER,1,False,0.0,0.0
rec_0d7ea6a9d88bae,cust_cccf41302556,pay_3756a92490b583,4,0.821,1,2065.79,INR,card,technical_error,1,0.31,RETRY,,0,False,0.0,0.0
rec_6d4998ea914c59,cust_cccf41302556,pay_3756a92490b583,4,0.821,1,2065.79,INR,card,technical_error,2,11.81,STOP,RETRY,1,False,0.0,0.0
rec_61c39c134ff036,cust_8bae295e902a,pay_d1aef695bd5433,18,0.903,2,2334.8,INR,card,insufficient_funds,1,1.84,PAYMENT_LINK,,0,False,0.0,0.0
rec_964b181d825e30,cust_8bae295e902a,pay_d1aef695bd5433,18,0.903,2,2334.8,INR,card,insufficient_funds,2,11.61,REMINDER,PAYMENT_LINK,1,True,2334.8,13.45
rec_c2b3091c1583fa,cust_277fecc6196b,pay_19d602269d790e,5,0.842,1,8783.53,INR,card,insufficient_funds,1,0.51,REMINDER,,0,True,8783.53,0.68
rec_10351edf751f88,cust_295294200ba4,pay_83c2366ea8c826,6,0.864,1,2130.52,INR,netbanking,insufficient_funds,1,1.66,PAYMENT_LINK,,0,True,2130.52,2.81
rec_1d28b88bb6a846,cust_479d0cdaf396,pay_4042a66140d574,7,0.837,1,8968.48,INR,wallet,insufficient_funds,1,1.25,REMINDER,,0,True,8968.48,3.17
rec_b2c1b2e1e33cea,cust_7b3cfc106bc7,pay_76597666ac5b60,3,0.878,0,2490.46,INR,card,insufficient_funds,1,1.2,RETRY,,0,False,0.0,0.0
rec_ea4689ca1f4589,cust_7b3cfc106bc7,pay_76597666ac5b60,3,0.878,0,2490.46,INR,card,insufficient_funds,2,12.83,REMINDER,RETRY,1,False,0.0,0.0
rec_a4be23f090d26d,cust_863417182ba6,pay_218b8dbb4fbebd,18,0.902,2,1441.89,INR,card,insufficient_funds,1,1.97,REMINDER,,0,True,1441.89,4.08
rec_edc9ebbb9517b4,cust_8f3dc97fe6b0,pay_8f412ef907ab04,6,0.809,1,2280.21,INR,card,network_error,1,0.53,RETRY,,0,True,2280.21,0.65
rec_667d35642dbef9,cust_746b161a31cc,pay_1eda3c66c200bb,6,0.372,4,11670.15,INR,upi,insufficient_funds,1,1.37,REMINDER,,0,False,0.0,0.0
rec_02046c6e12406a,cust_746b161a31cc,pay_1eda3c66c200bb,6,0.372,4,11670.15,INR,upi,insufficient_funds,2,15.76,PAYMENT_LINK,REMINDER,1,False,0.0,0.0
rec_d5a19fbcd4899b,cust_0a1bebd3e60e,pay_44bffe4a0d8368,3,0.8,1,41412.69,INR,upi,insufficient_funds,1,1.41,RETRY,,0,False,0.0,0.0
rec_5c22fb84da2dd7,cust_0a1bebd3e60e,pay_44bffe4a0d8368,3,0.8,1,41412.69,INR,upi,insufficient_funds,2,9.61,PAYMENT_LINK,RETRY,1,False,0.0,0.0
rec_136bd3cb484f32,cust_f17aa7a9243d,pay_80b2c62c886572,9,0.798,2,27139.56,INR,upi,bank_timeout,1,1.46,REMINDER,,0,False,0.0,0.0
rec_e51e32b29a2d75,cust_f17aa7a9243d,pay_80b2c62c886572,9,0.798,2,27139.56,INR,upi,bank_timeout,2,19.31,PAYMENT_LINK,REMINDER,1,True,27139.56,20.76
rec_e263cf76cb9bd7,cust_3332432b3d10,pay_6451fba0b4bfd7,18,0.96,1,599.95,INR,card,insufficient_funds,1,1.45,PAYMENT_LINK,,0,True,599.95,3.57
rec_6e3de4eb919772,cust_4797b2c95720,pay_1a4673ec782375,23,0.759,6,6892.08,INR,netbanking,authentication_failed,1,1.05,PAYMENT_LINK,,0,True,6892.08,1.21
rec_eb01bebd8dcc57,cust_a21b030782af,pay_9c211b0792c6b4,5,0.793,1,884.47,INR,netbanking,authentication_failed,1,1.8,REMINDER,,0,True,884.47,3.83
rec_9ca2a477dfdf52,cust_c0ba22a47213,pay_86d6dc2f7080e2,3,0.905,0,5077.35,INR,card,authentication_failed,1,1.56,REMINDER,,0,True,5077.35,3.18
rec_fbf8ebdc490f93,cust_f5948a545f80,pay_058709efbb4544,9,0.368,6,1715.91,INR,netbanking,network_error,1,1.97,RETRY,,0,False,0.0,0.0
rec_88f9a6946498e2,cust_f5948a545f80,pay_058709efbb4544,9,0.368,6,1715.91,INR,netbanking,network_error,2,6.09,STOP,RETRY,1,False,0.0,0.0
rec_0a103b4d2586c0,cust_abe42e7db96c,pay_02306382864483,12,0.333,8,7069.03,INR,upi,authentication_failed,1,0.71,PAYMENT_LINK,,0,True,7069.03,1.75
rec_cbd8ffbd249904,cust_226cbc6a7fe5,pay_60ba3923539a75,39,0.926,3,1290.53,INR,upi,network_error,1,0.5,RETRY,,0,True,1290.53,0.83
rec_07d9b67de75a8e,cust_a48e40f1d042,pay_dc6cd1e535f73c,16,0.712,5,994.66,INR,upi,bank_timeout,1,0.54,REMINDER,,0,False,0.0,0.0
rec_7f964fb437044d,cust_a48e40f1d042,pay_dc6cd1e535f73c,16,0.712,5,994.66,INR,upi,bank_timeout,2,7.38,REMINDER,REMINDER,1,False,0.0,0.0
rec_14afc60e01c045,cust_0c754a170131,pay_336d24493b53e5,28,0.786,6,1451.6,INR,upi,technical_error,1,1.51,RETRY,,0,False,0.0,0.0
rec_279efe299e7c8f,cust_0c754a170131,pay_336d24493b53e5,28,0.786,6,1451.6,INR,upi,technical_error,2,6.37,PAYMENT_LINK,RETRY,1,False,0.0,0.0
rec_4bf49d13b4b605,cust_398d1ca68b68,pay_03b567e771a60d,12,0.961,0,5889.89,INR,upi,insufficient_funds,1,0.11,PAYMENT_LINK,,0,False,0.0,0.0
rec_27c9407b9a9ea8,cust_398d1ca68b68,pay_03b567e771a60d,12,0.961,0,5889.89,INR,upi,insufficient_funds,2,11.74,PAYMENT_LINK,PAYMENT_LINK,1,False,0.0,0.0
rec_af68949fb6d994,cust_86433603c92a,pay_946f2d6669571f,9,0.664,3,1073.01,INR,card,technical_error,1,1.57,RETRY,,0,False,0.0,0.0
rec_bf47601574bb89,cust_86433603c92a,pay_946f2d6669571f,9,0.664,3,1073.01,INR,card,technical_error,2,7.06,PAYMENT_LINK,RETRY,1,True,1073.01,7.69
rec_b8543f00ab6c0b,cust_5efeef4fd8dd,pay_11f5e4366792f7,4,0.881,0,2836.92,INR,card,network_error,1,0.25,RETRY,,0,False,0.0,0.0
rec_104119143c678a,cust_6c4596f6c012,pay_1323cd2fa52c74,5,0.799,1,2157.48,INR,upi,insufficient_funds,1,1.81,RETRY,,0,False,0.0,0.0
rec_57cb72d7dedf2f,cust_6c4596f6c012,pay_1323cd2fa52c74,5,0.799,1,2157.48,INR,upi,insufficient_funds,2,15.69,REMINDER,RETRY,1,False,0.0,0.0
rec_0aba474a25ae00,cust_6c4596f6c012,pay_1323cd2fa52c74,5,0.799,1,2157.48,INR,upi,insufficient_funds,3,29.11,REMINDER,REMINDER,2,False,0.0,0.0
rec_eaa42132ac35d1,cust_bca6a6b093b0,pay_8f3e3c81ae0d01,2,0.939,0,1649.03,INR,card,bank_timeout,1,0.4,PAYMENT_LINK,,0,False,0.0,0.0
rec_40185c5944f88f,cust_afe3af138917,pay_84d2341270979e,10,0.61,4,295.93,INR,upi,network_error,1,0.61,REMINDER,,0,False,0.0,0.0
rec_309764c8a3e285,cust_6d84414df541,pay_444781be237f54,2,0.444,1,1039.24,INR,netbanking,authentication_failed,1,1.14,PAYMENT_LINK,,0,True,1039.24,2.62
rec_f82927fe3d65c3,cust_3b1723197f4d,pay_e9ab66d4706d9e,4,0.73,1,2624.11,INR,card,authentication_failed,1,1.5,PAYMENT_LINK,,0,False,0.0,0.0
rec_d9a1cf95fbabb5,cust_3b1723197f4d,pay_e9ab66d4706d9e,4,0.73,1,2624.11,INR,card,authentication_failed,2,8.46,PAYMENT_LINK,PAYMENT_LINK,1,False,0.0,0.0
rec_c99dcf2477d05d,cust_8da03d880c6f,pay_afd66de49b5f41,38,0.84,6,496.88,INR,netbanking,network_error,1,0.91,RETRY,,0,True,496.88,2.3
rec_c4b573622b8e69,cust_4968fdf25760,pay_6a3eda909c694a,7,0.769,2,1512.28,INR,upi,authentication_failed,1,1.43,PAYMENT_LINK,,0,False,0.0,0.0
rec_f2ff7a3b0edc17,cust_4968fdf25760,pay_6a3eda909c694a,7,0.769,2,1512.28,INR,upi,authentication_failed,2,12.82,PAYMENT_LINK,PAYMENT_LINK,1,False,0.0,0.0
rec_5333f19ed6cb96,cust_10cc460428b2,pay_07706e2ab8ef5a,18,0.611,7,2853.12,INR,card,authentication_failed,1,0.44,PAYMENT_LINK,,0,True,2853.12,1.5
rec_d7d306135f96a3,cust_38e59b2716dc,pay_cb4bdbe6e46a92,18,0.89,2,7624.25,INR,wallet,insufficient_funds,1,1.83,RETRY,,0,False,0.0,0.0
rec_fff8e63aa87e6f,cust_38e59b2716dc,pay_cb4bdbe6e46a92,18,0.89,2,7624.25,INR,wallet,insufficient_funds,2,4.52,PAYMENT_LINK,RETRY,1,False,0.0,0.0
rec_4866fa2cc27b99,cust_38e59b2716dc,pay_cb4bdbe6e46a92,18,0.89,2,7624.25,INR,wallet,insufficient_funds,3,7.91,ESCALATE,PAYMENT_LINK,2,True,7624.25,8.6
rec_3b10f93a3ba164,cust_0cd620c20ea2,pay_70a4f7e1d42aaa,42,0.852,6,2500.32,INR,card,bank_timeout,1,0.53,RETRY,,0,False,0.0,0.0
rec_dbd30172cdff0a,cust_1eac41d9801f,pay_dc9859940df392,11,0.281,8,2781.63,INR,card,authentication_failed,1,1.01,PAYMENT_LINK,,0,True,2781.63,2.39
rec_feca6f4d81ec3c,cust_bbb24366704f,pay_ab52c00f4f69da,48,0.912,4,2470.81,INR,upi,insufficient_funds,1,0.2,RETRY,,0,False,0.0,0.0
rec_4796ccf4d6d76a,cust_bbb24366704f,pay_ab52c00f4f69da,48,0.912,4,2470.81,INR,upi,insufficient_funds,2,8.49,PAYMENT_LINK,RETRY,1,True,2470.81,8.78
rec_4b8b4d2da04e69,cust_e14e21f714f1,pay_1cbfccf0e8f455,7,0.701,2,8830.65,INR,upi,bank_timeout,1,0.68,RETRY,,0,False,0.0,0.0
rec_598d32a8fc4bf5,cust_8e4c3ab56d5d,pay_45b0bb740e73d2,36,0.651,13,4952.91,INR,netbanking,network_error,1,1.7,RETRY,,0,True,4952.91,2.04
rec_406065cec42455,cust_142c3fe860e7,pay_201c474e6e083a,20,0.85,3,6246.06,INR,netbanking,network_error,1,1.49,RETRY,,0,True,6246.06,3.9
rec_574ce1d08d296b,cust_5c65a65c0f8a,pay_36b7c25e3cfb35,9,0.285,6,2479.14,INR,netbanking,technical_error,1,1.42,PAYMENT_LINK,,0,False,0.0,0.0
rec_732d5b012729a9,cust_6786d50638ba,pay_230364bee43554,13,0.922,1,1686.88,INR,card,authentication_failed,1,0.66,REMINDER,,0,False,0.0,0.0
rec_47ad3248be3746,cust_6786d50638ba,pay_230364bee43554,13,0.922,1,1686.88,INR,card,authentication_failed,2,12.16,PAYMENT_LINK,REMINDER,1,False,0.0,0.0
rec_edd409d581a660,cust_a5d04d531e12,pay_5ea56ff6aeeaff,2,0.652,1,8347.56,INR,card,bank_timeout,1,0.42,RETRY,,0,False,0.0,0.0
rec_eda4ed77dabd36,cust_23e2fcb472d8,pay_71dfe9add258a4,5,0.359,3,10214.16,INR,upi,authentication_failed,1,0.29,REMINDER,,0,False,0.0,0.0
rec_fb68460a7e8b52,cust_9dbc15c02a7d,pay_b9ea64109b5bfd,11,0.899,1,767.15,INR,card,insufficient_funds,1,1.34,REMINDER,,0,True,767.15,3.66
rec_8a2a9c24db484e,cust_94fd0594ecf9,pay_2f578774cbbcd7,7,0.855,1,18026.08,INR,wallet,payment_method_issue,1,1.32,PAYMENT_LINK,,0,True,18026.08,2.58
rec_844d1991b40ae2,cust_b00ac64c949c,pay_0b8c8219a3984e,1,0.843,0,1768.78,INR,wallet,insufficient_funds,1,1.95,REMINDER,,0,False,0.0,0.0
rec_8fac6a8ea0d694,cust_b00ac64c949c,pay_0b8c8219a3984e,1,0.843,0,1768.78,INR,wallet,insufficient_funds,2,15.51,ESCALATE,REMINDER,1,False,0.0,0.0
rec_e0157b42474796,cust_bf85bf0ead64,pay_cdf8a63d28fbd8,5,0.818,1,706.49,INR,upi,authentication_failed,1,1.76,PAYMENT_LINK,,0,True,706.49,2.38
rec_d4254c1a5e6319,cust_115c42cd5147,pay_2fd9577cee1273,45,0.961,2,1939.36,INR,upi,technical_error,1,1.51,RETRY,,0,False,0.0,0.0
rec_912f5de4e778f4,cust_4849032c4875,pay_771e3708a6653b,56,0.809,11,901.82,INR,card,network_error,1,1.5,RETRY,,0,True,901.82,2.22
rec_056658319bfd39,cust_eb22ec1d4df6,pay_639fc4c6b0cd7b,14,0.86,2,1018.62,INR,card,network_error,1,1.82,REMINDER,,0,False,0.0,0.0
rec_6fdb862acaeac9,cust_63f2ae24fc3d,pay_ca7c31271b347d,3,0.716,1,3066.78,INR,upi,bank_timeout,1,1.32,RETRY,,0,False,0.0,0.0
rec_562efbecf8f30c,cust_93acb00e32ee,pay_8186339b409a05,1,0.943,0,2260.41,INR,card,payment_method_issue,1,0.73,PAYMENT_LINK,,0,False,0.0,0.0
rec_af233c2353bc2a,cust_37bb3eec4bf5,pay_e53b499425d7b1,65,0.901,6,606.36,INR,upi,authentication_failed,1,1.86,RETRY,,0,False,0.0,0.0
rec_c2cb40e836f70e,cust_123c6a29969b,pay_ca8f5be239c9c8,43,0.837,7,4291.75,INR,upi,insufficient_funds,1,0.52,PAYMENT_LINK,,0,True,4291.75,2.57
rec_3d336c3c42f74a,cust_a0135044a041,pay_8b01b0c2d3cc2e,1,0.746,0,346.2,INR,wallet,bank_timeout,1,1.1,PAYMENT_LINK,,0,False,0.0,0.0
rec_61378bba28f45c,cust_a0135044a041,pay_8b01b0c2d3cc2e,1,0.746,0,346.2,INR,wallet,bank_timeout,2,17.13,PAYMENT_LINK,PAYMENT_LINK,1,False,0.0,0.0
rec_ed4bf27b8f491d,cust_a0135044a041,pay_8b01b0c2d3cc2e,1,0.746,0,346.2,INR,wallet,bank_timeout,3,24.77,REMINDER,PAYMENT_LINK,2,False,0.0,0.0
rec_a8ce28dd3c5354,cust_7c966b552f8d,pay_1ee552273f734e,9,0.739,2,477.39,INR,card,insufficient_funds,1,1.12,PAYMENT_LINK,,0,False,0.0,0.0
rec_e70dbcbac6ec31,cust_e1896b253a5b,pay_7cf2787e39b5dc,2,0.773,0,10529.32,INR,netbanking,bank_timeout,1,1.19,RETRY,,0,True,10529.32,3.37
rec_3f4b8e5bb94d96,cust_43bfd9313605,pay_de023d2cd3a7a2,12,0.965,0,2325.98,INR,upi,payment_method_issue,1,1.47,PAYMENT_LINK,,0,True,2325.98,2.16
rec_fa61b32b769e33,cust_863417182ba6,pay_52739052525521,18,0.902,2,2500.28,INR,upi,bank_timeout,1,1.3,RETRY,,0,False,0.0,0.0
rec_884eac2522f9a0,cust_24ac2130deaf,pay_bf4629870e77f2,15,0.795,3,903.8,INR,card,network_error,1,1.33,RETRY,,0,False,0.0,0.0
rec_83332a6e0006ed,cust_24ac2130deaf,pay_bf4629870e77f2,15,0.795,3,903.8,INR,card,network_error,2,13.48,REMINDER,RETRY,1,False,0.0,0.0
rec_a85e5940512dcc,cust_24ac2130deaf,pay_bf4629870e77f2,15,0.795,3,903.8,INR,card,network_error,3,27.6,STOP,REMINDER,2,False,0.0,0.0
rec_cc47db80b08b5c,cust_e13a14ca5911,pay_59565a27695759,11,0.716,3,8233.54,INR,upi,bank_timeout,1,0.81,PAYMENT_LINK,,0,False,0.0,0.0
rec_3b08a367f2aa82,cust_e13a14ca5911,pay_59565a27695759,11,0.716,3,8233.54,INR,upi,bank_timeout,2,6.5,PAYMENT_LINK,PAYMENT_LINK,1,False,0.0,0.0
rec_647df75de3ab6f,cust_4b86b5a1ca6f,pay_3e74934f64e64e,8,0.752,2,367.13,INR,netbanking,authentication_failed,1,0.72,PAYMENT_LINK,,0,True,367.13,2.61
rec_66699735197063,cust_70fd6672b80f,pay_6751edaf2d57a4,21,0.93,1,1094.43,INR,wallet,insufficient_funds,1,0.6,PAYMENT_LINK,,0,True,1094.43,1.21
rec_b02a4c30e0313b,cust_e4e751de57ff,pay_e9602cb62abfa8,5,0.859,1,8329.41,INR,netbanking,network_error,1,1.27,RETRY,,0,True,8329.41,3.55
rec_d4c32d83222f37,cust_fbdc532e6546,pay_efdfb089997441,22,0.979,0,812.16,INR,upi,technical_error,1,1.75,RETRY,,0,True,812.16,2.17
rec_247581d8cac06e,cust_24e75e8eb8f2,pay_9a673fe589e0b1,25,0.847,4,11025.33,INR,netbanking,network_error,1,0.22,RETRY,,0,True,11025.33,1.22
rec_f969c0a5394e02,cust_5571276b3347,pay_c501bb16a6343c,32,0.72,9,49542.75,INR,upi,technical_error,1,0.67,RETRY,,0,True,49542.75,1.41
rec_c0d712260ccd15,cust_ca7ecb33787d,pay_c8e519d496bb1e,42,0.342,28,34731.59,INR,upi,bank_timeout,1,0.86,RETRY,,0,False,0.0,0.0
rec_f2d59951f2b14a,cust_ca7ecb33787d,pay_c8e519d496bb1e,42,0.342,28,34731.59,INR,upi,bank_timeout,2,9.27,PAYMENT_LINK,RETRY,1,False,0.0,0.0
rec_94f07bd28e3923,cust_ca7ecb33787d,pay_c8e519d496bb1e,42,0.342,28,34731.59,INR,upi,bank_timeout,3,14.04,ESCALATE,PAYMENT_LINK,2,False,0.0,0.0
rec_24584e7962501d,cust_d3073198bc3e,pay_345d9ab5c13934,8,0.813,1,6284.88,INR,upi,authentication_failed,1,0.24,PAYMENT_LINK,,0,False,0.0,0.0
rec_540f4c4d3849d1,cust_d3073198bc3e,pay_345d9ab5c13934,8,0.813,1,6284.88,INR,upi,authentication_failed,2,8.37,STOP,PAYMENT_LINK,1,False,0.0,0.0
rec_096e3ad900829b,cust_d88675455025,pay_0c41353cedbdac,18,0.829,3,2118.6,INR,netbanking,authentication_failed,1,0.5,RETRY,,0,False,0.0,0.0
rec_695d48e2dae63c,cust_042c65ad9883,pay_74e57dd342d3b1,8,0.903,1,9867.03,INR,upi,authentication_failed,1,1.72,ESCALATE,,0,False,0.0,0.0
rec_be967bc1bb7be5,cust_ca7ecb33787d,pay_f1f063629c0b13,42,0.342,28,1444.7,INR,netbanking,bank_timeout,1,0.85,RETRY,,0,False,0.0,0.0
rec_20ca37b95f4527,cust_ca7ecb33787d,pay_f1f063629c0b13,42,0.342,28,1444.7,INR,netbanking,bank_timeout,2,10.69,RETRY,RETRY,1,True,1444.7,11.66
rec_1904774e0d06d7,cust_41f83199f4ea,pay_cd51f72bca5812,1,0.965,0,1228.8,INR,card,authentication_failed,1,0.62,RETRY,,0,False,0.0,0.0
rec_fc4f332dcf803b,cust_41f83199f4ea,pay_cd51f72bca5812,1,0.965,0,1228.8,INR,card,authentication_failed,2,3.68,PAYMENT_LINK,RETRY,1,True,1228.8,5.06
rec_11914d3db4ca6c,cust_2540fbfee12f,pay_7f4dbf02fc3c75,10,0.302,7,1994.8,INR,upi,authentication_failed,1,1.48,PAYMENT_LINK,,0,False,0.0,0.0
rec_219006c000f036,cust_2540fbfee12f,pay_7f4dbf02fc3c75,10,0.302,7,1994.8,INR,upi,authentication_failed,2,10.11,PAYMENT_LINK,PAYMENT_LINK,1,False,0.0,0.0
rec_68c3b56565e2e0,cust_2f589a8167c5,pay_e7e2866f2bbe1e,1,0.916,0,37818.02,INR,card,insufficient_funds,1,0.26,PAYMENT_LINK,,0,True,37818.02,2.34
rec_0679976943db6e,cust_60885550f74f,pay_d079bf467f7459,26,0.503,13,2738.4,INR,upi,authentication_failed,1,0.47,PAYMENT_LINK,,0,False,0.0,0.0
rec_67bc910b7486ef,cust_60885550f74f,pay_d079bf467f7459,26,0.503,13,2738.4,INR,upi,authentication_failed,2,12.43,REMINDER,PAYMENT_LINK,1,True,2738.4,13.45
rec_74fefd13e0ebbf,cust_9e15ebcc66d1,pay_71c47f7372a219,28,0.854,4,23267.04,INR,upi,technical_error,1,1.18,REMINDER,,0,False,0.0,0.0
rec_2227339e9eccf0,cust_9e15ebcc66d1,pay_71c47f7372a219,28,0.854,4,23267.04,INR,upi,technical_error,2,3.59,ESCALATE,REMINDER,1,True,23267.04,4.79
rec_8a6656a668e7ee,cust_9f8acdeb2e8f,pay_2444d471ce756d,22,0.922,2,1354.98,INR,upi,technical_error,1,1.81,RETRY,,0,False,0.0,0.0
rec_eb6652c9a5fa6d,cust_0123a348638a,pay_b9e4c9981d4fe1,1,0.755,0,13092.89,INR,card,insufficient_funds,1,0.99,RETRY,,0,True,13092.89,1.48
rec_b43b541aa79551,cust_d0096b2a0041,pay_21782c6cc5e182,10,0.955,0,665.91,INR,card,insufficient_funds,1,0.37,PAYMENT_LINK,,0,False,0.0,0.0
rec_5c6d7c7b2b5ad5,cust_d0096b2a0041,pay_21782c6cc5e182,10,0.955,0,665.91,INR,card,insufficient_funds,2,8.79,REMINDER,PAYMENT_LINK,1,True,665.91,10.65
rec_b76802fe6a6c9c,cust_8d5480389a26,pay_93b7bdbc06be11,3,0.933,0,422.22,INR,card,network_error,1,0.73,RETRY,,0,True,422.22,1.87
rec_f7ee6cf80f33e6,cust_01bb819c4dfe,pay_9a1aa54dd91ca6,12,0.755,3,12993.4,INR,upi,technical_error,1,0.87,RETRY,,0,True,12993.4,2.58
rec_0a01ec4373eab1,cust_32f9b7710799,pay_196da162e6399b,3,0.914,0,749.15,INR,card,bank_timeout,1,0.55,RETRY,,0,True,749.15,1.89
rec_a8283eaf189e55,cust_a3fb6d0bf4be,pay_6a1f6b87057660,8,0.701,2,2240.55,INR,upi,authentication_failed,1,0.34,PAYMENT_LINK,,0,True,2240.55,1.13
rec_2469c60019ba58,cust_b22f2e910411,pay_8a5907026c84d6,5,0.704,1,14051.55,INR,wallet,network_error,1,1.81,RETRY,,0,False,0.0,0.0
rec_561abba40984c8,cust_b22f2e910411,pay_8a5907026c84d6,5,0.704,1,14051.55,INR,wallet,network_error,2,14.12,REMINDER,RETRY,1,False,0.0,0.0
rec_f3b41b25a431ef,cust_81dec9db0abe,pay_5537a67c7fe3e8,12,0.965,0,2138.33,INR,upi,authentication_failed,1,0.5,RETRY,,0,False,0.0,0.0
rec_7e5dfec4c907b6,cust_81dec9db0abe,pay_5537a67c7fe3e8,12,0.965,0,2138.33,INR,upi,authentication_failed,2,3.36,REMINDER,RETRY,1,False,0.0,0.0
rec_17247b00e79eb5,cust_81dec9db0abe,pay_5537a67c7fe3e8,12,0.965,0,2138.33,INR,upi,authentication_failed,3,8.61,STOP,REMINDER,2,False,0.0,0.0
rec_d28bf9730209b0,cust_122dd7be980b,pay_319653ead01426,38,0.732,10,2740.59,INR,upi,insufficient_funds,1,1.4,RETRY,,0,False,0.0,0.0
rec_f8202857e4c719,cust_122dd7be980b,pay_319653ead01426,38,0.732,10,2740.59,INR,upi,insufficient_funds,2,7.62,PAYMENT_LINK,RETRY,1,True,2740.59,8.02
rec_104853ed17dfc7,cust_d0a90840c8e7,pay_5d40dce8630165,10,0.798,2,686.39,INR,netbanking,bank_timeout,1,0.52,RETRY,,0,True,686.39,1.3
rec_309c33acede0dd,cust_91135d7e3095,pay_77fd7a78659353,8,0.783,2,2712.54,INR,card,network_error,1,0.26,RETRY,,0,False,0.0,0.0
rec_f49bf8fc928acb,cust_91135d7e3095,pay_77fd7a78659353,8,0.783,2,2712.54,INR,card,network_error,2,16.09,PAYMENT_LINK,RETRY,1,True,2712.54,16.42
rec_db187e811fb055,cust_d3073198bc3e,pay_66048813b34559,8,0.813,1,29573.23,INR,card,insufficient_funds,1,1.45,PAYMENT_LINK,,0,True,29573.23,2.44
rec_dbddc6e8da975f,cust_9d84d303ccb0,pay_641915ba0e4712,1,0.733,0,2733.51,INR,netbanking,insufficient_funds,1,0.53,PAYMENT_LINK,,0,False,0.0,0.0
rec_e92de38e0e0821,cust_9d84d303ccb0,pay_641915ba0e4712,1,0.733,0,2733.51,INR,netbanking,insufficient_funds,2,13.22,PAYMENT_LINK,PAYMENT_LINK,1,False,0.0,0.0
rec_811f6bee9d034b,cust_9d84d303ccb0,pay_641915ba0e4712,1,0.733,0,2733.51,INR,netbanking,insufficient_funds,3,31.11,STOP,PAYMENT_LINK,2,False,0.0,0.0
rec_2a13f6ba7f0927,cust_b8f0188efb37,pay_2503af1126d30c,4,0.839,1,827.6,INR,netbanking,bank_timeout,1,1.37,RETRY,,0,True,827.6,2.68
rec_55fdb01abb4464,cust_c6ac1b04dd1d,pay_80fc1f5d23b76e,17,0.766,4,2359.32,INR,card,bank_timeout,1,0.8,RETRY,,0,False,0.0,0.0
rec_d0afa22c70ef25,cust_67e546468430,pay_3df470fbb87e2c,22,0.805,4,2730.66,INR,card,payment_method_issue,1,1.0,RETRY,,0,False,0.0,0.0
rec_18783d06bee782,cust_67e546468430,pay_3df470fbb87e2c,22,0.805,4,2730.66,INR,card,payment_method_issue,2,9.71,RETRY,RETRY,1,False,0.0,0.0
rec_143ed6ce3648bd,cust_75b17a55d426,pay_6881bd60ef3737,21,0.969,1,11042.16,INR,netbanking,network_error,1,0.4,RETRY,,0,False,0.0,0.0
rec_a1c38d9525bc77,cust_45f50c522e2f,pay_6400c6d2cf2eba,1,0.615,0,1748.99,INR,card,insufficient_funds,1,0.3,PAYMENT_LINK,,0,False,0.0,0.0
rec_0b0701835aff47,cust_e7515d4b0d82,pay_2b262d4145207c,1,0.923,0,7958.61,INR,upi,authentication_failed,1,0.58,PAYMENT_LINK,,0,False,0.0,0.0
rec_db15e6a383a6ff,cust_e7515d4b0d82,pay_2b262d4145207c,1,0.923,0,7958.61,INR,upi,authentication_failed,2,15.48,PAYMENT_LINK,PAYMENT_LINK,1,True,7958.61,16.8
rec_d52ad150a3f72d,cust_2c691f0442bb,pay_0b3cda99dbfd99,19,0.834,3,339.84,INR,card,network_error,1,1.0,REMINDER,,0,False,0.0,0.0
rec_09ed377f65467c,cust_2c691f0442bb,pay_0b3cda99dbfd99,19,0.834,3,339.84,INR,card,network_error,2,11.72,ESCALATE,REMINDER,1,False,0.0,0.0
rec_003a5ebcea2df7,cust_38283a052baa,pay_08f215e9ee5ae1,2,0.978,0,1223.21,INR,card,insufficient_funds,1,1.32,REMINDER,,0,False,0.0,0.0
rec_0f84244a72e5ac,cust_dfb68a5fbb81,pay_0d139b1831a9a4,8,0.753,2,2707.48,INR,netbanking,insufficient_funds,1,0.14,PAYMENT_LINK,,0,True,2707.48,1.14
rec_ebd6671238690b,cust_bcc4f0877a7e,pay_5a79a99422ff7e,3,0.355,2,1060.22,INR,upi,bank_timeout,1,1.69,RETRY,,0,False,0.0,0.0
rec_42929163c81478,cust_bcc4f0877a7e,pay_5a79a99422ff7e,3,0.355,2,1060.22,INR,upi,bank_timeout,2,7.67,REMINDER,RETRY,1,False,0.0,0.0
rec_537835c5eb9c30,cust_912cf322735e,pay_4dc7cb060472db,15,0.751,4,6801.93,INR,upi,bank_timeout,1,0.28,RETRY,,0,False,0.0,0.0
rec_03f0024259bbe8,cust_912cf322735e,pay_4dc7cb060472db,15,0.751,4,6801.93,INR,upi,bank_timeout,2,7.1,PAYMENT_LINK,RETRY,1,False,0.0,0.0
rec_3b41f06d7d5e9c,cust_436e3c49770e,pay_12bc3f83b2b91e,27,0.825,5,2134.56,INR,upi,authentication_failed,1,1.77,PAYMENT_LINK,,0,True,2134.56,3.48
rec_c9e66d52accb60,cust_8cfb137ca89e,pay_f0a94ac555b922,3,0.772,1,1048.88,INR,wallet,insufficient_funds,1,0.95,PAYMENT_LINK,,0,True,1048.88,1.6
rec_66620eb5333232,cust_b4157cea0738,pay_1a438be8053f85,11,0.557,5,1444.89,INR,card,insufficient_funds,1,1.44,RETRY,,0,False,0.0,0.0
rec_040dfc96999f72,cust_b4157cea0738,pay_1a438be8053f85,11,0.557,5,1444.89,INR,card,insufficient_funds,2,4.55,PAYMENT_LINK,RETRY,1,False,0.0,0.0
rec_3384c6a4aba3a5,cust_7cea2045c268,pay_fa0b2f0687657d,24,0.789,5,2639.89,INR,upi,insufficient_funds,1,0.83,REMINDER,,0,False,0.0,0.0
rec_f24cf42178dd9a,cust_0f79a8a75f8a,pay_08e778a4269445,4,0.703,1,1663.18,INR,card,authentication_failed,1,0.77,PAYMENT_LINK,,0,True,1663.18,2.28
rec_7628c6a163d297,cust_475287aa5408,pay_61623bef4de7bb,20,0.707,6,1641.46,INR,netbanking,bank_timeout,1,1.29,RETRY,,0,True,1641.46,2.86
rec_693159c69fcd9c,cust_76492e64f55d,pay_b0980298f81174,4,0.745,1,5521.69,INR,card,bank_timeout,1,1.64,RETRY,,0,False,0.0,0.0
rec_abe1f359b7f792,cust_76492e64f55d,pay_b0980298f81174,4,0.745,1,5521.69,INR,card,bank_timeout,2,16.99,PAYMENT_LINK,RETRY,1,False,0.0,0.0
rec_126943e864b7c4,cust_4cdf697f4eca,pay_3fc6a4b6260501,1,0.779,0,915.0,INR,netbanking,network_error,1,0.41,RETRY,,0,True,915.0,1.21
rec_861a9188aa9130,cust_ff1b654d6c65,pay_67798c5b49e0c7,9,0.774,2,1308.26,INR,netbanking,bank_timeout,1,0.95,RETRY,,0,True,1308.26,2.72
rec_2f76aa4e0c0b01,cust_4991ab9bebc2,pay_6df2c43ee28e19,25,0.719,7,3852.91,INR,card,bank_timeout,1,1.54,RETRY,,0,False,0.0,0.0
rec_4cbafebc0c2aac,cust_4991ab9bebc2,pay_6df2c43ee28e19,25,0.719,7,3852.91,INR,card,bank_timeout,2,8.66,PAYMENT_LINK,RETRY,1,True,3852.91,9.79
rec_704d839706ee08,cust_30e912f2f2b4,pay_1bca5095442f60,26,0.777,6,2139.19,INR,upi,insufficient_funds,1,0.9,PAYMENT_LINK,,0,True,2139.19,1.55
rec_6051b9707a4d34,cust_98dbf732dde4,pay_63101399e4a699,6,0.294,4,12389.35,INR,netbanking,network_error,1,0.51,RETRY,,0,True,12389.35,1.86
rec_89ef88e3d8b7f9,cust_3cc56af30eac,pay_7e32fa03396929,6,0.864,1,1547.23,INR,upi,insufficient_funds,1,1.52,PAYMENT_LINK,,0,True,1547.23,3.49
rec_76294ff88dbfc1,cust_56d44952ee29,pay_f7d32ec4eb5927,10,0.773,2,4202.64,INR,upi,bank_timeout,1,1.95,PAYMENT_LINK,,0,False,0.0,0.0
rec_b92de530171b3e,cust_f5504c5249d2,pay_a8a1f9cc495c94,27,0.722,8,43966.97,INR,card,insufficient_funds,1,1.72,REMINDER,,0,True,43966.97,2.89
rec_f09c31bcf133d4,cust_1fe771d6d917,pay_d550642678e233,1,0.792,0,17442.35,INR,upi,payment_method_issue,1,1.06,PAYMENT_LINK,,0,True,17442.35,1.5
rec_baafdbe306bdeb,cust_c4c7aab4ca20,pay_daf8f8f2a10173,1,0.764,0,10062.76,INR,upi,insufficient_funds,1,0.7,PAYMENT_LINK,,0,True,10062.76,1.62
rec_202112a8615abe,cust_9e3bf1b34330,pay_76ee1bba4ca477,1,0.914,0,3069.78,INR,upi,authentication_failed,1,2.0,RETRY,,0,False,0.0,0.0
rec_cffa9985355b08,cust_9e3bf1b34330,pay_76ee1bba4ca477,1,0.914,0,3069.78,INR,upi,authentication_failed,2,11.87,PAYMENT_LINK,RETRY,1,True,3069.78,12.52
rec_6a645874cff595,cust_02a13629aae6,pay_b0867987631a43,1,0.771,0,763.66,INR,card,bank_timeout,1,1.33,RETRY,,0,True,763.66,2.26
rec_a483753b662f1e,cust_74017bb3c227,pay_ed9f8d7c9a60e1,5,0.794,1,1011.34,INR,netbanking,insufficient_funds,1,0.17,PAYMENT_LINK,,0,True,1011.34,2.17
rec_27bfad8e29bf48,cust_5b249c2a9e5c,pay_837570348e6020,25,0.757,6,1083.01,INR,card,insufficient_funds,1,1.2,REMINDER,,0,True,1083.01,2.54
rec_da289191e0eea9,cust_1e42d2b80067,pay_1b78a10d1c5906,3,0.898,0,2296.15,INR,upi,network_error,1,0.18,RETRY,,0,False,0.0,0.0
rec_6f3b716de37aa5,cust_1e42d2b80067,pay_1b78a10d1c5906,3,0.898,0,2296.15,INR,upi,network_error,2,3.68,REMINDER,RETRY,1,False,0.0,0.0
rec_8d4b41f57b7342,cust_1e42d2b80067,pay_1b78a10d1c5906,3,0.898,0,2296.15,INR,upi,network_error,3,19.44,REMINDER,REMINDER,2,False,0.0,0.0
rec_637ca94e60baed,cust_cab214388557,pay_5da7b09febeab9,5,0.88,1,37678.16,INR,upi,bank_timeout,1,0.83,PAYMENT_LINK,,0,True,37678.16,2.25
rec_5756df54cff10b,cust_123c6a29969b,pay_325c44ec971e65,43,0.837,7,2161.6,INR,card,bank_timeout,1,1.32,REMINDER,,0,False,0.0,0.0
rec_543f32b1c47764,cust_123c6a29969b,pay_325c44ec971e65,43,0.837,7,2161.6,INR,card,bank_timeout,2,16.14,REMINDER,REMINDER,1,False,0.0,0.0
rec_137de048f8ceea,cust_02bdeabe7060,pay_e4dca9af13be04,11,0.611,4,208.38,INR,wallet,insufficient_funds,1,0.21,REMINDER,,0,True,208.38,0.33
rec_bb0f5aea7f7e2d,cust_1eece8915301,pay_9f6c9433f33efe,7,0.682,2,467.6,INR,netbanking,network_error,1,1.0,RETRY,,0,True,467.6,1.12
rec_270a3c97ce28c1,cust_657e01c90da2,pay_7f0868cfe70a8a,4,0.798,1,512.12,INR,upi,authentication_failed,1,1.29,PAYMENT_LINK,,0,False,0.0,0.0
rec_b1557e90e925ab,cust_657e01c90da2,pay_7f0868cfe70a8a,4,0.798,1,512.12,INR,upi,authentication_failed,2,4.98,PAYMENT_LINK,PAYMENT_LINK,1,True,512.12,5.99
rec_5a8b288c935552,cust_e0827f7611a5,pay_6c789a948d902d,3,0.682,1,2514.08,INR,netbanking,network_error,1,0.14,RETRY,,0,True,2514.08,0.93
rec_1496059f8787c1,cust_5571276b3347,pay_cc670994b8c2bb,32,0.72,9,4773.05,INR,netbanking,insufficient_funds,1,0.91,RETRY,,0,False,0.0,0.0
rec_3a070c29a08a93,cust_5571276b3347,pay_cc670994b8c2bb,32,0.72,9,4773.05,INR,netbanking,insufficient_funds,2,8.41,PAYMENT_LINK,RETRY,1,True,4773.05,8.51
rec_64ad37fc736a17,cust_0ab74b5dfcd4,pay_6717bc17f6ca0c,1,0.702,0,2705.22,INR,upi,authentication_failed,1,1.28,PAYMENT_LINK,,0,False,0.0,0.0
rec_dbddc563fc2f09,cust_0ab74b5dfcd4,pay_6717bc17f6ca0c,1,0.702,0,2705.22,INR,upi,authentication_failed,2,11.65,REMINDER,PAYMENT_LINK,1,True,2705.22,13.13
rec_d6922f8aa177cb,cust_d013b7a3f4a2,pay_ac9b1b56148718,19,0.793,4,25543.46,INR,card,bank_timeout,1,0.92,RETRY,,0,False,0.0,0.0
rec_d25e434c37d8d4,cust_d013b7a3f4a2,pay_ac9b1b56148718,19,0.793,4,25543.46,INR,card,bank_timeout,2,8.43,PAYMENT_LINK,RETRY,1,False,0.0,0.0
rec_19eef2ee969c8a,cust_d013b7a3f4a2,pay_ac9b1b56148718,19,0.793,4,25543.46,INR,card,bank_timeout,3,23.24,ESCALATE,PAYMENT_LINK,2,True,25543.46,23.41
rec_36f5bff53d2886,cust_8d5480389a26,pay_6eecef4e2ebebb,3,0.933,0,8585.78,INR,upi,authentication_failed,1,1.57,ESCALATE,,0,False,0.0,0.0
rec_330f2c127dfc36,cust_8d5480389a26,pay_6eecef4e2ebebb,3,0.933,0,8585.78,INR,upi,authentication_failed,2,6.37,ESCALATE,ESCALATE,1,False,0.0,0.0
rec_fdbe2e471edf53,cust_b8875caf1991,pay_4df911df2ca04b,3,0.861,0,1827.43,INR,wallet,network_error,1,1.79,RETRY,,0,True,1827.43,2.94
rec_5b553bcfaf8d74,cust_08ffeab00750,pay_4d3da7b8a36cb3,5,0.737,1,7218.16,INR,wallet,bank_timeout,1,1.28,RETRY,,0,True,7218.16,2.77
rec_08142d390cd1e6,cust_0ab74b5dfcd4,pay_06fa386462f9b1,1,0.702,0,500.03,INR,card,insufficient_funds,1,1.42,RETRY,,0,False,0.0,0.0
rec_ed46181062869c,cust_31891f48e66e,pay_825b693da75134,2,0.728,1,7805.7,INR,netbanking,authentication_failed,1,0.39,RETRY,,0,False,0.0,0.0
rec_4e48541173a7f8,cust_31891f48e66e,pay_825b693da75134,2,0.728,1,7805.7,INR,netbanking,authentication_failed,2,15.1,REMINDER,RETRY,1,False,0.0,0.0
rec_00a45845f0c3c3,cust_31891f48e66e,pay_825b693da75134,2,0.728,1,7805.7,INR,netbanking,authentication_failed,3,27.37,PAYMENT_LINK,REMINDER,2,True,7805.7,27.56
rec_fe8ce2e28661ca,cust_54ec84ce002c,pay_b7a7ab99005396,2,0.761,0,2252.78,INR,upi,technical_error,1,0.43,RETRY,,0,False,0.0,0.0
rec_aba94a0ce43144,cust_54ec84ce002c,pay_b7a7ab99005396,2,0.761,0,2252.78,INR,upi,technical_error,2,9.99,RETRY,RETRY,1,False,0.0,0.0
rec_f4a4bf6c14a040,cust_54ec84ce002c,pay_b7a7ab99005396,2,0.761,0,2252.78,INR,upi,technical_error,3,20.92,ESCALATE,RETRY,2,False,0.0,0.0
rec_1896d3beb8c623,cust_59a1120e1bb4,pay_43e5fee50a6ca4,11,0.884,1,1159.3,INR,card,payment_method_issue,1,1.63,PAYMENT_LINK,,0,False,0.0,0.0
rec_3982f87fd4ea3a,cust_59a1120e1bb4,pay_43e5fee50a6ca4,11,0.884,1,1159.3,INR,card,payment_method_issue,2,10.13,REMINDER,PAYMENT_LINK,1,False,0.0,0.0
rec_06453bc95d0ec3,cust_5b249c2a9e5c,pay_c2f04e502ac66e,25,0.757,6,48456.17,INR,netbanking,bank_timeout,1,0.81,RETRY,,0,True,48456.17,2.96
rec_71a4cf22b23d84,cust_43ace8751017,pay_92d8fc8a9a2f1a,8,0.761,2,1740.8,INR,netbanking,authentication_failed,1,0.24,PAYMENT_LINK,,0,True,1740.8,2.14
rec_65ff893099b414,cust_da5a8bc37331,pay_db491ca6b0c3bc,3,0.895,0,780.37,INR,card,network_error,1,1.37,RETRY,,0,True,780.37,2.36
rec_1a339b77cd8d04,cust_c82f78fd936c,pay_3c5f3e7dfa3a37,42,0.895,4,704.61,INR,card,bank_timeout,1,1.38,RETRY,,0,True,704.61,1.53
rec_ee108ba936c668,cust_bec5715ca71d,pay_f93d635f012cff,4,0.893,0,619.11,INR,upi,network_error,1,1.76,RETRY,,0,True,619.11,2.36
rec_f575e5c6166881,cust_3b1723197f4d,pay_a06ebb06577402,4,0.73,1,1304.03,INR,netbanking,technical_error,1,1.24,REMINDER,,0,True,1304.03,1.61
rec_ec8259d263bb23,cust_5c75352c45cd,pay_28fadf8d598ca3,5,0.31,3,509.96,INR,upi,insufficient_funds,1,0.85,REMINDER,,0,True,509.96,1.57
rec_43bc32e72e6a23,cust_ab73295b344a,pay_d8a4e09af5efff,7,0.846,1,548.61,INR,card,network_error,1,0.77,ESCALATE,,0,False,0.0,0.0
rec_0702333c437f17,cust_ab73295b344a,pay_d8a4e09af5efff,7,0.846,1,548.61,INR,card,network_error,2,12.14,REMINDER,ESCALATE,1,False,0.0,0.0
rec_587927a2da2127,cust_ab73295b344a,pay_d8a4e09af5efff,7,0.846,1,548.61,INR,card,network_error,3,25.61,REMINDER,REMINDER,2,False,0.0,0.0
rec_cdbbfe6c59358c,cust_c1836315330f,pay_0d7c79d4225ffc,7,0.636,3,7416.23,INR,upi,network_error,1,1.66,RETRY,,0,False,0.0,0.0
rec_09cb5a7da372a0,cust_2ede24873730,pay_38290fcb4b6cb2,11,0.95,1,407.23,INR,card,authentication_failed,1,0.63,PAYMENT_LINK,,0,True,407.23,1.93
rec_27acb4e643e00d,cust_f200c2614d29,pay_f093e04473ae95,1,0.868,0,1672.58,INR,netbanking,bank_timeout,1,0.53,RETRY,,0,False,0.0,0.0
rec_bf2e47ff0f264f,cust_f200c2614d29,pay_f093e04473ae95,1,0.868,0,1672.58,INR,netbanking,bank_timeout,2,17.03,RETRY,RETRY,1,False,0.0,0.0
rec_bef2c2e96e32cc,cust_823c7ef9cd85,pay_949815815fc158,4,0.612,2,1537.9,INR,upi,bank_timeout,1,1.78,RETRY,,0,True,1537.9,1.83
rec_b3c976e82e5aa2,cust_4a85e4433ba8,pay_e24c83c4c19df9,3,0.97,0,3647.62,INR,netbanking,technical_error,1,1.48,RETRY,,0,False,0.0,0.0
rec_036537a634dbbf,cust_6f96288295d8,pay_62e05cc117a45b,8,0.957,0,30051.71,INR,netbanking,bank_timeout,1,0.38,RETRY,,0,True,30051.71,0.83
rec_545baf6fc83477,cust_711c76738535,pay_f6d81bcac8f021,9,0.742,2,15293.75,INR,upi,authentication_failed,1,1.69,REMINDER,,0,False,0.0,0.0
rec_877527c02df931,cust_042b03ca75a7,pay_118abb38ad64cf,14,0.728,4,7645.24,INR,card,bank_timeout,1,1.66,RETRY,,0,True,7645.24,3.04
rec_f04129ddbdc1a5,cust_0f635f4a2b9a,pay_f142b1caea1c4a,1,0.886,0,13552.9,INR,card,bank_timeout,1,0.99,PAYMENT_LINK,,0,False,0.0,0.0
rec_9e23ef8d96442d,cust_235398a63a6a,pay_6d4973e29ddae5,14,0.911,1,2209.46,INR,netbanking,network_error,1,1.25,PAYMENT_LINK,,0,True,2209.46,1.9
rec_5bcff618951959,cust_00c59f30d103,pay_da0047525298e6,8,0.568,3,389.69,INR,card,network_error,1,1.29,RETRY,,0,True,389.69,3.32
rec_1a7a4b25d0ce67,cust_8f9646853514,pay_429c521e3486ab,25,0.717,7,689.58,INR,upi,authentication_failed,1,1.91,RETRY,,0,True,689.58,3.25
rec_8f221f4b02d87d,cust_b38a088ca65e,pay_73ff8f60aa1653,3,0.707,1,1109.29,INR,card,authentication_failed,1,1.3,REMINDER,,0,True,1109.29,3.0
rec_39864d198972cc,cust_d50cf57e3dc8,pay_56b5a246d1e70b,3,0.923,0,2618.58,INR,wallet,insufficient_funds,1,1.9,REMINDER,,0,False,0.0,0.0
rec_02f56cdd1caa14,cust_d50cf57e3dc8,pay_56b5a246d1e70b,3,0.923,0,2618.58,INR,wallet,insufficient_funds,2,9.8,PAYMENT_LINK,REMINDER,1,True,2618.58,10.05
rec_6b45467f170b21,cust_4491be401042,pay_6d57db19cb089d,16,0.818,3,2927.6,INR,upi,technical_error,1,1.01,RETRY,,0,False,0.0,0.0
rec_584f2b67b22281,cust_4491be401042,pay_6d57db19cb089d,16,0.818,3,2927.6,INR,upi,technical_error,2,11.97,PAYMENT_LINK,RETRY,1,False,0.0,0.0
rec_0c129f097e55c0,cust_4491be401042,pay_6d57db19cb089d,16,0.818,3,2927.6,INR,upi,technical_error,3,24.82,PAYMENT_LINK,PAYMENT_LINK,2,True,2927.6,25.15
rec_1d565024038039,cust_7f0223bc651e,pay_b0e688bb996ab5,8,0.861,1,2528.11,INR,netbanking,bank_timeout,1,0.15,RETRY,,0,False,0.0,0.0
rec_4b1b7e52ffc236,cust_7f0223bc651e,pay_b0e688bb996ab5,8,0.861,1,2528.11,INR,netbanking,bank_timeout,2,9.81,PAYMENT_LINK,RETRY,1,False,0.0,0.0
rec_947d02d6b0028c,cust_38e59b2716dc,pay_68bb6647dbbc1c,18,0.89,2,11301.27,INR,card,bank_timeout,1,0.83,RETRY,,0,True,11301.27,3.33
rec_ea6c10085c7f19,cust_fe43541ab0b6,pay_57162941314ffd,16,0.755,4,1778.47,INR,card,network_error,1,1.93,RETRY,,0,False,0.0,0.0
rec_9dfc5ace6b1e79,cust_4ef492c1aac9,pay_11b5d47739f736,7,0.89,1,47452.61,INR,upi,insufficient_funds,1,0.61,PAYMENT_LINK,,0,True,47452.61,1.2
rec_45e2cee1add55c,cust_6c936f698269,pay_edc28400a82d20,19,0.819,3,2505.62,INR,upi,bank_timeout,1,0.2,RETRY,,0,True,2505.62,0.55
rec_f1c1dc0234036f,cust_177d6e7e07d9,pay_9fe2ccadb96f6c,11,0.74,3,1364.52,INR,netbanking,insufficient_funds,1,0.51,ESCALATE,,0,False,0.0,0.0
rec_b19886565ef7c6,cust_177d6e7e07d9,pay_9fe2ccadb96f6c,11,0.74,3,1364.52,INR,netbanking,insufficient_funds,2,6.77,REMINDER,ESCALATE,1,False,0.0,0.0
rec_19194cce12cd15,cust_44c1f1b5ebbb,pay_848b9692649f6e,27,0.767,6,34480.85,INR,card,insufficient_funds,1,0.41,REMINDER,,0,True,34480.85,1.99
rec_728aa7315768de,cust_f77167007305,pay_a69b01221d0706,10,0.85,2,1720.9,INR,card,bank_timeout,1,0.41,PAYMENT_LINK,,0,False,0.0,0.0
rec_0c345047bbd10d,cust_f77167007305,pay_a69b01221d0706,10,0.85,2,1720.9,INR,card,bank_timeout,2,16.59,PAYMENT_LINK,PAYMENT_LINK,1,True,1720.9,17.69
rec_f21d255555270e,cust_171726543b99,pay_e25ed56c1ba80c,2,0.9,0,11481.71,INR,upi,payment_method_issue,1,1.54,PAYMENT_LINK,,0,True,11481.71,1.74
rec_4d4f46468766e3,cust_107380cb46d9,pay_e954ef32bebe0d,25,0.782,5,2492.31,INR,card,authentication_failed,1,1.83,PAYMENT_LINK,,0,False,0.0,0.0
rec_d03b479af4443e,cust_cc9803de12de,pay_2ebb474e3944e1,24,0.892,3,1672.86,INR,card,technical_error,1,1.83,RETRY,,0,True,1672.86,3.96
rec_3f74de3911c402,cust_ee9bf3e11d27,pay_e646af78df1846,4,0.929,0,3834.73,INR,upi,authentication_failed,1,2.0,RETRY,,0,False,0.0,0.0
rec_5534184cb54a55,cust_d0096b2a0041,pay_27b019670530d2,10,0.955,0,1908.21,INR,card,authentication_failed,1,0.27,RETRY,,0,False,0.0,0.0
rec_756d61e0416dfd,cust_d0096b2a0041,pay_27b019670530d2,10,0.955,0,1908.21,INR,card,authentication_failed,2,8.3,PAYMENT_LINK,RETRY,1,False,0.0,0.0
rec_4239a86152fedb,cust_cef440984d9d,pay_f2fdaf06676af7,31,0.725,9,1141.9,INR,card,insufficient_funds,1,1.32,RETRY,,0,False,0.0,0.0
rec_38387fa13f9044,cust_cef440984d9d,pay_f2fdaf06676af7,31,0.725,9,1141.9,INR,card,insufficient_funds,2,9.77,PAYMENT_LINK,RETRY,1,False,0.0,0.0
rec_6192ac1e195e41,cust_cef440984d9d,pay_f2fdaf06676af7,31,0.725,9,1141.9,INR,card,insufficient_funds,3,26.76,PAYMENT_LINK,PAYMENT_LINK,2,False,0.0,0.0
rec_030ee13249c297,cust_9b2e18c05a24,pay_48d015173c4e38,11,0.846,2,18711.29,INR,card,authentication_failed,1,0.19,PAYMENT_LINK,,0,True,18711.29,1.78
rec_7359729d3c851b,cust_59a1120e1bb4,pay_580d806b9671e2,11,0.884,1,1565.69,INR,upi,bank_timeout,1,1.04,RETRY,,0,True,1565.69,2.11
rec_bdfa6b7959fd77,cust_b27c40266703,pay_b0b5b341c4666a,16,0.787,3,2045.92,INR,card,payment_method_issue,1,1.44,PAYMENT_LINK,,0,False,0.0,0.0
rec_005f4cbf93c0d4,cust_da5a8bc37331,pay_ae58801427005d,3,0.895,0,2184.2,INR,upi,payment_method_issue,1,0.84,PAYMENT_LINK,,0,False,0.0,0.0
rec_4f92477a0ec547,cust_e05fb8bc8a16,pay_1b9d5394616f0c,5,0.749,1,6361.7,INR,card,bank_timeout,1,0.28,RETRY,,0,False,0.0,0.0
rec_8d54f36501fe4e,cust_e05fb8bc8a16,pay_1b9d5394616f0c,5,0.749,1,6361.7,INR,card,bank_timeout,2,17.54,STOP,RETRY,1,False,0.0,0.0
rec_1105f190c356bb,cust_13f3cade7a10,pay_4555ce0a5e736b,4,0.897,0,8377.78,INR,card,insufficient_funds,1,1.43,REMINDER,,0,True,8377.78,2.38
rec_2bb092e8453374,cust_b86d066b1ba8,pay_14f78055fbce12,4,0.719,1,5950.71,INR,card,bank_timeout,1,0.66,RETRY,,0,True,5950.71,1.11
rec_9952d520ac57d6,cust_71a6014c5f3c,pay_22fef6c27581dc,11,0.89,1,3379.15,INR,card,bank_timeout,1,0.46,RETRY,,0,False,0.0,0.0
rec_49ef997336047a,cust_71a6014c5f3c,pay_22fef6c27581dc,11,0.89,1,3379.15,INR,card,bank_timeout,2,11.22,PAYMENT_LINK,RETRY,1,False,0.0,0.0
rec_7f53e53593efc7,cust_d51fde3f573e,pay_262830827226d9,5,0.73,1,2208.03,INR,upi,insufficient_funds,1,0.29,REMINDER,,0,False,0.0,0.0
rec_1eb34e27572fb1,cust_97da64cb8373,pay_ddf1df89be7bf8,17,0.73,5,6271.46,INR,netbanking,insufficient_funds,1,0.71,PAYMENT_LINK,,0,False,0.0,0.0
rec_d9e229a16d1a92,cust_6e191042370b,pay_6bc6ec623f866b,23,0.915,2,22979.81,INR,upi,bank_timeout,1,0.65,RETRY,,0,True,22979.81,2.55
rec_aed2cd1492eff3,cust_2c6a6e9a3280,pay_4cdd6a264c64a7,21,0.354,14,6265.11,INR,netbanking,network_error,1,1.18,RETRY,,0,True,6265.11,2.45
rec_f80f749b2e4eee,cust_74b796204a73,pay_04486e5ef506bb,11,0.931,1,201.8,INR,upi,authentication_failed,1,1.09,PAYMENT_LINK,,0,True,201.8,3.34
rec_50166dd4e8eb73,cust_98b6691b7416,pay_0bc110087b8e85,13,0.903,1,11284.21,INR,upi,network_error,1,1.78,RETRY,,0,False,0.0,0.0
rec_07b89fd2ffc090,cust_98b6691b7416,pay_0bc110087b8e85,13,0.903,1,11284.21,INR,upi,network_error,2,4.65,PAYMENT_LINK,RETRY,1,False,0.0,0.0
rec_399451078b3f39,cust_3d8770347217,pay_7d894735a26c59,21,0.254,16,4120.31,INR,card,payment_method_issue,1,1.22,REMINDER,,0,False,0.0,0.0
rec_a27b4e404e6e71,cust_4ddb1b36272c,pay_0761409f1f8b88,7,0.274,5,1033.63,INR,upi,bank_timeout,1,1.29,RETRY,,0,True,1033.63,2.31
rec_0a387a399332a3,cust_bb026576f512,pay_dded1786692ad3,4,0.827,1,2788.37,INR,card,bank_timeout,1,0.81,RETRY,,0,True,2788.37,3.22
rec_1e17400a1fd60a,cust_21ec47541cf1,pay_6a90c22a312ae3,23,0.882,3,42606.41,INR,card,authentication_failed,1,1.29,PAYMENT_LINK,,0,True,42606.41,1.52
rec_d25f925ec8c7d9,cust_7496276412a4,pay_78a64a027d3565,1,0.833,0,2233.91,INR,wallet,authentication_failed,1,1.79,REMINDER,,0,False,0.0,0.0
rec_73f04590ec77d7,cust_7496276412a4,pay_78a64a027d3565,1,0.833,0,2233.91,INR,wallet,authentication_failed,2,12.05,ESCALATE,REMINDER,1,False,0.0,0.0
rec_82640fe76e0bde,cust_7496276412a4,pay_78a64a027d3565,1,0.833,0,2233.91,INR,wallet,authentication_failed,3,28.72,ESCALATE,ESCALATE,2,False,0.0,0.0
rec_0850891f520890,cust_7496276412a4,pay_78a64a027d3565,1,0.833,0,2233.91,INR,wallet,authentication_failed,4,41.29,ESCALATE,ESCALATE,3,True,2233.91,41.82
rec_6069065c478710,cust_b076a7dcfd0c,pay_10e722b1884c6d,28,0.912,2,7413.42,INR,upi,authentication_failed,1,0.18,PAYMENT_LINK,,0,True,7413.42,0.72
rec_5614a451e9f0fd,cust_01e6ee9a9ac5,pay_7a7bf27043e44f,10,0.799,2,7637.28,INR,card,authentication_failed,1,1.65,PAYMENT_LINK,,0,True,7637.28,2.97
rec_a80986a1612f23,cust_5c39b57dbc0d,pay_4804a28f856dbb,15,0.617,6,626.82,INR,card,bank_timeout,1,1.7,RETRY,,0,False,0.0,0.0
rec_d92b1c95776ad8,cust_f6a9e3e3b62b,pay_7dbf5a4a1c4936,6,0.52,3,1192.58,INR,upi,insufficient_funds,1,0.19,REMINDER,,0,False,0.0,0.0
rec_16fcaa91b2f640,cust_47d6723cd77f,pay_4d0598831778b0,5,0.749,1,2414.74,INR,card,insufficient_funds,1,0.88,REMINDER,,0,False,0.0,0.0
rec_e4becbea649d86,cust_47d6723cd77f,pay_4d0598831778b0,5,0.749,1,2414.74,INR,card,insufficient_funds,2,4.27,REMINDER,REMINDER,1,True,2414.74,6.49
rec_7d0384a271723f,cust_b65feea97d82,pay_a8085003525583,1,0.812,0,923.23,INR,wallet,authentication_failed,1,0.78,PAYMENT_LINK,,0,True,923.23,1.66
rec_9b9e5d9c8da518,cust_069f14f14018,pay_3b1bf5fac6adf5,2,0.821,0,2975.09,INR,upi,insufficient_funds,1,1.8,RETRY,,0,False,0.0,0.0
rec_ec99239f07ee4b,cust_069f14f14018,pay_3b1bf5fac6adf5,2,0.821,0,2975.09,INR,upi,insufficient_funds,2,4.99,PAYMENT_LINK,RETRY,1,False,0.0,0.0
rec_8b463057788a27,cust_57f479b5b212,pay_ca465597e9e9d0,2,0.89,0,570.13,INR,upi,network_error,1,0.84,PAYMENT_LINK,,0,True,570.13,2.32
rec_13e9f0e32607e4,cust_5efb336e2f54,pay_bb5cddf8211bd7,9,0.726,2,1602.56,INR,card,authentication_failed,1,1.5,PAYMENT_LINK,,0,False,0.0,0.0
rec_790cb055dc2c23,cust_5efb336e2f54,pay_bb5cddf8211bd7,9,0.726,2,1602.56,INR,card,authentication_failed,2,19.2,REMINDER,PAYMENT_LINK,1,True,1602.56,21.07
rec_91118ec1e694a0,cust_0a76bd919e7f,pay_16143d93abe717,14,0.299,10,1542.66,INR,upi,authentication_failed,1,1.1,PAYMENT_LINK,,0,False,0.0,0.0
rec_7731f5b8972d3e,cust_687213f98d60,pay_df7f6c4a6242f2,12,0.744,3,1686.11,INR,netbanking,insufficient_funds,1,1.23,PAYMENT_LINK,,0,False,0.0,0.0
rec_27e63df0bfdc02,cust_e098d2e3bd3f,pay_0bc44b11e45ac5,1,0.513,0,7692.42,INR,card,technical_error,1,1.08,PAYMENT_LINK,,0,False,0.0,0.0
rec_4e5c2b894716ce,cust_e098d2e3bd3f,pay_0bc44b11e45ac5,1,0.513,0,7692.42,INR,card,technical_error,2,11.02,PAYMENT_LINK,PAYMENT_LINK,1,False,0.0,0.0
rec_2a58349ed66370,cust_2d6b8a4e18a7,pay_a8ac9025ce5258,24,0.818,4,929.49,INR,card,insufficient_funds,1,0.74,PAYMENT_LINK,,0,True,929.49,3.11
rec_fa9fd4cc8d7b09,cust_e7bd1db7f780,pay_e21a5a8759e2ec,6,0.93,0,6198.61,INR,upi,bank_timeout,1,0.47,RETRY,,0,True,6198.61,1.46
rec_66f1e45c783aae,cust_4758367ba649,pay_19e3086a5f1681,18,0.848,3,2037.46,INR,card,bank_timeout,1,0.71,RETRY,,0,True,2037.46,1.86
rec_390bc451f2da5e,cust_07f97d05f6ca,pay_d1eed993d54985,19,0.479,10,2316.05,INR,card,bank_timeout,1,0.99,RETRY,,0,True,2316.05,1.76
rec_56b4aa33680ecd,cust_994316bbd4d3,pay_57e44133b565f4,3,0.905,0,11925.38,INR,upi,technical_error,1,0.33,PAYMENT_LINK,,0,True,11925.38,1.95
rec_a2d0105655f48d,cust_861b4f5b45a0,pay_6460c7d2749f6e,27,0.708,8,1684.92,INR,wallet,insufficient_funds,1,1.17,RETRY,,0,False,0.0,0.0
rec_1398245f2777c3,cust_861b4f5b45a0,pay_6460c7d2749f6e,27,0.708,8,1684.92,INR,wallet,insufficient_funds,2,13.94,PAYMENT_LINK,RETRY,1,True,1684.92,15.91
rec_cc95f578b0e00f,cust_6553b15f1ea1,pay_7aec63ec1d1d4e,13,0.747,3,5736.08,INR,upi,technical_error,1,1.77,RETRY,,0,False,0.0,0.0
rec_07246bba02aeed,cust_c11bd1c4ffe3,pay_67cb7ac89071bc,1,0.673,0,5856.4,INR,upi,network_error,1,1.77,RETRY,,0,False,0.0,0.0
rec_098c3ecc9758e0,cust_32f9b7710799,pay_cedfc9a5bc56ac,3,0.914,0,8982.74,INR,upi,network_error,1,0.14,RETRY,,0,True,8982.74,1.89
rec_759240e685fd25,cust_a0ba614204c3,pay_cb2910498abc58,12,0.914,1,1120.6,INR,upi,bank_timeout,1,0.29,RETRY,,0,False,0.0,0.0
rec_ee39fdc795a51e,cust_a0ba614204c3,pay_cb2910498abc58,12,0.914,1,1120.6,INR,upi,bank_timeout,2,10.6,PAYMENT_LINK,RETRY,1,False,0.0,0.0
rec_6ceaf7ebbb41d8,cust_08ffeab00750,pay_6c71775b113d3c,5,0.737,1,6902.16,INR,card,authentication_failed,1,1.81,REMINDER,,0,False,0.0,0.0
rec_5e1fbe50d45a4a,cust_08ffeab00750,pay_6c71775b113d3c,5,0.737,1,6902.16,INR,card,authentication_failed,2,12.62,PAYMENT_LINK,REMINDER,1,False,0.0,0.0
rec_95ccf2e6c8ff7e,cust_e4c1d21074be,pay_4c858c439ca98a,56,0.88,7,3593.89,INR,netbanking,payment_method_issue,1,0.65,REMINDER,,0,False,0.0,0.0
rec_6169c7c8149a44,cust_e4c1d21074be,pay_4c858c439ca98a,56,0.88,7,3593.89,INR,netbanking,payment_method_issue,2,11.57,PAYMENT_LINK,REMINDER,1,False,0.0,0.0
rec_5fdfb85173eb72,cust_9b1911122d2a,pay_d8137db6fbf2df,16,0.902,2,758.18,INR,upi,bank_timeout,1,1.57,RETRY,,0,False,0.0,0.0
rec_c7752a28a77245,cust_8a4b8f7c2147,pay_9243c5ba6171dc,28,0.94,2,267.0,INR,card,unknown,1,1.95,RETRY,,0,True,267.0,2.94
rec_2b1987f7255693,cust_5a0461c9947d,pay_1857c3fb763e85,5,0.893,1,42899.77,INR,upi,authentication_failed,1,0.77,PAYMENT_LINK,,0,True,42899.77,1.54
rec_f28af1b064786e,cust_a43101e40d56,pay_389f1f2b2c94e2,21,0.827,4,1445.35,INR,netbanking,authentication_failed,1,1.92,PAYMENT_LINK,,0,False,0.0,0.0
rec_5b612cb1b6052c,cust_8e52fc4273c3,pay_dfd8ed466568a2,4,0.264,3,4655.73,INR,netbanking,bank_timeout,1,1.17,RETRY,,0,False,0.0,0.0
rec_5e5cafa7768748,cust_304630085fa7,pay_016b4a8edb77a6,7,0.765,2,7947.87,INR,card,bank_timeout,1,0.95,RETRY,,0,False,0.0,0.0
rec_7f6d98de93ce7a,cust_304630085fa7,pay_016b4a8edb77a6,7,0.765,2,7947.87,INR,card,bank_timeout,2,18.47,RETRY,RETRY,1,False,0.0,0.0
rec_d20ad3bd8f8b9c,cust_b92da22b21df,pay_aa88178c52daaf,1,0.887,0,2369.79,INR,card,network_error,1,1.41,RETRY,,0,True,2369.79,1.96
rec_11ffce93efdcb4,cust_0e165b129bdc,pay_712fb424daf5c4,1,0.822,0,13961.35,INR,wallet,network_error,1,1.03,RETRY,,0,True,13961.35,2.95
rec_fd34642b2b334b,cust_04022b3c5082,pay_85e526ca9da42c,28,0.709,8,3263.65,INR,card,payment_method_issue,1,0.38,REMINDER,,0,False,0.0,0.0
rec_fc0b97e92c4273,cust_a7df30b2356f,pay_cbef0230dd78d4,6,0.72,2,2346.8,INR,wallet,insufficient_funds,1,0.17,REMINDER,,0,False,0.0,0.0
rec_96b3ae970918ef,cust_dfda35b228b2,pay_f47a46bbec6850,3,0.737,1,1804.85,INR,netbanking,bank_timeout,1,1.8,RETRY,,0,False,0.0,0.0
rec_25a25a074375bd,cust_dfda35b228b2,pay_f47a46bbec6850,3,0.737,1,1804.85,INR,netbanking,bank_timeout,2,6.75,REMINDER,RETRY,1,False,0.0,0.0
rec_839a8cdfdcd4e4,cust_dfda35b228b2,pay_f47a46bbec6850,3,0.737,1,1804.85,INR,netbanking,bank_timeout,3,16.7,ESCALATE,REMINDER,2,False,0.0,0.0
rec_74f91d4fea27ac,cust_dfda35b228b2,pay_f47a46bbec6850,3,0.737,1,1804.85,INR,netbanking,bank_timeout,4,32.36,REMINDER,ESCALATE,3,True,1804.85,34.31
rec_e365ab2caf800a,cust_67cf5ce00af5,pay_379c9331a46612,66,0.716,19,11391.91,INR,upi,insufficient_funds,1,0.15,REMINDER,,0,False,0.0,0.0
rec_18c8f31c8deb62,cust_67cf5ce00af5,pay_379c9331a46612,66,0.716,19,11391.91,INR,upi,insufficient_funds,2,11.73,ESCALATE,REMINDER,1,False,0.0,0.0
rec_4c825744ca22e7,cust_67cf5ce00af5,pay_379c9331a46612,66,0.716,19,11391.91,INR,upi,insufficient_funds,3,23.25,REMINDER,ESCALATE,2,False,0.0,0.0
rec_ee81aa8217f587,cust_bbd0fe6c6108,pay_27ffdd49e14bb3,4,0.7,1,677.77,INR,upi,unknown,1,0.58,RETRY,,0,False,0.0,0.0
rec_63083744238160,cust_bbd0fe6c6108,pay_27ffdd49e14bb3,4,0.7,1,677.77,INR,upi,unknown,2,13.72,RETRY,RETRY,1,False,0.0,0.0
rec_0dae48adea21fe,cust_bbd0fe6c6108,pay_27ffdd49e14bb3,4,0.7,1,677.77,INR,upi,unknown,3,21.51,ESCALATE,RETRY,2,False,0.0,0.0
rec_d579d65c1d5c94,cust_5b249c2a9e5c,pay_e98c9cdd15b9dd,25,0.757,6,1164.88,INR,card,insufficient_funds,1,0.17,RETRY,,0,False,0.0,0.0
rec_8f9df875606c18,cust_20733f6d0d6a,pay_74d033a10d82f2,19,0.791,4,2271.42,INR,card,payment_method_issue,1,0.86,REMINDER,,0,False,0.0,0.0
rec_4fdf9224c8a27d,cust_20733f6d0d6a,pay_74d033a10d82f2,19,0.791,4,2271.42,INR,card,payment_method_issue,2,7.2,PAYMENT_LINK,REMINDER,1,True,2271.42,7.37
rec_25e7f2f2490f40,cust_587ef3446f3f,pay_47ff2895217b60,3,0.367,2,708.63,INR,card,payment_method_issue,1,0.66,REMINDER,,0,False,0.0,0.0
rec_2c4248777dd6c9,cust_587ef3446f3f,pay_47ff2895217b60,3,0.367,2,708.63,INR,card,payment_method_issue,2,17.85,ESCALATE,REMINDER,1,False,0.0,0.0
rec_2461e60a63a958,cust_47c58839c42c,pay_e84e3bd6753be4,16,0.96,1,10234.0,INR,upi,bank_timeout,1,1.74,RETRY,,0,False,0.0,0.0
rec_12c3ce0479bc4f,cust_47c58839c42c,pay_e84e3bd6753be4,16,0.96,1,10234.0,INR,upi,bank_timeout,2,4.02,PAYMENT_LINK,RETRY,1,False,0.0,0.0
rec_f7339a3c3b2172,cust_6a5d932b45ff,pay_7a14ecb7ae0433,22,0.901,2,2154.32,INR,netbanking,bank_timeout,1,0.37,RETRY,,0,True,2154.32,1.79
rec_4c3246cb249a03,cust_bb64a525bc65,pay_21c285cf98f7f2,3,0.54,1,3089.95,INR,card,authentication_failed,1,0.52,PAYMENT_LINK,,0,True,3089.95,2.4
rec_073d7123cb2e29,cust_93acb00e32ee,pay_aa5cd48d4c1d0d,1,0.943,0,4203.31,INR,netbanking,insufficient_funds,1,0.95,PAYMENT_LINK,,0,False,0.0,0.0
rec_29bcd70ad28b06,cust_93acb00e32ee,pay_aa5cd48d4c1d0d,1,0.943,0,4203.31,INR,netbanking,insufficient_funds,2,7.43,REMINDER,PAYMENT_LINK,1,False,0.0,0.0
rec_b4040d42e57a86,cust_93acb00e32ee,pay_aa5cd48d4c1d0d,1,0.943,0,4203.31,INR,netbanking,insufficient_funds,3,13.65,PAYMENT_LINK,REMINDER,2,False,0.0,0.0
rec_f2dccb2fef1c01,cust_b95677318a4c,pay_eaa0555a688286,5,0.666,2,1888.85,INR,card,authentication_failed,1,1.7,RETRY,,0,False,0.0,0.0
rec_cdedc09c70f079,cust_2e2cb8506b17,pay_7a2ca21eb661fe,11,0.375,7,8378.56,INR,card,insufficient_funds,1,0.78,REMINDER,,0,False,0.0,0.0
rec_6c58930f1c50bf,cust_ccb1063d25a7,pay_4d7ed0203840ed,5,0.682,2,3928.7,INR,netbanking,network_error,1,1.59,REMINDER,,0,True,3928.7,2.38
rec_f1c05fdb50bd4a,cust_cb35097ae5dd,pay_b3a5569433191a,9,0.783,2,2101.86,INR,upi,insufficient_funds,1,1.31,PAYMENT_LINK,,0,True,2101.86,2.06
rec_3a161b35e81b62,cust_93676a024fdc,pay_19a974c08090c1,21,0.298,15,11609.61,INR,card,insufficient_funds,1,1.55,PAYMENT_LINK,,0,False,0.0,0.0
rec_094f4ef4087d86,cust_93676a024fdc,pay_19a974c08090c1,21,0.298,15,11609.61,INR,card,insufficient_funds,2,11.25,PAYMENT_LINK,PAYMENT_LINK,1,False,0.0,0.0
rec_1cbd175f5f5619,cust_f7aeede80a11,pay_175b61b1416ad0,8,0.881,1,337.43,INR,card,unknown,1,1.22,REMINDER,,0,True,337.43,2.06
rec_f16b83b600a90f,cust_7f96dd35cca9,pay_203382d90990db,2,0.796,0,8468.52,INR,card,unknown,1,0.38,PAYMENT_LINK,,0,False,0.0,0.0
rec_563f277e5c20df,cust_7f96dd35cca9,pay_203382d90990db,2,0.796,0,8468.52,INR,card,unknown,2,5.44,ESCALATE,PAYMENT_LINK,1,True,8468.52,7.35
rec_0bcb3b12cf6409,cust_0dc5fb068d58,pay_e9c61ca0d8590e,6,0.679,2,8134.62,INR,card,insufficient_funds,1,1.25,PAYMENT_LINK,,0,True,8134.62,3.53
rec_b5704f48b206b8,cust_49a23a89e6b5,pay_c4631d0b786bce,4,0.703,1,562.54,INR,card,bank_timeout,1,1.42,RETRY,,0,True,562.54,2.17
rec_688e3351fc6200,cust_26e6a84a4617,pay_12129c91d2be65,8,0.643,3,6041.38,INR,card,technical_error,1,1.14,RETRY,,0,False,0.0,0.0
rec_7a6c30623c0b0e,cust_26e6a84a4617,pay_12129c91d2be65,8,0.643,3,6041.38,INR,card,technical_error,2,11.99,STOP,RETRY,1,False,0.0,0.0
rec_1b75614faa0856,cust_66245bfa4fcc,pay_357fa0165ff8c2,3,0.904,0,2338.21,INR,card,bank_timeout,1,0.49,RETRY,,0,True,2338.21,1.67
rec_ec0d6896338a45,cust_95831d58ef4c,pay_c74745ddcefb8f,10,0.741,3,2221.79,INR,netbanking,insufficient_funds,1,0.58,PAYMENT_LINK,,0,True,2221.79,2.66
rec_0265052121911e,cust_a06a187de2e6,pay_55a94753140974,24,0.851,4,971.75,INR,netbanking,bank_timeout,1,0.83,REMINDER,,0,False,0.0,0.0
rec_3c4e05385e95aa,cust_1c31aaf3c76a,pay_4808b2408ed1be,5,0.89,1,1463.9,INR,card,bank_timeout,1,1.82,RETRY,,0,True,1463.9,2.37
rec_42cb006c53f26c,cust_15ab7cd271b9,pay_e893a5876dbaae,19,0.898,2,3567.09,INR,upi,bank_timeout,1,0.16,RETRY,,0,True,3567.09,1.52
rec_7ab2dc32012900,cust_c5c5ae8abe15,pay_befc8c3e8eff12,4,0.747,1,46485.82,INR,netbanking,bank_timeout,1,0.48,RETRY,,0,True,46485.82,2.02
rec_ec2add3ae9aa7c,cust_e2add909c521,pay_0fd482dc98acd6,4,0.702,1,555.46,INR,card,network_error,1,1.1,PAYMENT_LINK,,0,True,555.46,2.14
rec_5bcc5a3cb5ed03,cust_f1773294a4d2,pay_2db38634bfa55a,15,0.776,3,6568.74,INR,card,authentication_failed,1,0.73,PAYMENT_LINK,,0,True,6568.74,0.98
rec_c4b95acb1ed2ad,cust_d91b1cb635ea,pay_9e3505d3e54344,6,0.397,4,925.8,INR,netbanking,unknown,1,1.07,RETRY,,0,False,0.0,0.0
rec_0384640a61c68d,cust_d91b1cb635ea,pay_9e3505d3e54344,6,0.397,4,925.8,INR,netbanking,unknown,2,8.69,PAYMENT_LINK,RETRY,1,False,0.0,0.0
rec_96c168efd8be38,cust_e7ba26acab7a,pay_4816ab3676f3bd,2,0.864,0,1500.4,INR,card,insufficient_funds,1,0.25,REMINDER,,0,False,0.0,0.0
rec_d0fdb7f5d42bf0,cust_061efb9568f8,pay_edfd34fb48b274,28,0.769,6,2691.97,INR,upi,insufficient_funds,1,1.08,REMINDER,,0,False,0.0,0.0
rec_78829cdda840fa,cust_1ee26f39eed4,pay_b32ba7d2645ba1,16,0.731,4,1381.37,INR,upi,bank_timeout,1,1.28,RETRY,,0,True,1381.37,3.04
rec_5c4fe57862b292,cust_3e4c943a3dab,pay_6b6cc4b05c2237,3,0.732,1,9387.81,INR,card,bank_timeout,1,0.33,REMINDER,,0,False,0.0,0.0
rec_8427a8d7ed16dc,cust_3e4c943a3dab,pay_6b6cc4b05c2237,3,0.732,1,9387.81,INR,card,bank_timeout,2,11.65,REMINDER,REMINDER,1,False,0.0,0.0
rec_f3a22d6a14a607,cust_b6ac20488430,pay_6988ff47a407bb,12,0.723,3,2917.94,INR,card,technical_error,1,1.8,RETRY,,0,False,0.0,0.0
rec_3a30fa21b93c54,cust_b6ac20488430,pay_6988ff47a407bb,12,0.723,3,2917.94,INR,card,technical_error,2,13.94,REMINDER,RETRY,1,False,0.0,0.0
rec_f7c9fdd42d45af,cust_76d70561d2d1,pay_29297519788178,8,0.56,4,533.22,INR,upi,insufficient_funds,1,0.69,PAYMENT_LINK,,0,True,533.22,2.65
rec_f90ee4c5713218,cust_258483851915,pay_1c3a628160838f,5,0.93,0,599.87,INR,upi,authentication_failed,1,1.4,REMINDER,,0,False,0.0,0.0
rec_9ca043125372bb,cust_258483851915,pay_1c3a628160838f,5,0.93,0,599.87,INR,upi,authentication_failed,2,5.28,ESCALATE,REMINDER,1,False,0.0,0.0
rec_718d9d1ccf9065,cust_e7ba26acab7a,pay_ed39391addf693,2,0.864,0,6353.15,INR,card,authentication_failed,1,1.38,PAYMENT_LINK,,0,False,0.0,0.0
rec_57865fa2643bb9,cust_e7ba26acab7a,pay_ed39391addf693,2,0.864,0,6353.15,INR,card,authentication_failed,2,18.26,STOP,PAYMENT_LINK,1,False,0.0,0.0
rec_2f69e949827219,cust_632dbb5e486b,pay_c897322c37bacd,7,0.744,2,3212.39,INR,upi,network_error,1,0.47,RETRY,,0,True,3212.39,1.41
rec_9f58aa68153d11,cust_93364f7e83ef,pay_38101334eddf7b,2,0.513,1,49389.64,INR,upi,network_error,1,1.95,RETRY,,0,True,49389.64,4.42
rec_ec312fa2ca436e,cust_3c70dfcafba2,pay_2e99521ba24d2c,2,0.906,0,6368.94,INR,card,insufficient_funds,1,1.06,PAYMENT_LINK,,0,False,0.0,0.0
rec_5bab2db4ee4f78,cust_3c70dfcafba2,pay_2e99521ba24d2c,2,0.906,0,6368.94,INR,card,insufficient_funds,2,12.15,REMINDER,PAYMENT_LINK,1,True,6368.94,13.47
rec_2862172222d458,cust_6b352f85504e,pay_705a346e9c8405,1,0.298,1,292.19,INR,card,authentication_failed,1,1.15,REMINDER,,0,False,0.0,0.0
rec_66f23510902fc1,cust_1eac41d9801f,pay_808271b7fa2e2d,11,0.281,8,7069.59,INR,card,network_error,1,1.61,RETRY,,0,False,0.0,0.0
rec_5a95c9fcbc18e6,cust_6d84414df541,pay_dd7d02c5ad18b1,2,0.444,1,7103.54,INR,netbanking,insufficient_funds,1,0.51,PAYMENT_LINK,,0,True,7103.54,0.77
rec_d8ed92f3a2a373,cust_61af663ced2e,pay_cb7ee3207a1c76,19,0.781,4,570.2,INR,netbanking,authentication_failed,1,0.33,PAYMENT_LINK,,0,False,0.0,0.0
rec_7dcb2203d10b37,cust_61af663ced2e,pay_cb7ee3207a1c76,19,0.781,4,570.2,INR,netbanking,authentication_failed,2,15.73,PAYMENT_LINK,PAYMENT_LINK,1,True,570.2,16.7
rec_e869ea14420216,cust_a2fba345a84c,pay_64a6fefa69f004,63,0.742,16,2603.1,INR,upi,network_error,1,0.34,RETRY,,0,True,2603.1,1.51
rec_45ccb33f764edb,cust_439db29d4bc8,pay_1116865bc3d15d,2,0.765,0,1743.7,INR,card,insufficient_funds,1,0.45,REMINDER,,0,False,0.0,0.0
rec_dd99c3455fa9c5,cust_439db29d4bc8,pay_1116865bc3d15d,2,0.765,0,1743.7,INR,card,insufficient_funds,2,16.64,PAYMENT_LINK,REMINDER,1,True,1743.7,17.41
rec_d84f588e03dd3d,cust_50e08a8175ea,pay_87340bbacde21a,12,0.811,2,2552.14,INR,card,insufficient_funds,1,1.22,REMINDER,,0,False,0.0,0.0
rec_6b031a0bf7d850,cust_63f2ae24fc3d,pay_6d5faa530cbb16,3,0.716,1,2049.75,INR,card,technical_error,1,1.42,RETRY,,0,True,2049.75,2.25
rec_8d6e36595ca5eb,cust_e45a87e8039a,pay_a03e2cf4541fc7,6,0.756,1,2535.58,INR,card,bank_timeout,1,0.36,PAYMENT_LINK,,0,False,0.0,0.0
rec_983202863a76ff,cust_e45a87e8039a,pay_a03e2cf4541fc7,6,0.756,1,2535.58,INR,card,bank_timeout,2,3.38,PAYMENT_LINK,PAYMENT_LINK,1,True,2535.58,4.69
rec_c527dbd9cac965,cust_177d6e7e07d9,pay_a33becdd6f0115,11,0.74,3,8719.89,INR,netbanking,bank_timeout,1,1.63,PAYMENT_LINK,,0,False,0.0,0.0
rec_e00640df8f884a,cust_e9570a2af7f4,pay_aff46fc6077698,4,0.923,0,7322.14,INR,card,network_error,1,0.51,PAYMENT_LINK,,0,True,7322.14,1.71
rec_b29f54d7d3e500,cust_114890547b6c,pay_edf7fe790d9159,13,0.39,8,2652.22,INR,upi,insufficient_funds,1,0.77,PAYMENT_LINK,,0,False,0.0,0.0
rec_4a702423dd3c90,cust_b22f2e910411,pay_0a6b804747cba7,5,0.704,1,255.78,INR,card,authentication_failed,1,1.17,PAYMENT_LINK,,0,True,255.78,2.33
rec_8c96094ebb6518,cust_8325bd9ebf98,pay_280382c45bb9f1,8,0.816,1,2021.98,INR,card,bank_timeout,1,0.59,RETRY,,0,False,0.0,0.0
rec_686b006252e819,cust_47e321c2a4ba,pay_3819db12b21501,9,0.746,2,1979.92,INR,upi,authentication_failed,1,1.71,RETRY,,0,False,0.0,0.0
rec_5336065044b454,cust_47e321c2a4ba,pay_3819db12b21501,9,0.746,2,1979.92,INR,upi,authentication_failed,2,4.14,RETRY,RETRY,1,False,0.0,0.0
rec_98291d713e7ea0,cust_a92f85fe258f,pay_70674e974619f3,27,0.53,13,1898.91,INR,card,bank_timeout,1,0.81,RETRY,,0,True,1898.91,1.11
rec_9899375a401d51,cust_6307d4d121c9,pay_a5f4b92efac647,10,0.684,3,8470.89,INR,upi,bank_timeout,1,1.34,RETRY,,0,False,0.0,0.0
rec_0ef01e6c3bde5a,cust_6307d4d121c9,pay_a5f4b92efac647,10,0.684,3,8470.89,INR,upi,bank_timeout,2,13.76,PAYMENT_LINK,RETRY,1,False,0.0,0.0
rec_3ffb48ef81f5c0,cust_8941bdd39803,pay_c8ca72c0ff02aa,6,0.871,1,1280.28,INR,card,network_error,1,1.34,RETRY,,0,True,1280.28,3.45
rec_00d62e5c7583bd,cust_d2eba277f64d,pay_82bc25e8081557,15,0.504,7,2719.19,INR,upi,authentication_failed,1,0.28,PAYMENT_LINK,,0,True,2719.19,0.61
rec_901683cd1075f7,cust_7862246c092e,pay_c9926492b2ae8b,20,0.742,5,1083.59,INR,netbanking,network_error,1,1.7,RETRY,,0,True,1083.59,4.13
rec_576818b56816e3,cust_68e5c8cdb414,pay_1625180de190d1,3,0.846,0,962.09,INR,upi,network_error,1,0.35,PAYMENT_LINK,,0,False,0.0,0.0
rec_bea78a514c6258,cust_afe3af138917,pay_ae30ecb12c3109,10,0.61,4,3098.54,INR,card,authentication_failed,1,1.07,REMINDER,,0,False,0.0,0.0
rec_5e63b63681cf84,cust_afe3af138917,pay_ae30ecb12c3109,10,0.61,4,3098.54,INR,card,authentication_failed,2,15.67,PAYMENT_LINK,REMINDER,1,True,3098.54,16.81
rec_6a8b6b0e76a3fc,cust_171726543b99,pay_b999ddc0f6f0f5,2,0.9,0,3703.65,INR,upi,authentication_failed,1,0.77,PAYMENT_LINK,,0,True,3703.65,3.1
rec_c8552258317572,cust_52b0147bf052,pay_acde3bc39742fb,34,0.964,1,39445.44,INR,card,payment_method_issue,1,0.96,PAYMENT_LINK,,0,True,39445.44,3.05
rec_ec3a223743ca36,cust_b22f2e910411,pay_949d9991e9b439,5,0.704,1,1123.55,INR,upi,bank_timeout,1,1.99,RETRY,,0,True,1123.55,2.14
rec_707185300c0647,cust_2d54ff2b10ee,pay_75465a86966fb4,7,0.977,0,10312.76,INR,netbanking,authentication_failed,1,1.95,RETRY,,0,True,10312.76,3.85
rec_5e5901b724e38b,cust_6507c321f0b6,pay_52fc4068083902,9,0.838,1,9901.06,INR,netbanking,payment_method_issue,1,1.12,REMINDER,,0,False,0.0,0.0
rec_680e8a12ff7701,cust_6507c321f0b6,pay_52fc4068083902,9,0.838,1,9901.06,INR,netbanking,payment_method_issue,2,6.69,REMINDER,REMINDER,1,False,0.0,0.0
rec_208767acd6d1fa,cust_c156e501b30e,pay_e35b1be05f8cce,29,0.811,5,1297.56,INR,card,technical_error,1,1.02,RETRY,,0,True,1297.56,3.4
rec_c4b033ada17131,cust_711c21c9bdc1,pay_f9cfeef71de4e8,1,0.878,0,1327.55,INR,netbanking,unknown,1,1.81,PAYMENT_LINK,,0,False,0.0,0.0
rec_ceda3ad1a75a75,cust_711c21c9bdc1,pay_f9cfeef71de4e8,1,0.878,0,1327.55,INR,netbanking,unknown,2,14.82,REMINDER,PAYMENT_LINK,1,True,1327.55,16.15
rec_f8be5ca281a113,cust_639c4c6c2926,pay_afabce11bd0144,5,0.895,1,1302.57,INR,card,authentication_failed,1,1.46,ESCALATE,,0,False,0.0,0.0
rec_d3e9b14aabd6a9,cust_639c4c6c2926,pay_afabce11bd0144,5,0.895,1,1302.57,INR,card,authentication_failed,2,13.15,ESCALATE,ESCALATE,1,True,1302.57,13.56
rec_4880b8fa039ed0,cust_57d337d34fd8,pay_ebd121d9081478,40,0.963,1,553.13,INR,upi,insufficient_funds,1,0.5,REMINDER,,0,True,553.13,1.17
rec_c49aa38a62f76b,cust_f8d8b7f1c86c,pay_c6811b98db4279,14,0.833,2,2343.46,INR,wallet,insufficient_funds,1,1.81,PAYMENT_LINK,,0,True,2343.46,3.48
rec_ac4c125fdfa644,cust_1dba12677e1c,pay_0ff99d870d9aa9,7,0.965,0,1432.77,INR,card,unknown,1,1.78,RETRY,,0,True,1432.77,4.06
rec_0d5870da7f762d,cust_27035b27958c,pay_80284f5fc1d26c,5,0.873,1,2527.74,INR,upi,insufficient_funds,1,1.86,REMINDER,,0,False,0.0,0.0
rec_0fe0b1f2f3714a,cust_27035b27958c,pay_80284f5fc1d26c,5,0.873,1,2527.74,INR,upi,insufficient_funds,2,11.87,REMINDER,REMINDER,1,True,2527.74,13.9
rec_e3d099cf50aab2,cust_243012dab185,pay_8fbcd825c14bf1,2,0.786,0,28897.8,INR,upi,bank_timeout,1,1.69,ESCALATE,,0,True,28897.8,2.83
rec_638d8c3fb0955e,cust_19474d1a63d3,pay_f94a52906fb25b,12,0.708,4,2262.05,INR,upi,bank_timeout,1,0.81,PAYMENT_LINK,,0,False,0.0,0.0
rec_f589bbe32b24b5,cust_19474d1a63d3,pay_f94a52906fb25b,12,0.708,4,2262.05,INR,upi,bank_timeout,2,8.41,REMINDER,PAYMENT_LINK,1,False,0.0,0.0
rec_797d3e14ccd668,cust_2dbb45bd2138,pay_f47bfa239a52b8,2,0.719,1,4275.86,INR,card,bank_timeout,1,0.9,RETRY,,0,True,4275.86,3.05
rec_40efa2a735735b,cust_35ebd32d9ad6,pay_6fe11970c5932f,2,0.855,0,2025.33,INR,card,bank_timeout,1,0.25,RETRY,,0,True,2025.33,2.02
rec_f3e1ef113ee984,cust_0a17991ea576,pay_09168fa7d7d5c5,13,0.526,6,2910.33,INR,card,insufficient_funds,1,0.37,RETRY,,0,False,0.0,0.0
rec_d6de5eb3071893,cust_19e79a3de920,pay_3d5472ffad0364,10,0.706,3,1757.5,INR,wallet,payment_method_issue,1,1.05,RETRY,,0,True,1757.5,3.36
rec_6e55b2218abe1f,cust_b03b693479ab,pay_effe4252e95110,19,0.712,5,8154.18,INR,upi,technical_error,1,1.61,RETRY,,0,False,0.0,0.0
rec_62810c0233eac0,cust_22f9cafe2eb2,pay_1ce0b264c608e8,17,0.432,10,247.53,INR,card,bank_timeout,1,1.01,RETRY,,0,True,247.53,2.2
rec_53ef50d9103965,cust_c1836315330f,pay_2a82e19748efa8,7,0.636,3,8939.88,INR,upi,technical_error,1,1.93,REMINDER,,0,False,0.0,0.0
rec_3d795f399fe57c,cust_c1836315330f,pay_2a82e19748efa8,7,0.636,3,8939.88,INR,upi,technical_error,2,16.96,PAYMENT_LINK,REMINDER,1,True,8939.88,18.96
rec_f27d216c5bd24f,cust_04022b3c5082,pay_0466184534f222,28,0.709,8,1280.66,INR,upi,authentication_failed,1,1.65,PAYMENT_LINK,,0,False,0.0,0.0
rec_bdf2d2caf33207,cust_04022b3c5082,pay_0466184534f222,28,0.709,8,1280.66,INR,upi,authentication_failed,2,11.03,REMINDER,PAYMENT_LINK,1,False,0.0,0.0
rec_8cd2e4f50589ec,cust_04022b3c5082,pay_0466184534f222,28,0.709,8,1280.66,INR,upi,authentication_failed,3,24.93,STOP,REMINDER,2,False,0.0,0.0
rec_3c9422b2fadc5f,cust_b0e8b2fa4fc3,pay_234d62125eb464,1,0.656,0,552.9,INR,upi,authentication_failed,1,0.62,PAYMENT_LINK,,0,True,552.9,1.4
rec_2b4820ca20119a,cust_02a13629aae6,pay_f98dd6a8e2b94f,1,0.771,0,1093.15,INR,card,payment_method_issue,1,1.66,RETRY,,0,False,0.0,0.0
rec_59088d9102c327,cust_2cd94cbbc19a,pay_3c2c66b3e488aa,94,0.775,21,9627.71,INR,card,payment_method_issue,1,1.1,PAYMENT_LINK,,0,True,9627.71,1.61
rec_9ed69269b02c78,cust_1834a40dbecf,pay_3a2ef0d4e6a77d,1,0.86,0,545.77,INR,upi,bank_timeout,1,0.37,ESCALATE,,0,False,0.0,0.0
rec_374e79e88c9d3d,cust_bb2aa1462999,pay_f1fc1bec1fecba,23,0.754,6,2631.82,INR,upi,bank_timeout,1,1.86,RETRY,,0,True,2631.82,3.35
rec_cfcf8ef9fdf809,cust_157d94a106f0,pay_91ea290495b23a,12,0.81,2,812.04,INR,card,authentication_failed,1,0.22,REMINDER,,0,True,812.04,1.85
rec_c3b1940e3434a2,cust_37bb3eec4bf5,pay_c215517ddbc164,65,0.901,6,7591.45,INR,upi,insufficient_funds,1,1.85,REMINDER,,0,False,0.0,0.0
rec_2de275816bf1c2,cust_37bb3eec4bf5,pay_c215517ddbc164,65,0.901,6,7591.45,INR,upi,insufficient_funds,2,8.93,STOP,REMINDER,1,False,0.0,0.0
rec_751024db094473,cust_bc4716ad0970,pay_5e879695f14f0c,25,0.862,3,1769.96,INR,card,authentication_failed,1,1.98,REMINDER,,0,False,0.0,0.0
rec_2893e94e45fc0b,cust_bc4716ad0970,pay_5e879695f14f0c,25,0.862,3,1769.96,INR,card,authentication_failed,2,10.51,REMINDER,REMINDER,1,True,1769.96,11.24
rec_93a9fd74252e19,cust_b4522738e073,pay_8796cc19932b39,3,0.81,1,8703.57,INR,upi,authentication_failed,1,0.15,REMINDER,,0,True,8703.57,2.09
rec_d996effac68532,cust_b3292925b107,pay_fbd39f0f417217,7,0.888,1,2518.36,INR,card,payment_method_issue,1,0.6,PAYMENT_LINK,,0,True,2518.36,1.6
rec_3f189b89c7bced,cust_953b0f1fea3e,pay_9b5737d1ac5239,1,0.78,0,6022.81,INR,upi,insufficient_funds,1,1.07,REMINDER,,0,False,0.0,0.0
rec_6bdfab273dde33,cust_953b0f1fea3e,pay_9b5737d1ac5239,1,0.78,0,6022.81,INR,upi,insufficient_funds,2,16.43,REMINDER,REMINDER,1,True,6022.81,17.31
rec_60b7a3ef97d7e8,cust_00c59f30d103,pay_e83757002c1f9f,8,0.568,3,808.94,INR,card,insufficient_funds,1,1.06,RETRY,,0,False,0.0,0.0
rec_0c9433fd1f75d3,cust_4c955f6a966b,pay_4e4ff1484a97ee,14,0.824,2,6500.89,INR,upi,insufficient_funds,1,1.21,REMINDER,,0,False,0.0,0.0
rec_a8a0da2a2ab053,cust_4c955f6a966b,pay_4e4ff1484a97ee,14,0.824,2,6500.89,INR,upi,insufficient_funds,2,10.94,PAYMENT_LINK,REMINDER,1,True,6500.89,13.12
rec_05dc0f1b5cba99,cust_56d44952ee29,pay_ea402b5ad6c028,10,0.773,2,231.21,INR,netbanking,authentication_failed,1,1.72,RETRY,,0,False,0.0,0.0
rec_7ee90fa31bfe10,cust_924cde09ccea,pay_04c1af176f5621,28,0.841,4,5441.98,INR,upi,unknown,1,1.11,PAYMENT_LINK,,0,False,0.0,0.0
rec_2146861bf3d5a5,cust_924cde09ccea,pay_04c1af176f5621,28,0.841,4,5441.98,INR,upi,unknown,2,7.66,REMINDER,PAYMENT_LINK,1,False,0.0,0.0
rec_f755f0da5aed11,cust_b076a7dcfd0c,pay_b2b5c888993131,28,0.912,2,8717.91,INR,netbanking,authentication_failed,1,1.01,PAYMENT_LINK,,0,False,0.0,0.0
rec_f33bc866cf3c36,cust_b076a7dcfd0c,pay_b2b5c888993131,28,0.912,2,8717.91,INR,netbanking,authentication_failed,2,12.86,ESCALATE,PAYMENT_LINK,1,True,8717.91,14.06
rec_4a7ddea6c66c7f,cust_e05277394d40,pay_910e948401a92f,5,0.888,1,7108.41,INR,card,insufficient_funds,1,0.16,REMINDER,,0,True,7108.41,0.69
rec_052efafc41e01f,cust_1b1f2eb16e32,pay_c44a425cfb51ca,14,0.911,1,574.44,INR,upi,network_error,1,1.28,RETRY,,0,True,574.44,2.57
rec_b3e4314571e775,cust_dff47c515ed1,pay_adb32f98d38300,28,0.882,3,1127.72,INR,upi,insufficient_funds,1,1.75,RETRY,,0,False,0.0,0.0
rec_6b652a9684bad0,cust_92ef63c1781f,pay_eab200d9a08061,6,0.831,1,1525.49,INR,upi,insufficient_funds,1,0.37,RETRY,,0,True,1525.49,2.26
rec_e93371548cbac9,cust_a92f85fe258f,pay_6637c2df2a2a47,27,0.53,13,1048.56,INR,card,authentication_failed,1,0.27,REMINDER,,0,False,0.0,0.0
rec_5b171df6a5901a,cust_a92f85fe258f,pay_6637c2df2a2a47,27,0.53,13,1048.56,INR,card,authentication_failed,2,3.46,REMINDER,REMINDER,1,False,0.0,0.0
rec_6ea229ad435d70,cust_47c58839c42c,pay_c64c07de1a6e71,16,0.96,1,506.99,INR,card,bank_timeout,1,1.12,RETRY,,0,True,506.99,1.83
rec_1c6d5cc675fa56,cust_eefb2a247169,pay_cc404f188830dd,7,0.744,2,7758.07,INR,upi,network_error,1,0.7,REMINDER,,0,False,0.0,0.0
rec_20c7c3a012f88a,cust_4f10aae3b518,pay_2f5f967e72789d,25,0.86,4,2831.26,INR,upi,authentication_failed,1,0.48,REMINDER,,0,False,0.0,0.0
rec_1b82c11cb95997,cust_4f10aae3b518,pay_2f5f967e72789d,25,0.86,4,2831.26,INR,upi,authentication_failed,2,6.44,REMINDER,REMINDER,1,False,0.0,0.0
rec_705e09ca382c4a,cust_4f10aae3b518,pay_2f5f967e72789d,25,0.86,4,2831.26,INR,upi,authentication_failed,3,13.74,PAYMENT_LINK,REMINDER,2,False,0.0,0.0
rec_451fff9f651198,cust_1af026df3f64,pay_a9f465ef73bbc4,16,0.9,2,3182.26,INR,upi,bank_timeout,1,1.43,RETRY,,0,False,0.0,0.0
rec_085f608bf7e73f,cust_1af026df3f64,pay_a9f465ef73bbc4,16,0.9,2,3182.26,INR,upi,bank_timeout,2,6.54,PAYMENT_LINK,RETRY,1,False,0.0,0.0
rec_56dbb690c1eb87,cust_1af026df3f64,pay_a9f465ef73bbc4,16,0.9,2,3182.26,INR,upi,bank_timeout,3,14.92,PAYMENT_LINK,PAYMENT_LINK,2,False,0.0,0.0
rec_b5c174cc684b9a,cust_d73d52baca17,pay_09982fa4493754,3,0.867,0,5544.68,INR,card,bank_timeout,1,1.91,RETRY,,0,True,5544.68,3.23
rec_637c0a4f31d6d3,cust_89953dd10976,pay_6af0ebbeb76dc1,19,0.755,5,48928.84,INR,upi,authentication_failed,1,1.66,PAYMENT_LINK,,0,False,0.0,0.0
rec_94e1f1c27e70e1,cust_89953dd10976,pay_6af0ebbeb76dc1,19,0.755,5,48928.84,INR,upi,authentication_failed,2,13.87,PAYMENT_LINK,PAYMENT_LINK,1,False,0.0,0.0
rec_f9b71d25f251ef,cust_e2add909c521,pay_7ca5718c912789,4,0.702,1,11421.85,INR,wallet,authentication_failed,1,1.65,RETRY,,0,False,0.0,0.0
rec_3071eb63c1d3fa,cust_e2add909c521,pay_7ca5718c912789,4,0.702,1,11421.85,INR,wallet,authentication_failed,2,14.84,REMINDER,RETRY,1,False,0.0,0.0
rec_5248a167ed1a45,cust_b836c448ad26,pay_be4538af81d151,20,0.823,4,1905.73,INR,upi,bank_timeout,1,1.94,PAYMENT_LINK,,0,False,0.0,0.0
rec_8037c4fb49b6b9,cust_1139fa1234c1,pay_2d943223d6f403,7,0.947,0,2003.34,INR,upi,bank_timeout,1,0.68,RETRY,,0,False,0.0,0.0
rec_dd97582f73e833,cust_5fb8d16c2720,pay_5fd414dde50213,25,0.879,3,932.79,INR,card,bank_timeout,1,0.34,RETRY,,0,True,932.79,2.35
rec_282b68519b87e8,cust_8cb6b0ba925f,pay_b534c27fd9cd88,4,0.767,1,2092.35,INR,upi,bank_timeout,1,0.33,RETRY,,0,False,0.0,0.0
rec_925ef44bcb4924,cust_8cb6b0ba925f,pay_b534c27fd9cd88,4,0.767,1,2092.35,INR,upi,bank_timeout,2,10.9,RETRY,RETRY,1,False,0.0,0.0
rec_3bd3c9f9562d0a,cust_8cb6b0ba925f,pay_b534c27fd9cd88,4,0.767,1,2092.35,INR,upi,bank_timeout,3,19.35,ESCALATE,RETRY,2,True,2092.35,19.95
rec_2d64a451016866,cust_95a0f35665ab,pay_2d0174331bee53,4,0.89,0,12453.65,INR,card,technical_error,1,0.7,RETRY,,0,False,0.0,0.0
rec_a41140642b33a8,cust_95a0f35665ab,pay_2d0174331bee53,4,0.89,0,12453.65,INR,card,technical_error,2,17.33,PAYMENT_LINK,RETRY,1,False,0.0,0.0
rec_25fed72cffab4b,cust_60971a15c806,pay_d86230e6c81e91,7,0.858,1,4716.77,INR,upi,payment_method_issue,1,0.21,PAYMENT_LINK,,0,False,0.0,0.0
rec_0a1030ab5dc084,cust_60971a15c806,pay_d86230e6c81e91,7,0.858,1,4716.77,INR,upi,payment_method_issue,2,11.37,PAYMENT_LINK,PAYMENT_LINK,1,False,0.0,0.0
rec_0a1da7ac384dd0,cust_99487f821831,pay_ff9fc57ec7aba8,34,0.915,3,3066.28,INR,upi,network_error,1,0.35,PAYMENT_LINK,,0,True,3066.28,2.33
rec_f7e40b141bed86,cust_5bb5c40c03cd,pay_51580bd35ef980,4,0.885,0,7372.96,INR,card,authentication_failed,1,0.87,REMINDER,,0,True,7372.96,3.31
rec_f8bca74eb8a261,cust_4edb6dc82d19,pay_4998023b2b8eed,11,0.855,2,2076.93,INR,netbanking,network_error,1,1.2,RETRY,,0,True,2076.93,1.73
rec_1991606023334a,cust_976749004651,pay_a3364b6193e19a,2,0.824,0,11337.14,INR,upi,payment_method_issue,1,1.69,PAYMENT_LINK,,0,True,11337.14,2.31
rec_809dad517abb5a,cust_1bf43b9f9fda,pay_15b6a26b9e1b82,4,0.43,2,459.67,INR,upi,bank_timeout,1,1.66,RETRY,,0,True,459.67,1.93
rec_b4d4377bb00be0,cust_9423251ebcb1,pay_dcde641fd02535,12,0.974,0,8958.19,INR,card,insufficient_funds,1,1.34,PAYMENT_LINK,,0,True,8958.19,2.99
rec_46bf67c25908f9,cust_f4ca6e7074b7,pay_c9c5709f9b3c90,43,0.713,12,441.74,INR,upi,bank_timeout,1,0.3,RETRY,,0,False,0.0,0.0
rec_140f0c7e0d45de,cust_f4ca6e7074b7,pay_c9c5709f9b3c90,43,0.713,12,441.74,INR,upi,bank_timeout,2,15.13,PAYMENT_LINK,RETRY,1,True,441.74,16.25
rec_a5cc72762548de,cust_8e867f3ca487,pay_f06544540050b1,23,0.61,9,23462.95,INR,wallet,technical_error,1,1.09,RETRY,,0,False,0.0,0.0
rec_b49e0e3b2d2ac3,cust_8e867f3ca487,pay_f06544540050b1,23,0.61,9,23462.95,INR,wallet,technical_error,2,13.1,REMINDER,RETRY,1,False,0.0,0.0
rec_902830f2ab16fd,cust_8e867f3ca487,pay_f06544540050b1,23,0.61,9,23462.95,INR,wallet,technical_error,3,23.02,REMINDER,REMINDER,2,False,0.0,0.0
rec_c30bdf3ae15ecc,cust_2b76a718566c,pay_fc75fe235f8d56,11,0.279,8,9326.6,INR,card,unknown,1,0.7,PAYMENT_LINK,,0,False,0.0,0.0
rec_cc3e448152388f,cust_6f96288295d8,pay_76c342322470a5,8,0.957,0,11581.25,INR,upi,technical_error,1,1.44,RETRY,,0,False,0.0,0.0
rec_6fda3789d701d8,cust_cd32e7120c76,pay_c5b602ae4f3b22,16,0.5,8,7091.49,INR,card,network_error,1,0.13,PAYMENT_LINK,,0,False,0.0,0.0
rec_ac15a3e2b62e49,cust_cd32e7120c76,pay_c5b602ae4f3b22,16,0.5,8,7091.49,INR,card,network_error,2,15.37,REMINDER,PAYMENT_LINK,1,False,0.0,0.0
rec_af9e07ce51d771,cust_3cd5fd7f49c1,pay_8b0990e924172b,10,0.848,2,5600.22,INR,card,bank_timeout,1,1.53,RETRY,,0,False,0.0,0.0
rec_57ab002b2a7c90,cust_3cd5fd7f49c1,pay_8b0990e924172b,10,0.848,2,5600.22,INR,card,bank_timeout,2,4.5,PAYMENT_LINK,RETRY,1,False,0.0,0.0
rec_a9eafe0c576cac,cust_bba1aed944cd,pay_c1a2c6d19f770e,16,0.736,4,235.81,INR,card,authentication_failed,1,1.26,PAYMENT_LINK,,0,True,235.81,3.52
rec_8b5fd4e5312235,cust_924cde09ccea,pay_ad5d5c2a760698,28,0.841,4,1553.47,INR,upi,bank_timeout,1,1.17,PAYMENT_LINK,,0,True,1553.47,3.56
rec_b005ebff5741a1,cust_9ea9f5083122,pay_2368c5d3a30891,29,0.727,8,1469.37,INR,upi,bank_timeout,1,0.32,RETRY,,0,False,0.0,0.0
rec_027f2467860a50,cust_9ea9f5083122,pay_2368c5d3a30891,29,0.727,8,1469.37,INR,upi,bank_timeout,2,4.76,REMINDER,RETRY,1,False,0.0,0.0
rec_bbf662e45b40d3,cust_9ea9f5083122,pay_2368c5d3a30891,29,0.727,8,1469.37,INR,upi,bank_timeout,3,22.47,PAYMENT_LINK,REMINDER,2,True,1469.37,23.84
rec_aa053a78a2eeac,cust_15149755838e,pay_78872fc5d0bc70,8,0.952,0,9290.02,INR,upi,network_error,1,1.89,PAYMENT_LINK,,0,False,0.0,0.0
rec_12860afd35f428,cust_ec191606a57d,pay_bb64287b903440,8,0.704,2,4261.01,INR,upi,authentication_failed,1,0.63,RETRY,,0,False,0.0,0.0
rec_e3e254fc803d59,cust_399557cb827e,pay_9200e1eab26579,2,0.837,0,11361.71,INR,upi,payment_method_issue,1,1.83,PAYMENT_LINK,,0,True,11361.71,3.44
rec_ca81bf9cf735c2,cust_8cb6b0ba925f,pay_f63420b3f34814,4,0.767,1,45824.5,INR,netbanking,insufficient_funds,1,0.52,REMINDER,,0,True,45824.5,2.15
rec_904e30f1d6285c,cust_a449d64f922d,pay_613cfcebac89ba,25,0.836,4,3604.34,INR,upi,authentication_failed,1,1.68,RETRY,,0,True,3604.34,3.5
rec_d42be9c65e835e,cust_96dd6c82a890,pay_1ec71dea1acdde,22,0.916,2,7535.52,INR,upi,insufficient_funds,1,0.4,RETRY,,0,False,0.0,0.0
rec_0c617fba001e02,cust_96dd6c82a890,pay_1ec71dea1acdde,22,0.916,2,7535.52,INR,upi,insufficient_funds,2,16.77,PAYMENT_LINK,RETRY,1,True,7535.52,18.36
rec_c1bad5f7fbc26c,cust_54c29d5c19ec,pay_317fd7b8d00206,35,0.949,2,1825.69,INR,netbanking,bank_timeout,1,0.85,RETRY,,0,False,0.0,0.0
rec_d582b38dadf05a,cust_60885550f74f,pay_177dde3fd96d6a,26,0.503,13,1290.72,INR,upi,insufficient_funds,1,0.5,RETRY,,0,False,0.0,0.0
rec_4315abae750c32,cust_60885550f74f,pay_177dde3fd96d6a,26,0.503,13,1290.72,INR,upi,insufficient_funds,2,12.35,RETRY,RETRY,1,False,0.0,0.0
rec_823da9af571e80,cust_cece36ae9fb2,pay_d1b8ab65ceaee4,5,0.827,1,11283.02,INR,card,network_error,1,1.53,RETRY,,0,True,11283.02,2.1
rec_488bc5ed4faaa1,cust_8bae295e902a,pay_6c2443050e40ea,18,0.903,2,1343.61,INR,upi,authentication_failed,1,1.27,PAYMENT_LINK,,0,True,1343.61,2.32
rec_392fda2e373f7f,cust_d8125123984f,pay_e89627fe80d494,46,0.973,1,1164.05,INR,card,authentication_failed,1,2.0,PAYMENT_LINK,,0,True,1164.05,2.76
rec_ee4e8cf15406cf,cust_29d0c613b0c7,pay_1da342490e48e3,5,0.859,1,1514.38,INR,upi,insufficient_funds,1,0.83,PAYMENT_LINK,,0,True,1514.38,3.33
rec_1bedd598648c15,cust_56c890a56538,pay_6d9ecb6f198db6,20,0.815,4,10265.97,INR,upi,payment_method_issue,1,1.26,REMINDER,,0,False,0.0,0.0
rec_f72d9ecf019796,cust_56c890a56538,pay_6d9ecb6f198db6,20,0.815,4,10265.97,INR,upi,payment_method_issue,2,11.44,PAYMENT_LINK,REMINDER,1,True,10265.97,13.42
rec_24c5e9ab2db807,cust_243113fd8e19,pay_64280da5e6d46b,16,0.966,1,2436.59,INR,card,technical_error,1,1.77,RETRY,,0,True,2436.59,3.14
rec_ee763cf40b55e9,cust_1ee26f39eed4,pay_1651b50b24485b,16,0.731,4,1347.29,INR,upi,insufficient_funds,1,0.93,ESCALATE,,0,True,1347.29,3.22
rec_cd3fd77cb160db,cust_24c778a59b4e,pay_c1fcc7947eac5a,1,0.836,0,2404.28,INR,card,insufficient_funds,1,0.95,PAYMENT_LINK,,0,False,0.0,0.0
rec_ed685dd3d080e1,cust_4da838b76947,pay_415169136aab28,16,0.946,1,636.98,INR,upi,payment_method_issue,1,1.35,REMINDER,,0,True,636.98,3.64
rec_eb9a0845e7a35e,cust_042c65ad9883,pay_433700eab06abb,8,0.903,1,443.56,INR,upi,authentication_failed,1,1.83,PAYMENT_LINK,,0,True,443.56,2.06
rec_6af0501cc3a374,cust_a9c3640de411,pay_122d161bce82b4,3,0.842,0,21282.27,INR,upi,network_error,1,1.03,RETRY,,0,False,0.0,0.0
rec_4ebdfd092ec912,cust_f143262fdc5c,pay_3f9a2833d320d3,6,0.483,3,10514.49,INR,card,network_error,1,0.26,RETRY,,0,True,10514.49,1.28
rec_8e28598c368142,cust_79dbf407c5c6,pay_6aac67f45d3398,13,0.433,7,3778.12,INR,card,bank_timeout,1,1.89,RETRY,,0,False,0.0,0.0
rec_c5113e114bea44,cust_79dbf407c5c6,pay_6aac67f45d3398,13,0.433,7,3778.12,INR,card,bank_timeout,2,14.97,RETRY,RETRY,1,False,0.0,0.0
rec_fc74da51a46eb3,cust_79dbf407c5c6,pay_6aac67f45d3398,13,0.433,7,3778.12,INR,card,bank_timeout,3,21.26,STOP,RETRY,2,False,0.0,0.0
rec_c8fa91ce4a6e46,cust_b7b651ee028b,pay_00ea25f2ccb414,19,0.708,6,1117.06,INR,upi,bank_timeout,1,1.88,PAYMENT_LINK,,0,False,0.0,0.0
rec_c832b0c640ca46,cust_7b3a4e3e7c52,pay_018f21b5eafb51,42,0.623,16,2025.97,INR,netbanking,unknown,1,1.39,PAYMENT_LINK,,0,False,0.0,0.0
rec_75b580e8806f20,cust_7b3a4e3e7c52,pay_018f21b5eafb51,42,0.623,16,2025.97,INR,netbanking,unknown,2,14.92,PAYMENT_LINK,PAYMENT_LINK,1,False,0.0,0.0
rec_c73d1dcde0fa1a,cust_614c721da921,pay_c21df960992eeb,6,0.44,3,1789.62,INR,card,network_error,1,1.54,RETRY,,0,True,1789.62,3.84
rec_84822c0aa3dc71,cust_d12daea8673d,pay_e8257c5f700a05,43,0.762,10,8868.03,INR,wallet,authentication_failed,1,1.24,PAYMENT_LINK,,0,True,8868.03,2.15
rec_f9329f7d16d9f8,cust_54c29d5c19ec,pay_66dfce01a3dec1,35,0.949,2,1415.76,INR,card,bank_timeout,1,1.08,RETRY,,0,True,1415.76,2.56
rec_1d4f3938cb178f,cust_89b5aab0c121,pay_fe6e362a32db6c,5,0.742,1,10510.91,INR,upi,authentication_failed,1,0.85,PAYMENT_LINK,,0,True,10510.91,2.69
rec_3d42add031c11f,cust_adf4e62d6651,pay_453d7b053e0f27,24,0.373,15,2985.42,INR,upi,authentication_failed,1,0.48,PAYMENT_LINK,,0,False,0.0,0.0
rec_c43a91437369f0,cust_698f546d5f29,pay_2c4b55c2cbea31,6,0.978,0,2956.18,INR,upi,authentication_failed,1,1.66,PAYMENT_LINK,,0,True,2956.18,2.95
rec_a3a45b1f65f6f9,cust_b0d18df1484f,pay_0881bab072f4aa,20,0.936,1,905.41,INR,upi,network_error,1,0.72,PAYMENT_LINK,,0,False,0.0,0.0
rec_0a6a1ef362b8e3,cust_b0d18df1484f,pay_0881bab072f4aa,20,0.936,1,905.41,INR,upi,network_error,2,12.07,PAYMENT_LINK,PAYMENT_LINK,1,True,905.41,14.0
rec_1ced73ddac42df,cust_5115d7ee3b90,pay_3a52bcdd438e2d,13,0.922,1,5906.06,INR,netbanking,network_error,1,0.63,REMINDER,,0,False,0.0,0.0
rec_3ef24b9834e96b,cust_5115d7ee3b90,pay_3a52bcdd438e2d,13,0.922,1,5906.06,INR,netbanking,network_error,2,17.67,PAYMENT_LINK,REMINDER,1,False,0.0,0.0
rec_ac309d0ab24462,cust_5115d7ee3b90,pay_3a52bcdd438e2d,13,0.922,1,5906.06,INR,netbanking,network_error,3,25.9,REMINDER,PAYMENT_LINK,2,False,0.0,0.0
rec_e3f4a4043a5e89,cust_5115d7ee3b90,pay_3a52bcdd438e2d,13,0.922,1,5906.06,INR,netbanking,network_error,4,29.16,ESCALATE,REMINDER,3,True,5906.06,29.38
rec_0b3b924620c053,cust_66124ab4f9b2,pay_70f0c832487b3b,5,0.906,0,2957.94,INR,upi,insufficient_funds,1,1.96,PAYMENT_LINK,,0,False,0.0,0.0
rec_b8355ffe8680be,cust_6e5fbf719749,pay_bafa0fc357ea7c,44,0.795,9,223.76,INR,card,payment_method_issue,1,1.15,RETRY,,0,False,0.0,0.0
rec_3f127937ca27bb,cust_6e5fbf719749,pay_bafa0fc357ea7c,44,0.795,9,223.76,INR,card,payment_method_issue,2,12.08,PAYMENT_LINK,RETRY,1,True,223.76,14.12
rec_20f2dd3b87ed80,cust_5f2019ea3cd6,pay_739b6824873148,5,0.816,1,2922.79,INR,upi,unknown,1,0.83,ESCALATE,,0,False,0.0,0.0
rec_e68e43453d74ad,cust_5f2019ea3cd6,pay_739b6824873148,5,0.816,1,2922.79,INR,upi,unknown,2,12.68,PAYMENT_LINK,ESCALATE,1,True,2922.79,13.93
rec_c1aba9ffbc260d,cust_bf67de423a0a,pay_d8e235ca4a6713,21,0.943,1,2917.68,INR,card,network_error,1,0.13,RETRY,,0,True,2917.68,0.26
rec_481036b7c6b179,cust_8da03d880c6f,pay_3ee87a9c8ed974,38,0.84,6,1632.25,INR,wallet,authentication_failed,1,0.43,PAYMENT_LINK,,0,False,0.0,0.0
rec_c583971c07560e,cust_4336ffe56631,pay_a60d111d972849,2,0.86,0,9704.31,INR,upi,bank_timeout,1,1.77,PAYMENT_LINK,,0,False,0.0,0.0
rec_3ab5d00592d047,cust_4336ffe56631,pay_a60d111d972849,2,0.86,0,9704.31,INR,upi,bank_timeout,2,15.22,PAYMENT_LINK,PAYMENT_LINK,1,False,0.0,0.0
rec_9a2f0e2f3d5b0d,cust_d8f8001856fe,pay_5c56095bdee953,3,0.948,0,7062.92,INR,upi,insufficient_funds,1,0.12,REMINDER,,0,True,7062.92,1.34
rec_021f13f2fdbe88,cust_e2b2de4b3d5c,pay_bc91f98f4aabf2,3,0.81,1,7730.02,INR,upi,payment_method_issue,1,0.67,REMINDER,,0,False,0.0,0.0
rec_a6e47d4671adcc,cust_12087e208ede,pay_6936de4ae5dd44,5,0.715,1,1441.41,INR,netbanking,bank_timeout,1,2.0,RETRY,,0,True,1441.41,4.05
rec_8ef5620b01b439,cust_3756999b251a,pay_af68bf0aa15440,3,0.836,0,5790.29,INR,card,bank_timeout,1,0.43,REMINDER,,0,False,0.0,0.0
rec_c655e8b9190725,cust_3756999b251a,pay_af68bf0aa15440,3,0.836,0,5790.29,INR,card,bank_timeout,2,9.6,PAYMENT_LINK,REMINDER,1,True,5790.29,11.24
rec_1a8d393e4295ec,cust_41191aa71b61,pay_638b6a247b027f,3,0.901,0,6598.2,INR,upi,bank_timeout,1,0.82,RETRY,,0,True,6598.2,1.66
rec_37d65cc26c40be,cust_74017bb3c227,pay_4fec59e9c34f88,5,0.794,1,41301.45,INR,upi,bank_timeout,1,0.86,RETRY,,0,False,0.0,0.0
rec_36a41b76e6c9d6,cust_bc2cbb0ddd33,pay_571200edc4922f,17,0.961,1,39908.34,INR,upi,authentication_failed,1,1.5,PAYMENT_LINK,,0,True,39908.34,2.49
rec_e31ca474db8ff9,cust_01a4c2d14edf,pay_252c46fdebc17e,2,0.96,0,4000.9,INR,upi,bank_timeout,1,0.71,RETRY,,0,True,4000.9,2.26
rec_96ac5334887da9,cust_51e744e4b864,pay_8b78f7f719ee46,17,0.79,4,3596.93,INR,upi,authentication_failed,1,1.41,PAYMENT_LINK,,0,True,3596.93,3.49
rec_7da0dddfec89ba,cust_34a63e763217,pay_7c2712b8382edc,2,0.809,0,1245.4,INR,upi,unknown,1,0.47,PAYMENT_LINK,,0,True,1245.4,2.25
rec_bea195e3d6e5a9,cust_28e333b64e8a,pay_b2e32e7630ab60,13,0.717,4,30598.52,INR,card,authentication_failed,1,1.46,PAYMENT_LINK,,0,True,30598.52,2.47
rec_860b5ee032c7ea,cust_8cca89632e2e,pay_5e49e4e580e76b,8,0.947,0,950.54,INR,netbanking,insufficient_funds,1,0.98,PAYMENT_LINK,,0,False,0.0,0.0
rec_c5242773c5d9c6,cust_f1276a5cbe9f,pay_bc576cf6a693c6,2,0.907,0,31434.85,INR,upi,network_error,1,0.28,RETRY,,0,True,31434.85,0.89
rec_4837309676ed56,cust_214bd473e375,pay_216f3715d65c1a,15,0.286,11,2196.73,INR,card,authentication_failed,1,1.82,PAYMENT_LINK,,0,False,0.0,0.0
rec_40443dfda0e76b,cust_04022b3c5082,pay_0f8ed8194e2de2,28,0.709,8,11363.58,INR,upi,insufficient_funds,1,1.87,RETRY,,0,False,0.0,0.0
rec_9778dc51c146a1,cust_4a1a81f5ed10,pay_ed120bde637d85,7,0.962,0,1148.28,INR,upi,bank_timeout,1,1.09,RETRY,,0,True,1148.28,1.98
rec_18bf5990853c38,cust_f83a1bce7069,pay_fc2ae503164e47,13,0.739,3,10162.52,INR,upi,bank_timeout,1,0.49,REMINDER,,0,False,0.0,0.0
rec_25559f5cf70b3a,cust_f83a1bce7069,pay_fc2ae503164e47,13,0.739,3,10162.52,INR,upi,bank_timeout,2,12.1,PAYMENT_LINK,REMINDER,1,True,10162.52,13.55
rec_b6267c2c46ac9a,cust_d2eaef184b67,pay_3bcf8fdf77b28e,22,0.801,4,1827.36,INR,upi,bank_timeout,1,0.7,RETRY,,0,False,0.0,0.0
rec_ca2710ec0339e1,cust_d2eaef184b67,pay_3bcf8fdf77b28e,22,0.801,4,1827.36,INR,upi,bank_timeout,2,11.19,RETRY,RETRY,1,True,1827.36,12.3
rec_c921ea4daa0a13,cust_4758367ba649,pay_7285f28482b1e6,18,0.848,3,535.57,INR,card,bank_timeout,1,0.64,RETRY,,0,False,0.0,0.0
rec_760b52fe3809aa,cust_4758367ba649,pay_7285f28482b1e6,18,0.848,3,535.57,INR,card,bank_timeout,2,4.66,PAYMENT_LINK,RETRY,1,False,0.0,0.0
rec_eafa0f6efdc094,cust_4758367ba649,pay_7285f28482b1e6,18,0.848,3,535.57,INR,card,bank_timeout,3,13.3,PAYMENT_LINK,PAYMENT_LINK,2,False,0.0,0.0
rec_e1a7fc196a2050,cust_4758367ba649,pay_7285f28482b1e6,18,0.848,3,535.57,INR,card,bank_timeout,4,15.91,ESCALATE,PAYMENT_LINK,3,False,0.0,0.0
rec_e119d089b7426e,cust_7808a00402a4,pay_0dcabd8a7ed17a,29,0.892,3,28734.65,INR,card,bank_timeout,1,1.67,REMINDER,,0,False,0.0,0.0
rec_874bd729e161a8,cust_7808a00402a4,pay_0dcabd8a7ed17a,29,0.892,3,28734.65,INR,card,bank_timeout,2,9.51,ESCALATE,REMINDER,1,False,0.0,0.0
rec_59b6dfbd8e6abc,cust_9e374f7ac42c,pay_b35e7337c67542,22,0.267,16,912.74,INR,card,bank_timeout,1,0.3,RETRY,,0,False,0.0,0.0
rec_b7c44b0f10057d,cust_9e374f7ac42c,pay_b35e7337c67542,22,0.267,16,912.74,INR,card,bank_timeout,2,15.96,REMINDER,RETRY,1,False,0.0,0.0
rec_34941ef89a1e37,cust_28628b4ec714,pay_7cd9d0818f6c0e,1,0.937,0,11244.32,INR,upi,bank_timeout,1,1.14,RETRY,,0,False,0.0,0.0
rec_5d3282f19337b7,cust_28628b4ec714,pay_7cd9d0818f6c0e,1,0.937,0,11244.32,INR,upi,bank_timeout,2,10.6,PAYMENT_LINK,RETRY,1,False,0.0,0.0
rec_c2f653a42d4476,cust_28628b4ec714,pay_7cd9d0818f6c0e,1,0.937,0,11244.32,INR,upi,bank_timeout,3,20.23,REMINDER,PAYMENT_LINK,2,False,0.0,0.0
rec_cf5aebb809d7e0,cust_157d94a106f0,pay_e75d17b44223cd,12,0.81,2,2395.7,INR,upi,network_error,1,0.18,PAYMENT_LINK,,0,False,0.0,0.0
rec_6abdee14eefca5,cust_157d94a106f0,pay_e75d17b44223cd,12,0.81,2,2395.7,INR,upi,network_error,2,3.06,STOP,PAYMENT_LINK,1,False,0.0,0.0
rec_fc43263f723555,cust_5738811d70c2,pay_6c4b1a3a4d767f,9,0.503,4,8301.63,INR,card,network_error,1,0.97,RETRY,,0,False,0.0,0.0
rec_e81c9eceb3a037,cust_921704753d95,pay_b943dd6d1c5465,4,0.82,1,5475.55,INR,card,bank_timeout,1,0.38,RETRY,,0,False,0.0,0.0
rec_e50a1e5429911b,cust_921704753d95,pay_b943dd6d1c5465,4,0.82,1,5475.55,INR,card,bank_timeout,2,18.09,STOP,RETRY,1,False,0.0,0.0
rec_ffe6b62c64dc61,cust_637ddcd698d3,pay_fc43664e0d5d17,4,0.482,2,2993.67,INR,card,technical_error,1,0.58,RETRY,,0,True,2993.67,0.99
rec_7f74740a3fe788,cust_e42aa836989b,pay_0490c96e8d0d0d,2,0.819,0,1845.63,INR,upi,authentication_failed,1,0.46,PAYMENT_LINK,,0,True,1845.63,1.75
rec_369e42973770c4,cust_283edeec9245,pay_eb2370ae866492,24,0.786,5,2159.31,INR,netbanking,insufficient_funds,1,1.4,REMINDER,,0,False,0.0,0.0
rec_a4a1a661286266,cust_283edeec9245,pay_eb2370ae866492,24,0.786,5,2159.31,INR,netbanking,insufficient_funds,2,12.49,ESCALATE,REMINDER,1,True,2159.31,14.41
rec_55e0d06bed2ac3,cust_4f7f963ed3c5,pay_d7b09caab31570,7,0.754,2,1056.33,INR,upi,payment_method_issue,1,1.0,PAYMENT_LINK,,0,False,0.0,0.0
rec_9578843b4ca39c,cust_1f3cea1d2271,pay_2ed22475313161,1,0.854,0,514.8,INR,card,unknown,1,1.28,RETRY,,0,False,0.0,0.0
rec_dd6da9b5784021,cust_1f3cea1d2271,pay_2ed22475313161,1,0.854,0,514.8,INR,card,unknown,2,13.1,PAYMENT_LINK,RETRY,1,False,0.0,0.0
rec_c038356e7ee8f8,cust_1f3cea1d2271,pay_2ed22475313161,1,0.854,0,514.8,INR,card,unknown,3,16.67,ESCALATE,PAYMENT_LINK,2,False,0.0,0.0
rec_3527cef0746a43,cust_c36b9a0a41e0,pay_02a3ba28ea4be1,22,0.883,3,2533.01,INR,wallet,network_error,1,0.68,RETRY,,0,True,2533.01,1.64
rec_9771b1fee8686c,cust_c93c9cc6668b,pay_935380d0b02eaf,8,0.745,2,4810.07,INR,card,insufficient_funds,1,1.18,RETRY,,0,False,0.0,0.0
rec_6a9533923dfc7b,cust_c93c9cc6668b,pay_935380d0b02eaf,8,0.745,2,4810.07,INR,card,insufficient_funds,2,8.21,PAYMENT_LINK,RETRY,1,False,0.0,0.0
rec_5ac942f4936bd4,cust_9360715fc3fe,pay_c6c9f8a718ad84,29,0.895,3,1167.58,INR,netbanking,insufficient_funds,1,1.74,PAYMENT_LINK,,0,True,1167.58,4.02
rec_6dafa9f421583a,cust_5c784ca4f0e4,pay_05a6701c78dfea,6,0.69,2,37212.71,INR,card,bank_timeout,1,1.74,RETRY,,0,False,0.0,0.0
rec_48f50a269bef46,cust_4cdf697f4eca,pay_434d83fe2058fd,1,0.779,0,216.6,INR,upi,authentication_failed,1,1.24,PAYMENT_LINK,,0,True,216.6,2.92
rec_fa50810e7617d8,cust_e82a3879f2b5,pay_fd1765aabd582d,6,0.408,4,10058.18,INR,card,insufficient_funds,1,0.12,PAYMENT_LINK,,0,True,10058.18,1.72
rec_7ba122a07612e4,cust_a93e7b5b1e4a,pay_5caba07fa823ae,3,0.801,1,2967.08,INR,upi,authentication_failed,1,0.3,REMINDER,,0,True,2967.08,0.72
rec_fcad595bf1c912,cust_bba1aed944cd,pay_8eca5a2e9d7db6,16,0.736,4,1524.63,INR,upi,authentication_failed,1,0.24,PAYMENT_LINK,,0,False,0.0,0.0
rec_21623fe0875a3c,cust_bba1aed944cd,pay_8eca5a2e9d7db6,16,0.736,4,1524.63,INR,upi,authentication_failed,2,14.21,REMINDER,PAYMENT_LINK,1,True,1524.63,14.86
rec_b5dc0c0ee3456f,cust_243012dab185,pay_d5c505ebca353d,2,0.786,0,203.43,INR,upi,bank_timeout,1,0.3,RETRY,,0,True,203.43,0.69
rec_58d70124ecb703,cust_65637d1f5763,pay_ed7d7aaf7d529d,9,0.702,3,2086.43,INR,upi,insufficient_funds,1,0.46,PAYMENT_LINK,,0,False,0.0,0.0
rec_510f8c616129e7,cust_65637d1f5763,pay_ed7d7aaf7d529d,9,0.702,3,2086.43,INR,upi,insufficient_funds,2,15.74,ESCALATE,PAYMENT_LINK,1,False,0.0,0.0
rec_0979cb9201afbb,cust_65637d1f5763,pay_ed7d7aaf7d529d,9,0.702,3,2086.43,INR,upi,insufficient_funds,3,31.5,PAYMENT_LINK,ESCALATE,2,False,0.0,0.0
rec_a081f555979acc,cust_8cfb137ca89e,pay_2a0251772936d6,3,0.772,1,1017.45,INR,card,insufficient_funds,1,0.91,RETRY,,0,False,0.0,0.0
rec_a78effe7df4189,cust_aca2b148da33,pay_2e7b6f7b076a65,5,0.882,1,9313.09,INR,upi,bank_timeout,1,0.87,RETRY,,0,True,9313.09,1.99
rec_f501d54e94e17c,cust_bb9d92c0d8d0,pay_13144c013b1d0b,46,0.781,10,1958.09,INR,card,network_error,1,0.7,RETRY,,0,False,0.0,0.0
rec_faa55f2f3bee05,cust_bb9d92c0d8d0,pay_13144c013b1d0b,46,0.781,10,1958.09,INR,card,network_error,2,13.03,PAYMENT_LINK,RETRY,1,False,0.0,0.0
rec_53cb413fd78a24,cust_bb9d92c0d8d0,pay_13144c013b1d0b,46,0.781,10,1958.09,INR,card,network_error,3,21.68,PAYMENT_LINK,PAYMENT_LINK,2,True,1958.09,22.53
rec_0fa9f9f8a84cc3,cust_fb10987f20ac,pay_16b2d432a295ba,14,0.746,4,498.55,INR,card,payment_method_issue,1,1.84,PAYMENT_LINK,,0,False,0.0,0.0
rec_bf12dc1832e597,cust_fb10987f20ac,pay_16b2d432a295ba,14,0.746,4,498.55,INR,card,payment_method_issue,2,18.79,PAYMENT_LINK,PAYMENT_LINK,1,True,498.55,19.05
rec_b4312eb65917a5,cust_aa5f8dfca0b3,pay_59a4a5bb6a51eb,20,0.499,10,48089.6,INR,card,bank_timeout,1,0.94,RETRY,,0,False,0.0,0.0
rec_b947ccbda0ee49,cust_aa5f8dfca0b3,pay_59a4a5bb6a51eb,20,0.499,10,48089.6,INR,card,bank_timeout,2,3.76,REMINDER,RETRY,1,False,0.0,0.0
rec_d38724f12a60f7,cust_1eac41d9801f,pay_cdb218f182b9da,11,0.281,8,544.47,INR,wallet,bank_timeout,1,1.77,RETRY,,0,False,0.0,0.0
rec_80f00348e7c6ab,cust_1eac41d9801f,pay_cdb218f182b9da,11,0.281,8,544.47,INR,wallet,bank_timeout,2,6.36,RETRY,RETRY,1,True,544.47,6.6
rec_3d98f9a4f454cb,cust_e098d2e3bd3f,pay_fd11abcd0f5a38,1,0.513,0,1305.78,INR,netbanking,bank_timeout,1,0.2,RETRY,,0,True,1305.78,1.69
rec_8e37f7b9596e71,cust_6c4596f6c012,pay_469eaff508115e,5,0.799,1,1047.38,INR,card,network_error,1,1.05,PAYMENT_LINK,,0,True,1047.38,2.1
rec_9e1f7fd7fb0556,cust_8a45a905badf,pay_56dd14df3d4abc,3,0.895,0,14486.94,INR,card,insufficient_funds,1,0.53,PAYMENT_LINK,,0,False,0.0,0.0
rec_bb637777f0f956,cust_8a45a905badf,pay_56dd14df3d4abc,3,0.895,0,14486.94,INR,card,insufficient_funds,2,14.42,PAYMENT_LINK,PAYMENT_LINK,1,False,0.0,0.0
rec_4527efb4d75961,cust_9adfe9816ab1,pay_ce19c9e3037534,44,0.931,3,10323.78,INR,netbanking,payment_method_issue,1,1.15,PAYMENT_LINK,,0,False,0.0,0.0
rec_5c605c5e73891a,cust_333822d16691,pay_5e7d482cab6257,13,0.921,1,1124.64,INR,upi,bank_timeout,1,0.81,RETRY,,0,False,0.0,0.0
rec_763e290ee92ca0,cust_333822d16691,pay_5e7d482cab6257,13,0.921,1,1124.64,INR,upi,bank_timeout,2,10.37,STOP,RETRY,1,False,0.0,0.0
rec_24d9a6d7876812,cust_6f96288295d8,pay_b5aebe64cfc899,8,0.957,0,2846.43,INR,card,network_error,1,0.16,RETRY,,0,True,2846.43,1.06
rec_0fe5919a002c1b,cust_0f6b40d09efb,pay_f569c3ebd45e30,8,0.686,3,258.24,INR,upi,payment_method_issue,1,1.34,RETRY,,0,False,0.0,0.0
rec_7053b15bbf1820,cust_0f6b40d09efb,pay_f569c3ebd45e30,8,0.686,3,258.24,INR,upi,payment_method_issue,2,16.48,PAYMENT_LINK,RETRY,1,True,258.24,17.67
rec_1884a76e580453,cust_62173b7fc536,pay_ed2b93204c94f0,33,0.839,5,2334.6,INR,card,insufficient_funds,1,1.24,PAYMENT_LINK,,0,False,0.0,0.0
rec_bdab28e092e675,cust_19474d1a63d3,pay_d30ff658b6ee94,12,0.708,4,2663.5,INR,card,insufficient_funds,1,1.43,PAYMENT_LINK,,0,True,2663.5,3.72
rec_14b56b250ef62d,cust_d81861124cde,pay_7892bd2c760e08,6,0.742,2,29246.93,INR,card,authentication_failed,1,1.25,PAYMENT_LINK,,0,False,0.0,0.0
rec_ac560926c8b83f,cust_d81861124cde,pay_7892bd2c760e08,6,0.742,2,29246.93,INR,card,authentication_failed,2,6.53,PAYMENT_LINK,PAYMENT_LINK,1,False,0.0,0.0
rec_c90f8e699b0c49,cust_d81861124cde,pay_7892bd2c760e08,6,0.742,2,29246.93,INR,card,authentication_failed,3,18.54,REMINDER,PAYMENT_LINK,2,True,29246.93,20.9
rec_9b29b1b50d4357,cust_7e2a9f7347df,pay_943e3548d8e99a,16,0.838,3,2589.85,INR,card,bank_timeout,1,1.58,RETRY,,0,True,2589.85,2.36
rec_06bbf0ec912a77,cust_29d0c613b0c7,pay_54c7f626a22634,5,0.859,1,2990.93,INR,card,network_error,1,1.37,PAYMENT_LINK,,0,False,0.0,0.0
rec_94dd71ed1d736c,cust_725d42593c4b,pay_5ea034fbbdafbb,2,0.769,0,10754.86,INR,upi,network_error,1,0.96,RETRY,,0,True,10754.86,2.62
rec_03cfd821d88a90,cust_061efb9568f8,pay_f7cb5f6d690a21,28,0.769,6,11531.31,INR,upi,unknown,1,0.46,PAYMENT_LINK,,0,False,0.0,0.0
rec_acdadf811dab37,cust_061efb9568f8,pay_f7cb5f6d690a21,28,0.769,6,11531.31,INR,upi,unknown,2,7.72,PAYMENT_LINK,PAYMENT_LINK,1,False,0.0,0.0
rec_c58cd7b2c11c75,cust_349b50892733,pay_86e031e7d84d72,7,0.853,1,22724.77,INR,card,authentication_failed,1,1.51,PAYMENT_LINK,,0,True,22724.77,3.47
rec_8e037e5a41b3ea,cust_319aed6a8d41,pay_1ec95c5b7d0e01,7,0.5,4,11216.24,INR,card,bank_timeout,1,1.0,RETRY,,0,False,0.0,0.0
rec_a8caef857bd7f5,cust_a92f85fe258f,pay_250d59d189b4db,27,0.53,13,3736.95,INR,card,network_error,1,1.6,RETRY,,0,True,3736.95,3.94
rec_0405d4b35e0ccb,cust_887fe19cf7ba,pay_9293b9ee78c94a,7,0.361,4,2468.76,INR,card,insufficient_funds,1,1.49,RETRY,,0,False,0.0,0.0
rec_f02bff3557bcd5,cust_887fe19cf7ba,pay_9293b9ee78c94a,7,0.361,4,2468.76,INR,card,insufficient_funds,2,16.4,PAYMENT_LINK,RETRY,1,False,0.0,0.0
rec_ce75bf1014139a,cust_042c65ad9883,pay_b543812ca4b274,8,0.903,1,1849.43,INR,card,payment_method_issue,1,0.5,PAYMENT_LINK,,0,True,1849.43,2.81
rec_81db641ffa30ba,cust_636f6e5c2253,pay_5478dcf73a6572,30,0.971,1,3638.41,INR,upi,authentication_failed,1,0.47,PAYMENT_LINK,,0,True,3638.41,2.93
rec_e45dad860e29a1,cust_026f05f619ce,pay_d1e953c8cc10d7,6,0.834,1,1502.07,INR,card,bank_timeout,1,0.23,RETRY,,0,False,0.0,0.0
rec_ab8a2e8ecd8368,cust_026f05f619ce,pay_d1e953c8cc10d7,6,0.834,1,1502.07,INR,card,bank_timeout,2,9.44,REMINDER,RETRY,1,False,0.0,0.0
rec_b013694555bb22,cust_a7222ea2261b,pay_e469ee4ed63ea9,11,0.825,2,2859.93,INR,upi,payment_method_issue,1,0.61,PAYMENT_LINK,,0,True,2859.93,1.11
rec_81eef5e1bd9494,cust_dd58631b0522,pay_15bc3f2df5c447,13,0.775,3,1477.78,INR,card,insufficient_funds,1,0.93,PAYMENT_LINK,,0,True,1477.78,0.98
rec_cffc52ab64c667,cust_3a2516fe8a27,pay_295969df33aed3,9,0.787,2,1508.53,INR,upi,authentication_failed,1,1.4,PAYMENT_LINK,,0,True,1508.53,1.71
rec_ae53141da4c316,cust_4a1a81f5ed10,pay_a5ee68fa7582bc,7,0.962,0,933.09,INR,netbanking,insufficient_funds,1,1.91,PAYMENT_LINK,,0,False,0.0,0.0
rec_21b2b4e76d8005,cust_4a1a81f5ed10,pay_a5ee68fa7582bc,7,0.962,0,933.09,INR,netbanking,insufficient_funds,2,10.02,PAYMENT_LINK,PAYMENT_LINK,1,True,933.09,11.82
rec_6c544ae068c164,cust_7688d11fce47,pay_e9fa3a5a1f900f,8,0.382,5,1577.84,INR,upi,bank_timeout,1,0.84,PAYMENT_LINK,,0,True,1577.84,0.91
rec_73842e66f0fd24,cust_5115d7ee3b90,pay_5dbdb23a6ade63,13,0.922,1,290.01,INR,card,network_error,1,1.88,RETRY,,0,False,0.0,0.0
rec_7964ef475a0cfe,cust_3a3e46b096f8,pay_f9de5e8c7ee797,2,0.852,0,2504.55,INR,upi,insufficient_funds,1,1.15,PAYMENT_LINK,,0,False,0.0,0.0
rec_3f7f42daadaee6,cust_3a3e46b096f8,pay_f9de5e8c7ee797,2,0.852,0,2504.55,INR,upi,insufficient_funds,2,16.42,ESCALATE,PAYMENT_LINK,1,False,0.0,0.0
rec_9528d18c3f5fb9,cust_3a3e46b096f8,pay_f9de5e8c7ee797,2,0.852,0,2504.55,INR,upi,insufficient_funds,3,33.75,STOP,ESCALATE,2,False,0.0,0.0
rec_7ece0280042fd6,cust_647ac5915da6,pay_cd7c207e3de2be,10,0.458,5,2162.54,INR,card,network_error,1,1.05,RETRY,,0,False,0.0,0.0
rec_5daeb8abf25bce,cust_647ac5915da6,pay_cd7c207e3de2be,10,0.458,5,2162.54,INR,card,network_error,2,16.01,PAYMENT_LINK,RETRY,1,False,0.0,0.0
rec_7d87b0f14bdf3a,cust_d45ff4db9ce9,pay_6823ec2b305c70,17,0.374,11,2302.81,INR,upi,technical_error,1,0.65,RETRY,,0,False,0.0,0.0
rec_66e0d74eafda6a,cust_cf0df860ebc9,pay_f3645eb41d4489,62,0.264,46,46497.78,INR,wallet,insufficient_funds,1,1.17,REMINDER,,0,False,0.0,0.0
rec_7a68741317bfc7,cust_cf0df860ebc9,pay_f3645eb41d4489,62,0.264,46,46497.78,INR,wallet,insufficient_funds,2,3.85,PAYMENT_LINK,REMINDER,1,False,0.0,0.0
rec_d79b71a5f91bd9,cust_cf0df860ebc9,pay_f3645eb41d4489,62,0.264,46,46497.78,INR,wallet,insufficient_funds,3,13.85,REMINDER,PAYMENT_LINK,2,False,0.0,0.0
rec_9522fc4a302b1f,cust_cf0df860ebc9,pay_f3645eb41d4489,62,0.264,46,46497.78,INR,wallet,insufficient_funds,4,29.18,ESCALATE,REMINDER,3,False,0.0,0.0
rec_0cb5ce532a4c01,cust_e5508ea26133,pay_e72b4cd20a44c0,20,0.734,5,668.12,INR,upi,payment_method_issue,1,1.94,REMINDER,,0,True,668.12,4.39
rec_7b5c2074b187fe,cust_0123a348638a,pay_6203af07169382,1,0.755,0,1701.97,INR,upi,authentication_failed,1,0.61,REMINDER,,0,False,0.0,0.0
rec_a5d3270cc2f5c1,cust_636f6e5c2253,pay_915fe1be9fbfc6,30,0.971,1,820.67,INR,card,authentication_failed,1,1.96,PAYMENT_LINK,,0,True,820.67,2.75
rec_b3c1e9690bb05c,cust_087758043fde,pay_6add0f924691a0,1,0.933,0,9143.75,INR,netbanking,bank_timeout,1,1.75,PAYMENT_LINK,,0,False,0.0,0.0
rec_3d10afa37d8b85,cust_087758043fde,pay_6add0f924691a0,1,0.933,0,9143.75,INR,netbanking,bank_timeout,2,4.04,PAYMENT_LINK,PAYMENT_LINK,1,True,9143.75,4.62
rec_482b57f057fb36,cust_6e06809725e9,pay_3ecf4897657531,29,0.934,2,211.63,INR,upi,bank_timeout,1,1.17,RETRY,,0,True,211.63,2.2
rec_979183a94afb4e,cust_b0dc75fb199d,pay_fd7c581f53a4d2,6,0.86,1,12771.7,INR,card,insufficient_funds,1,0.42,REMINDER,,0,True,12771.7,1.58
rec_ed2a3dfb98f42a,cust_bbcd6c18a06e,pay_49dc757e1d78c7,5,0.334,3,2878.71,INR,wallet,bank_timeout,1,1.69,RETRY,,0,False,0.0,0.0
rec_e88973a61fd442,cust_bbcd6c18a06e,pay_49dc757e1d78c7,5,0.334,3,2878.71,INR,wallet,bank_timeout,2,5.85,REMINDER,RETRY,1,False,0.0,0.0
rec_e6ee5146895e40,cust_bcd4344fcf8a,pay_bbd76c951fafff,7,0.591,3,36924.22,INR,wallet,insufficient_funds,1,1.34,REMINDER,,0,True,36924.22,3.24
rec_49255abc2540ca,cust_59e7703a70aa,pay_39437052f58906,2,0.702,1,6460.03,INR,wallet,authentication_failed,1,0.5,RETRY,,0,False,0.0,0.0
rec_afb37ab5ec909b,cust_476cf68c3f1b,pay_e71e64842840bc,13,0.871,2,2809.2,INR,card,technical_error,1,1.32,RETRY,,0,True,2809.2,2.3
rec_067bf431380e2c,cust_bb2aa1462999,pay_720c5e44a894dc,23,0.754,6,479.85,INR,upi,payment_method_issue,1,1.87,PAYMENT_LINK,,0,True,479.85,4.14
rec_cfffaa9c1c0400,cust_bec5715ca71d,pay_b2060fb1dffe56,4,0.893,0,2419.03,INR,upi,network_error,1,1.19,RETRY,,0,True,2419.03,3.36
rec_093ce3df8c16ed,cust_ac95adb1ffac,pay_5b300fb139f6af,23,0.89,3,7430.51,INR,card,authentication_failed,1,1.07,REMINDER,,0,True,7430.51,2.32
rec_4e507f13bbb132,cust_deaf0fa924a6,pay_3b026fab9c6aee,29,0.782,6,1427.72,INR,card,bank_timeout,1,1.88,PAYMENT_LINK,,0,False,0.0,0.0
rec_b08d629efd3256,cust_e476231aecdf,pay_ebe1e6bd7698a6,2,0.865,0,610.12,INR,upi,bank_timeout,1,0.54,RETRY,,0,True,610.12,1.78
rec_25246ba41d25db,cust_5e1b015f6a1c,pay_3808d5aeddb3f3,14,0.602,6,1151.77,INR,card,authentication_failed,1,1.96,RETRY,,0,False,0.0,0.0
rec_a5480fff9f408f,cust_35e80364147f,pay_61983f51f0226b,16,0.963,1,8538.43,INR,upi,insufficient_funds,1,0.94,PAYMENT_LINK,,0,False,0.0,0.0
rec_c654001dc2c73e,cust_092385fe23d3,pay_ca0d434a3ae0db,6,0.877,1,20828.09,INR,upi,network_error,1,1.34,RETRY,,0,True,20828.09,3.26
rec_f6bae4663a7fd0,cust_26087b53ca22,pay_154a3f3842a82b,1,0.753,0,851.44,INR,card,network_error,1,0.14,RETRY,,0,True,851.44,0.39
rec_003011523af912,cust_4588fc1bb238,pay_6e1adca0a177cc,8,0.851,1,3353.79,INR,upi,authentication_failed,1,1.3,PAYMENT_LINK,,0,False,0.0,0.0
rec_8b3f6c9448a872,cust_4588fc1bb238,pay_6e1adca0a177cc,8,0.851,1,3353.79,INR,upi,authentication_failed,2,15.3,PAYMENT_LINK,PAYMENT_LINK,1,False,0.0,0.0
rec_73f83905dae091,cust_4588fc1bb238,pay_6e1adca0a177cc,8,0.851,1,3353.79,INR,upi,authentication_failed,3,32.69,REMINDER,PAYMENT_LINK,2,True,3353.79,34.2
rec_3524a3e3a65495,cust_171726543b99,pay_937fae81193ec6,2,0.9,0,1793.04,INR,card,network_error,1,0.25,RETRY,,0,False,0.0,0.0
rec_5e7d758a717a10,cust_171726543b99,pay_937fae81193ec6,2,0.9,0,1793.04,INR,card,network_error,2,10.67,PAYMENT_LINK,RETRY,1,True,1793.04,12.11
rec_d63e5fab6575c6,cust_d8914adf341c,pay_4a35a78b9b4a65,7,0.932,0,9698.78,INR,card,network_error,1,0.34,RETRY,,0,True,9698.78,2.69
rec_56c5bca912eb42,cust_89b5aab0c121,pay_99bc1a563cb5ed,5,0.742,1,6528.17,INR,netbanking,authentication_failed,1,1.67,PAYMENT_LINK,,0,True,6528.17,3.39
rec_26be24228fbb7b,cust_d7b73862b347,pay_b3a0ec14d432b7,17,0.947,1,10399.13,INR,netbanking,network_error,1,1.25,RETRY,,0,True,10399.13,3.57
rec_a8fc2c6bef6ee4,cust_ceda8bbb7171,pay_00e970b503c857,7,0.77,2,207.7,INR,card,insufficient_funds,1,1.51,REMINDER,,0,False,0.0,0.0
rec_1e215b9b3ec37e,cust_ceda8bbb7171,pay_00e970b503c857,7,0.77,2,207.7,INR,card,insufficient_funds,2,6.55,REMINDER,REMINDER,1,True,207.7,9.01
rec_e091143580bcaf,cust_37bb3eec4bf5,pay_8feb1bdb367154,65,0.901,6,2006.0,INR,upi,bank_timeout,1,0.41,RETRY,,0,False,0.0,0.0
rec_c399fc1b088380,cust_37bb3eec4bf5,pay_8feb1bdb367154,65,0.901,6,2006.0,INR,upi,bank_timeout,2,15.74,PAYMENT_LINK,RETRY,1,False,0.0,0.0
rec_0a0a056b183160,cust_4491be401042,pay_7df6319ae8136e,16,0.818,3,2965.84,INR,upi,authentication_failed,1,0.49,PAYMENT_LINK,,0,False,0.0,0.0
rec_bee36e20d9f1ea,cust_4491be401042,pay_7df6319ae8136e,16,0.818,3,2965.84,INR,upi,authentication_failed,2,4.05,PAYMENT_LINK,PAYMENT_LINK,1,True,2965.84,6.34
rec_e8a36565d806e7,cust_899a5349cb93,pay_7b6e5d9590390c,11,0.718,3,5533.57,INR,upi,bank_timeout,1,0.16,PAYMENT_LINK,,0,False,0.0,0.0
rec_5585e3654f5964,cust_899a5349cb93,pay_7b6e5d9590390c,11,0.718,3,5533.57,INR,upi,bank_timeout,2,8.99,ESCALATE,PAYMENT_LINK,1,True,5533.57,9.12
rec_2dbbd714b1b503,cust_c2ebbaa21ce3,pay_e7f17a32ca3b89,6,0.76,1,5506.08,INR,card,bank_timeout,1,0.72,RETRY,,0,True,5506.08,2.95
rec_e1f38d65d160cf,cust_e599bd3c0bb8,pay_60c5e090f19870,41,0.846,6,4764.44,INR,netbanking,unknown,1,0.97,RETRY,,0,False,0.0,0.0
rec_aa7b000ef21336,cust_e599bd3c0bb8,pay_60c5e090f19870,41,0.846,6,4764.44,INR,netbanking,unknown,2,17.7,REMINDER,RETRY,1,True,4764.44,20.04
rec_bc6558ba3936da,cust_9339304b9a8c,pay_36d1de60d9cd7c,3,0.899,0,12346.16,INR,wallet,insufficient_funds,1,0.93,RETRY,,0,False,0.0,0.0
rec_7b260f4450ed42,cust_9339304b9a8c,pay_36d1de60d9cd7c,3,0.899,0,12346.16,INR,wallet,insufficient_funds,2,3.43,REMINDER,RETRY,1,True,12346.16,3.85
rec_85041e4e8e20c3,cust_d28fcf68c871,pay_3562e90667216c,15,0.967,0,1441.97,INR,card,technical_error,1,1.6,RETRY,,0,True,1441.97,3.04
rec_d304c8213a4a2c,cust_f83a1bce7069,pay_3b691342fb4c8d,13,0.739,3,10688.82,INR,netbanking,unknown,1,1.11,RETRY,,0,False,0.0,0.0
rec_701daebfc142c1,cust_a180f402fb3e,pay_4d56af406af430,23,0.969,1,539.51,INR,upi,payment_method_issue,1,0.37,PAYMENT_LINK,,0,False,0.0,0.0
rec_26bc35aaa34ac9,cust_a180f402fb3e,pay_4d56af406af430,23,0.969,1,539.51,INR,upi,payment_method_issue,2,9.6,PAYMENT_LINK,PAYMENT_LINK,1,False,0.0,0.0
rec_4fa90af88a9c4c,cust_a180f402fb3e,pay_4d56af406af430,23,0.969,1,539.51,INR,upi,payment_method_issue,3,17.31,PAYMENT_LINK,PAYMENT_LINK,2,True,539.51,18.1
rec_2666f8d1f3c997,cust_335dab4685b3,pay_ee9340bb830fc4,18,0.859,3,758.79,INR,wallet,bank_timeout,1,1.44,RETRY,,0,True,758.79,3.81
rec_1d51edc46d5194,cust_937ca77cb25b,pay_8e07291ebb354a,6,0.908,1,2279.03,INR,card,authentication_failed,1,0.3,PAYMENT_LINK,,0,False,0.0,0.0
rec_a463979febcc23,cust_937ca77cb25b,pay_8e07291ebb354a,6,0.908,1,2279.03,INR,card,authentication_failed,2,4.66,REMINDER,PAYMENT_LINK,1,False,0.0,0.0
rec_4d5721e96cff1f,cust_937ca77cb25b,pay_8e07291ebb354a,6,0.908,1,2279.03,INR,card,authentication_failed,3,22.42,REMINDER,REMINDER,2,False,0.0,0.0
rec_c0a62a72f9a776,cust_c6090b78b597,pay_5e1b47416ed9cc,6,0.856,1,2695.14,INR,wallet,bank_timeout,1,1.91,REMINDER,,0,False,0.0,0.0
rec_61092e8277c294,cust_c6090b78b597,pay_5e1b47416ed9cc,6,0.856,1,2695.14,INR,wallet,bank_timeout,2,8.35,REMINDER,REMINDER,1,True,2695.14,10.15
rec_ac8ade90bdba6a,cust_6e6b34b907ef,pay_8ef96d1dab035b,2,0.872,0,13552.7,INR,card,authentication_failed,1,0.83,RETRY,,0,False,0.0,0.0
rec_cf4fffdb5663c4,cust_ac0f680115b2,pay_43936550ace0e3,21,0.783,5,2307.07,INR,wallet,insufficient_funds,1,0.8,PAYMENT_LINK,,0,True,2307.07,2.06
rec_7c5e4627ca74b7,cust_fbdc532e6546,pay_7eb60a32cb963e,22,0.979,0,1740.74,INR,netbanking,technical_error,1,0.19,RETRY,,0,True,1740.74,0.71
rec_cd32ef88edc707,cust_ba6c34ab6712,pay_1791b7a1a3017e,16,0.976,0,448.08,INR,card,bank_timeout,1,0.57,RETRY,,0,True,448.08,1.45
rec_6ed3d084f7b17f,cust_7781321e83c5,pay_1f994e9c8ea25b,11,0.914,1,758.65,INR,upi,insufficient_funds,1,0.62,PAYMENT_LINK,,0,True,758.65,2.46
rec_326a2092d75bf2,cust_2aa814da56ec,pay_086f9e86f69a02,14,0.841,2,11785.68,INR,upi,insufficient_funds,1,0.86,ESCALATE,,0,True,11785.68,3.04
rec_91471e2a0198bf,cust_7316ce642a14,pay_108c0e80a676dc,3,0.864,0,4073.76,INR,card,authentication_failed,1,0.93,PAYMENT_LINK,,0,False,0.0,0.0
rec_572bfeeace4069,cust_7316ce642a14,pay_108c0e80a676dc,3,0.864,0,4073.76,INR,card,authentication_failed,2,11.41,PAYMENT_LINK,PAYMENT_LINK,1,True,4073.76,12.46
rec_f6b9bc930bf36d,cust_f6a9e3e3b62b,pay_83d4440d34fb03,6,0.52,3,4054.29,INR,card,insufficient_funds,1,0.66,PAYMENT_LINK,,0,False,0.0,0.0
rec_09fd1928cd8ec8,cust_f6a9e3e3b62b,pay_83d4440d34fb03,6,0.52,3,4054.29,INR,card,insufficient_funds,2,8.94,PAYMENT_LINK,PAYMENT_LINK,1,True,4054.29,10.0
rec_626d3576e58220,cust_bc2cbb0ddd33,pay_3cc0d13a784647,17,0.961,1,27932.54,INR,upi,bank_timeout,1,0.93,RETRY,,0,True,27932.54,2.73
rec_6385e5baa69f2a,cust_0cd620c20ea2,pay_977b95d655d221,42,0.852,6,9654.95,INR,upi,insufficient_funds,1,1.96,PAYMENT_LINK,,0,False,0.0,0.0
rec_e1b145438fb6da,cust_0cd620c20ea2,pay_977b95d655d221,42,0.852,6,9654.95,INR,upi,insufficient_funds,2,5.33,REMINDER,PAYMENT_LINK,1,True,9654.95,6.75
rec_8576a3680b20d1,cust_b4522738e073,pay_530d2537f1c502,3,0.81,1,1131.82,INR,netbanking,payment_method_issue,1,0.3,REMINDER,,0,False,0.0,0.0
rec_3ba1e8966a63c6,cust_b4522738e073,pay_530d2537f1c502,3,0.81,1,1131.82,INR,netbanking,payment_method_issue,2,12.44,REMINDER,REMINDER,1,False,0.0,0.0
rec_e927194f140234,cust_b4522738e073,pay_530d2537f1c502,3,0.81,1,1131.82,INR,netbanking,payment_method_issue,3,18.69,REMINDER,REMINDER,2,True,1131.82,20.59
rec_470122d841fc12,cust_dd1ca267530d,pay_e5d1da47edcefc,1,0.726,0,5235.76,INR,card,insufficient_funds,1,1.61,PAYMENT_LINK,,0,True,5235.76,2.1
rec_5c94a47b1bfbd8,cust_31891f48e66e,pay_67bd2b2f18672c,2,0.728,1,2925.12,INR,upi,bank_timeout,1,0.72,RETRY,,0,True,2925.12,1.57
rec_fa369cd18aee45,cust_f2f5b1762c41,pay_a14de07d04a9c3,14,0.734,4,2514.72,INR,card,bank_timeout,1,1.34,REMINDER,,0,True,2514.72,1.43
rec_79d86d234fe45a,cust_5b6a81020428,pay_0fe3f047db142d,8,0.975,0,633.87,INR,upi,network_error,1,1.91,RETRY,,0,False,0.0,0.0
rec_721d09d29ed9e4,cust_085606848a6f,pay_647e8d639bd4a1,11,0.924,1,3296.28,INR,upi,bank_timeout,1,1.38,PAYMENT_LINK,,0,False,0.0,0.0
rec_69875328550d98,cust_bdcf6fd488df,pay_cbdab2124dad9b,3,0.728,1,3063.01,INR,card,authentication_failed,1,1.36,PAYMENT_LINK,,0,True,3063.01,2.17
rec_2dd5ef49465839,cust_d315fafa7500,pay_5f27ba2cd892bf,12,0.96,0,2416.77,INR,netbanking,authentication_failed,1,1.3,RETRY,,0,False,0.0,0.0
rec_a430774c059996,cust_8d5480389a26,pay_a9b1345df63a43,3,0.933,0,1002.62,INR,upi,authentication_failed,1,1.78,RETRY,,0,True,1002.62,2.5
rec_1a0f6a467254a1,cust_283edeec9245,pay_562d8e63e87e1e,24,0.786,5,11650.49,INR,netbanking,network_error,1,1.33,RETRY,,0,False,0.0,0.0
rec_58bd9674f9c18f,cust_283edeec9245,pay_562d8e63e87e1e,24,0.786,5,11650.49,INR,netbanking,network_error,2,7.6,PAYMENT_LINK,RETRY,1,True,11650.49,8.09
rec_95cb61694d2983,cust_8855817d3112,pay_955f62281146f7,1,0.959,0,48343.8,INR,upi,network_error,1,0.42,PAYMENT_LINK,,0,True,48343.8,2.37
rec_ec9599ed2a8719,cust_40497b717d10,pay_b837f62111a726,16,0.878,2,1945.87,INR,wallet,payment_method_issue,1,0.31,PAYMENT_LINK,,0,False,0.0,0.0
rec_144df4aa144e22,cust_40497b717d10,pay_b837f62111a726,16,0.878,2,1945.87,INR,wallet,payment_method_issue,2,12.16,PAYMENT_LINK,PAYMENT_LINK,1,True,1945.87,14.5
rec_a83511b5f0e802,cust_7d2120ad5f59,pay_94ff69bbe442e3,9,0.735,2,8669.2,INR,netbanking,bank_timeout,1,1.76,RETRY,,0,False,0.0,0.0
rec_60f68115046dda,cust_7d2120ad5f59,pay_94ff69bbe442e3,9,0.735,2,8669.2,INR,netbanking,bank_timeout,2,19.64,PAYMENT_LINK,RETRY,1,False,0.0,0.0
rec_c22898ebaa216e,cust_7580e4e95945,pay_57919d9b9521b0,41,0.819,7,5789.62,INR,upi,bank_timeout,1,1.08,RETRY,,0,False,0.0,0.0
rec_711c95162db824,cust_546fcba3b336,pay_ebb616fe859822,13,0.542,6,764.23,INR,card,insufficient_funds,1,1.81,ESCALATE,,0,False,0.0,0.0
rec_921c5ef6c03085,cust_c4b032ccd7c5,pay_d548e2dd0d5a5b,55,0.856,8,7798.37,INR,netbanking,bank_timeout,1,1.58,RETRY,,0,False,0.0,0.0
rec_053822d6ee540a,cust_c4b032ccd7c5,pay_d548e2dd0d5a5b,55,0.856,8,7798.37,INR,netbanking,bank_timeout,2,5.94,PAYMENT_LINK,RETRY,1,True,7798.37,6.91
rec_7da358c874622d,cust_be9da9517329,pay_efe877e608d0e6,1,0.46,1,5177.15,INR,card,authentication_failed,1,1.65,PAYMENT_LINK,,0,False,0.0,0.0
rec_6e4c2b1304bc54,cust_be9da9517329,pay_efe877e608d0e6,1,0.46,1,5177.15,INR,card,authentication_failed,2,6.05,REMINDER,PAYMENT_LINK,1,False,0.0,0.0
rec_1194807d697bb8,cust_4b4ef503f872,pay_559018cca9f606,30,0.777,7,2674.29,INR,card,unknown,1,1.86,RETRY,,0,False,0.0,0.0
rec_972b69cf683ba8,cust_52cb8f692182,pay_3be969cd514863,15,0.94,1,10698.92,INR,netbanking,bank_timeout,1,0.5,RETRY,,0,True,10698.92,0.78
rec_e7a504d2282256,cust_a5b409833eeb,pay_2c138751e68cb1,4,0.265,3,4039.72,INR,card,bank_timeout,1,1.87,RETRY,,0,True,4039.72,4.24
rec_d8c472720534d2,cust_b8875caf1991,pay_9ffbd74f8d2fef,3,0.861,0,1960.7,INR,upi,insufficient_funds,1,0.34,REMINDER,,0,False,0.0,0.0
rec_8d3375de716f8b,cust_b8875caf1991,pay_9ffbd74f8d2fef,3,0.861,0,1960.7,INR,upi,insufficient_funds,2,11.52,PAYMENT_LINK,REMINDER,1,False,0.0,0.0
rec_cfdf88f86b1212,cust_bbb24366704f,pay_ab1f7fd25be8eb,48,0.912,4,7260.11,INR,card,insufficient_funds,1,1.91,REMINDER,,0,True,7260.11,2.13
rec_96e1ee24d631d1,cust_be9063fb64b5,pay_fa0c3ded7f1bb1,1,0.848,0,10765.98,INR,wallet,payment_method_issue,1,1.34,PAYMENT_LINK,,0,False,0.0,0.0
rec_dc8a12a79feb7f,cust_711c21c9bdc1,pay_5822bc3c30fb65,1,0.878,0,4971.3,INR,card,bank_timeout,1,0.78,RETRY,,0,True,4971.3,3.21
rec_0e81cbbd15e448,cust_fb4fb88a2f4d,pay_45fb0dcfd08d2a,22,0.724,6,2870.04,INR,card,network_error,1,0.28,RETRY,,0,True,2870.04,1.44
rec_527d3f174d7412,cust_cde22f1c56b6,pay_af801bb4eff0dc,21,0.926,2,1155.04,INR,upi,bank_timeout,1,1.0,REMINDER,,0,False,0.0,0.0
rec_c7a23fd9772e66,cust_70be96304a63,pay_8bfda0a56415b5,6,0.708,2,35555.2,INR,upi,technical_error,1,1.79,RETRY,,0,True,35555.2,2.93
rec_39f1e2cd8a74da,cust_74ca0ad7abe5,pay_d05004a6c0b4a7,12,0.842,2,394.33,INR,card,authentication_failed,1,1.95,REMINDER,,0,False,0.0,0.0
rec_ef0392d40b3e06,cust_84408e983d53,pay_10557be76914cd,6,0.774,1,2544.89,INR,card,insufficient_funds,1,1.57,PAYMENT_LINK,,0,True,2544.89,2.16
rec_21a5494d5985ec,cust_1ed072e9f9fc,pay_8f06cbf7f471e8,9,0.892,1,6990.95,INR,netbanking,bank_timeout,1,0.71,RETRY,,0,True,6990.95,0.91
rec_86bed30e6ac5a0,cust_8a713a73fdee,pay_c824dd9b33e6fc,5,0.907,0,7460.27,INR,card,insufficient_funds,1,0.12,REMINDER,,0,True,7460.27,1.75
rec_077a2f03463de7,cust_ca8e858cd0f8,pay_2bf67532d0f6a6,44,0.884,5,646.19,INR,card,technical_error,1,0.42,PAYMENT_LINK,,0,False,0.0,0.0
rec_b8948faff111a6,cust_ca8e858cd0f8,pay_2bf67532d0f6a6,44,0.884,5,646.19,INR,card,technical_error,2,15.43,PAYMENT_LINK,PAYMENT_LINK,1,True,646.19,16.76
rec_4c693bbf925350,cust_750d112e8164,pay_949c9e1abee632,9,0.706,3,1921.78,INR,card,network_error,1,0.69,RETRY,,0,False,0.0,0.0
rec_33df2628826816,cust_836b47c37c71,pay_96e0cf68b0bc73,11,0.781,2,2654.28,INR,card,bank_timeout,1,1.67,RETRY,,0,True,2654.28,1.96
rec_dce4ffb593e78e,cust_5e3ece609ef6,pay_1ca020d218cc69,15,0.849,2,2203.05,INR,netbanking,technical_error,1,0.96,RETRY,,0,True,2203.05,1.17
rec_259b3d54763910,cust_bca6a6b093b0,pay_a4c21537750d98,2,0.939,0,1467.4,INR,upi,authentication_failed,1,1.0,PAYMENT_LINK,,0,True,1467.4,3.29
rec_a68a4282835288,cust_bb9d92c0d8d0,pay_d7dcc3fc7c530f,46,0.781,10,404.22,INR,upi,network_error,1,0.36,RETRY,,0,False,0.0,0.0
rec_5da1d0384d1107,cust_bb9d92c0d8d0,pay_d7dcc3fc7c530f,46,0.781,10,404.22,INR,upi,network_error,2,6.41,RETRY,RETRY,1,True,404.22,7.77
rec_6863778e51d94f,cust_f8205aa7996f,pay_5d8304f5fb035a,1,0.75,0,2241.16,INR,card,bank_timeout,1,1.75,RETRY,,0,True,2241.16,3.18
rec_25312620b990d3,cust_f68c62e6e2a4,pay_1eb00c173971b0,17,0.975,0,2744.19,INR,card,network_error,1,1.87,RETRY,,0,True,2744.19,4.07
rec_d28498feddf5ff,cust_42deffccf86c,pay_6e3a6262fb14a8,48,0.963,2,1647.74,INR,card,network_error,1,1.38,RETRY,,0,True,1647.74,3.42
rec_fd2a8680b2e802,cust_9997496bc697,pay_9fc202eb7a4b93,1,0.922,0,7349.08,INR,upi,authentication_failed,1,1.25,REMINDER,,0,False,0.0,0.0
rec_3d27d09cd3ad13,cust_ceef7261bb15,pay_5be3dc8012845c,11,0.512,5,4459.12,INR,card,bank_timeout,1,1.31,REMINDER,,0,False,0.0,0.0
rec_3ffa592fd75b3c,cust_ceef7261bb15,pay_5be3dc8012845c,11,0.512,5,4459.12,INR,card,bank_timeout,2,6.31,PAYMENT_LINK,REMINDER,1,False,0.0,0.0
rec_a466dd5218757f,cust_ceef7261bb15,pay_5be3dc8012845c,11,0.512,5,4459.12,INR,card,bank_timeout,3,20.71,ESCALATE,PAYMENT_LINK,2,True,4459.12,21.18
rec_c0df13f2cc4e63,cust_5571276b3347,pay_d11a2e49ce7ac5,32,0.72,9,1943.4,INR,netbanking,network_error,1,1.6,RETRY,,0,False,0.0,0.0
rec_6efdda4f1069b8,cust_ec191606a57d,pay_1c13f2e7e5d603,8,0.704,2,1850.56,INR,wallet,network_error,1,1.23,RETRY,,0,True,1850.56,2.48
rec_15cf618823fd9a,cust_e5508ea26133,pay_5d13b930b08685,20,0.734,5,313.93,INR,upi,payment_method_issue,1,1.98,ESCALATE,,0,True,313.93,2.21
rec_26560d7f9efc2c,cust_fb7d9f1c57eb,pay_71b45b12cce8c3,2,0.729,1,11621.06,INR,upi,insufficient_funds,1,0.39,REMINDER,,0,True,11621.06,2.48
rec_68619d1b046c1f,cust_f96c9a0a3404,pay_8503fc267cfb73,12,0.787,3,457.33,INR,upi,technical_error,1,0.12,RETRY,,0,False,0.0,0.0
rec_5df46dd5b0c534,cust_5571276b3347,pay_79e85b50d11bf3,32,0.72,9,7229.17,INR,card,insufficient_funds,1,1.39,REMINDER,,0,False,0.0,0.0
rec_f22bf842c26534,cust_5571276b3347,pay_79e85b50d11bf3,32,0.72,9,7229.17,INR,card,insufficient_funds,2,11.81,ESCALATE,REMINDER,1,False,0.0,0.0
rec_2531b75ebab00a,cust_5571276b3347,pay_79e85b50d11bf3,32,0.72,9,7229.17,INR,card,insufficient_funds,3,28.37,STOP,ESCALATE,2,False,0.0,0.0
rec_1e19fd8528a56d,cust_1c3efda4689b,pay_3bd3648181883d,35,0.967,1,2953.74,INR,upi,bank_timeout,1,1.03,RETRY,,0,True,2953.74,2.11
rec_9b5deb6230ecdb,cust_19b17e80dea4,pay_b50298b6223556,9,0.841,1,3598.97,INR,card,network_error,1,1.48,RETRY,,0,True,3598.97,2.46
rec_6a4483cea9143f,cust_956abfdfbf4e,pay_7dab868cf9fe93,8,0.897,1,1953.12,INR,upi,payment_method_issue,1,0.4,REMINDER,,0,False,0.0,0.0
rec_571dbbbe33bf77,cust_956abfdfbf4e,pay_7dab868cf9fe93,8,0.897,1,1953.12,INR,upi,payment_method_issue,2,14.74,REMINDER,REMINDER,1,True,1953.12,15.43
rec_7b17751e4268cf,cust_d1fcdedd6102,pay_4488b8e6ac85ed,33,0.784,7,303.76,INR,netbanking,bank_timeout,1,1.51,RETRY,,0,False,0.0,0.0
rec_403d95186246f4,cust_d1fcdedd6102,pay_4488b8e6ac85ed,33,0.784,7,303.76,INR,netbanking,bank_timeout,2,11.97,RETRY,RETRY,1,True,303.76,13.08
rec_def176525acefe,cust_a21b030782af,pay_05f89735b5537a,5,0.793,1,1300.4,INR,upi,network_error,1,1.26,RETRY,,0,True,1300.4,1.6
rec_f60ea40500532b,cust_d8125123984f,pay_a83f657c137f5f,46,0.973,1,1655.93,INR,upi,bank_timeout,1,1.78,PAYMENT_LINK,,0,False,0.0,0.0
rec_3a0c867afabf75,cust_d8125123984f,pay_a83f657c137f5f,46,0.973,1,1655.93,INR,upi,bank_timeout,2,7.04,PAYMENT_LINK,PAYMENT_LINK,1,True,1655.93,9.0
rec_2eacf23aebfc7e,cust_0cd620c20ea2,pay_d6cc377ebcfac9,42,0.852,6,4886.01,INR,wallet,network_error,1,0.12,RETRY,,0,False,0.0,0.0
rec_789739e804a8b1,cust_75b17a55d426,pay_8444c17db031af,21,0.969,1,1464.39,INR,card,network_error,1,0.59,RETRY,,0,True,1464.39,2.59
rec_896f3475a212ea,cust_e893be3d7354,pay_607fba83540ace,12,0.763,3,2273.81,INR,upi,payment_method_issue,1,0.3,PAYMENT_LINK,,0,True,2273.81,0.67
rec_c6a66ec2dd91d6,cust_73b0d6763527,pay_c17e09cb50e963,8,0.85,1,11730.59,INR,upi,unknown,1,0.13,ESCALATE,,0,True,11730.59,1.6
rec_131926d7ffc5f0,cust_f30a9e32aba4,pay_1eb99729cc39ce,2,0.31,1,1068.62,INR,netbanking,network_error,1,0.22,RETRY,,0,True,1068.62,2.09
rec_4d65bcea226921,cust_304630085fa7,pay_2d5488dea3fcc4,7,0.765,2,4366.06,INR,upi,unknown,1,1.83,REMINDER,,0,False,0.0,0.0
rec_76ac0e84e3d79e,cust_304630085fa7,pay_2d5488dea3fcc4,7,0.765,2,4366.06,INR,upi,unknown,2,7.5,PAYMENT_LINK,REMINDER,1,False,0.0,0.0
rec_26eb50279cea36,cust_0496179588cc,pay_85dbe1f64d510f,17,0.944,1,3382.31,INR,upi,payment_method_issue,1,0.79,RETRY,,0,False,0.0,0.0
rec_95265676d90332,cust_0496179588cc,pay_85dbe1f64d510f,17,0.944,1,3382.31,INR,upi,payment_method_issue,2,13.3,STOP,RETRY,1,False,0.0,0.0
rec_7968f364ed4886,cust_c82f78fd936c,pay_89ce15a261a768,42,0.895,4,1213.66,INR,card,bank_timeout,1,1.82,RETRY,,0,True,1213.66,3.53
rec_3b438b28b6e3c8,cust_f7aeede80a11,pay_a8cfd0ab4bec31,8,0.881,1,2705.94,INR,card,bank_timeout,1,0.2,RETRY,,0,False,0.0,0.0
rec_7786054d2f1d27,cust_f7aeede80a11,pay_a8cfd0ab4bec31,8,0.881,1,2705.94,INR,card,bank_timeout,2,7.28,REMINDER,RETRY,1,False,0.0,0.0
rec_10593602b47fe2,cust_f7aeede80a11,pay_a8cfd0ab4bec31,8,0.881,1,2705.94,INR,card,bank_timeout,3,9.79,PAYMENT_LINK,REMINDER,2,True,2705.94,10.04
rec_8fc796716cfc78,cust_c05e5adeb303,pay_55c1d6c8d0d323,2,0.943,0,1137.1,INR,upi,network_error,1,0.65,RETRY,,0,True,1137.1,1.14
rec_21b20e6fa2e7b4,cust_c4c7aab4ca20,pay_ead56d45c22de5,1,0.764,0,10583.44,INR,upi,bank_timeout,1,0.39,PAYMENT_LINK,,0,True,10583.44,2.48
rec_a547232d175425,cust_1e8df8ad838b,pay_60365ae2c81af4,3,0.752,1,10753.04,INR,card,technical_error,1,0.58,ESCALATE,,0,False,0.0,0.0
rec_4092790daeb6c0,cust_41992fdfb310,pay_22eac88b5b9bbe,2,0.858,0,7825.12,INR,upi,network_error,1,1.06,PAYMENT_LINK,,0,False,0.0,0.0
rec_f8378d0c1bf9b6,cust_41992fdfb310,pay_22eac88b5b9bbe,2,0.858,0,7825.12,INR,upi,network_error,2,17.91,REMINDER,PAYMENT_LINK,1,True,7825.12,18.03
rec_8eff82eb431b1d,cust_0ceaaf73aced,pay_4b11c3bcd4cf4e,5,0.736,1,6460.41,INR,wallet,technical_error,1,1.02,RETRY,,0,True,6460.41,1.48
rec_98accc08ec9099,cust_eba900e16a7d,pay_087d3100811313,9,0.707,3,1088.35,INR,card,authentication_failed,1,1.54,REMINDER,,0,False,0.0,0.0
rec_dfe520a858bfa9,cust_eba900e16a7d,pay_087d3100811313,9,0.707,3,1088.35,INR,card,authentication_failed,2,10.7,ESCALATE,REMINDER,1,False,0.0,0.0
rec_8616d74823b717,cust_eba900e16a7d,pay_087d3100811313,9,0.707,3,1088.35,INR,card,authentication_failed,3,25.59,REMINDER,ESCALATE,2,False,0.0,0.0
rec_2561a0deccabaa,cust_eba900e16a7d,pay_087d3100811313,9,0.707,3,1088.35,INR,card,authentication_failed,4,38.79,ESCALATE,REMINDER,3,False,0.0,0.0
rec_a331120ebf93ec,cust_09e9db0adf46,pay_8a8bb0a3e62c5e,20,0.92,2,459.88,INR,card,technical_error,1,1.94,RETRY,,0,True,459.88,2.79
rec_edb556bd6b5e36,cust_937bf79bbb44,pay_cafe77fe530264,1,0.781,0,2726.55,INR,card,authentication_failed,1,1.29,REMINDER,,0,True,2726.55,1.71
rec_af0c6f0793415e,cust_0ffa23664b4f,pay_0c964dee0950a6,1,0.428,1,7465.18,INR,netbanking,insufficient_funds,1,1.86,REMINDER,,0,True,7465.18,2.25
rec_01c28464bb47cb,cust_93acb00e32ee,pay_d8f39ed368962b,1,0.943,0,35433.37,INR,upi,technical_error,1,0.97,RETRY,,0,False,0.0,0.0
rec_9620a6850768ec,cust_93acb00e32ee,pay_d8f39ed368962b,1,0.943,0,35433.37,INR,upi,technical_error,2,12.24,PAYMENT_LINK,RETRY,1,False,0.0,0.0
rec_da5bb9a5048776,cust_93acb00e32ee,pay_d8f39ed368962b,1,0.943,0,35433.37,INR,upi,technical_error,3,19.25,ESCALATE,PAYMENT_LINK,2,False,0.0,0.0
rec_3a1670593d21a6,cust_fffe77c839fe,pay_d6e3bec0dd9fd0,3,0.965,0,2506.73,INR,upi,insufficient_funds,1,0.28,PAYMENT_LINK,,0,True,2506.73,1.58
rec_8209a8a70e7f5b,cust_98f6fd7f7eb1,pay_ecc071b47beaa8,41,0.799,8,2059.65,INR,upi,authentication_failed,1,1.15,REMINDER,,0,False,0.0,0.0
rec_a7e00a217847ee,cust_98f6fd7f7eb1,pay_ecc071b47beaa8,41,0.799,8,2059.65,INR,upi,authentication_failed,2,4.01,STOP,REMINDER,1,False,0.0,0.0
rec_33f88cc0421b1f,cust_9780c2152b2b,pay_bbd58ac59d33cb,2,0.849,0,678.09,INR,card,unknown,1,0.74,REMINDER,,0,False,0.0,0.0
rec_f6c11c4638223d,cust_c8fb2050a460,pay_ce9b5f4d7067ef,6,0.906,1,8975.89,INR,card,authentication_failed,1,1.91,RETRY,,0,True,8975.89,4.12
rec_f07167beb05764,cust_a9eb0bf9850e,pay_fa1400e797b415,5,0.89,1,1951.29,INR,card,insufficient_funds,1,0.92,REMINDER,,0,True,1951.29,2.35
rec_663864aaa65cf5,cust_02bdeabe7060,pay_ef557420603614,11,0.611,4,2116.55,INR,netbanking,bank_timeout,1,1.38,PAYMENT_LINK,,0,True,2116.55,2.46
rec_df157669dadc7e,cust_157d94a106f0,pay_4bfecb44d78d98,12,0.81,2,835.82,INR,wallet,insufficient_funds,1,0.22,REMINDER,,0,True,835.82,0.95
rec_12952600c640de,cust_ff408dcc9db1,pay_c33218c4680906,10,0.883,1,44031.55,INR,netbanking,bank_timeout,1,0.22,RETRY,,0,False,0.0,0.0
rec_f07a71456dd526,cust_ff408dcc9db1,pay_c33218c4680906,10,0.883,1,44031.55,INR,netbanking,bank_timeout,2,3.68,REMINDER,RETRY,1,False,0.0,0.0
rec_c91c253b282113,cust_ff408dcc9db1,pay_c33218c4680906,10,0.883,1,44031.55,INR,netbanking,bank_timeout,3,13.53,PAYMENT_LINK,REMINDER,2,False,0.0,0.0
rec_30aff76178563b,cust_d12daea8673d,pay_b1d97384c4198c,43,0.762,10,8222.36,INR,upi,technical_error,1,1.52,RETRY,,0,False,0.0,0.0
rec_cc3280b0060577,cust_d12daea8673d,pay_b1d97384c4198c,43,0.762,10,8222.36,INR,upi,technical_error,2,17.37,REMINDER,RETRY,1,False,0.0,0.0
rec_f03c55e2853764,cust_d12daea8673d,pay_b1d97384c4198c,43,0.762,10,8222.36,INR,upi,technical_error,3,23.22,ESCALATE,REMINDER,2,False,0.0,0.0
rec_40ea4115653894,cust_937bf79bbb44,pay_19b4678f4b80f3,1,0.781,0,225.77,INR,upi,technical_error,1,0.82,RETRY,,0,True,225.77,2.64
rec_142e5ff5ec5c80,cust_3cd5fd7f49c1,pay_821dadce35595f,10,0.848,2,3611.32,INR,card,bank_timeout,1,0.39,ESCALATE,,0,True,3611.32,0.76
rec_a14943e2f990f4,cust_1f178f9323c9,pay_7a1274b923546c,17,0.829,3,3923.78,INR,card,bank_timeout,1,0.39,RETRY,,0,True,3923.78,0.62
rec_855170353143bd,cust_98550b1ed588,pay_1b04c1f3abb9a7,54,0.979,1,1649.55,INR,card,technical_error,1,1.46,RETRY,,0,True,1649.55,2.75
rec_8eabe1fd945f3c,cust_0a4e25528005,pay_1ff3df05bd497a,34,0.756,8,28493.22,INR,netbanking,technical_error,1,1.42,PAYMENT_LINK,,0,False,0.0,0.0
rec_10f6ccbb0ab9f7,cust_0a4e25528005,pay_1ff3df05bd497a,34,0.756,8,28493.22,INR,netbanking,technical_error,2,12.77,PAYMENT_LINK,PAYMENT_LINK,1,False,0.0,0.0
rec_43a50bf5dc8724,cust_0a4e25528005,pay_1ff3df05bd497a,34,0.756,8,28493.22,INR,netbanking,technical_error,3,22.29,PAYMENT_LINK,PAYMENT_LINK,2,False,0.0,0.0
rec_9546a1594c949e,cust_854dc3bf61d8,pay_424d19ea487481,2,0.539,1,3558.8,INR,card,network_error,1,0.57,REMINDER,,0,True,3558.8,1.02
rec_a75c13166ca660,cust_4ce953a722d9,pay_4c0cb31c2a4e1a,5,0.628,2,10005.36,INR,upi,insufficient_funds,1,0.16,REMINDER,,0,False,0.0,0.0
rec_51b3b87fd935e7,cust_4ce953a722d9,pay_4c0cb31c2a4e1a,5,0.628,2,10005.36,INR,upi,insufficient_funds,2,6.64,REMINDER,REMINDER,1,True,10005.36,8.43
rec_67931ab9ac49aa,cust_2d54ff2b10ee,pay_c68e578a4bc4be,7,0.977,0,1992.43,INR,upi,bank_timeout,1,0.65,PAYMENT_LINK,,0,True,1992.43,1.58
rec_e9d2b271c22256,cust_17e8392a55ce,pay_80d42e543a9165,3,0.844,0,45944.53,INR,card,authentication_failed,1,1.97,REMINDER,,0,False,0.0,0.0
rec_46047630408649,cust_17e8392a55ce,pay_80d42e543a9165,3,0.844,0,45944.53,INR,card,authentication_failed,2,4.97,STOP,REMINDER,1,False,0.0,0.0
rec_0dfe4e16e066f3,cust_4a85e4433ba8,pay_c91dc8e15973c4,3,0.97,0,7993.81,INR,card,authentication_failed,1,1.57,REMINDER,,0,False,0.0,0.0
rec_23af3aa66b698b,cust_f090f5a0ce61,pay_eb6be136d6096b,46,0.928,3,720.79,INR,netbanking,network_error,1,0.29,PAYMENT_LINK,,0,False,0.0,0.0
rec_adca248cd70526,cust_f090f5a0ce61,pay_eb6be136d6096b,46,0.928,3,720.79,INR,netbanking,network_error,2,7.99,PAYMENT_LINK,PAYMENT_LINK,1,False,0.0,0.0
rec_a2d04968846eae,cust_f090f5a0ce61,pay_eb6be136d6096b,46,0.928,3,720.79,INR,netbanking,network_error,3,11.59,PAYMENT_LINK,PAYMENT_LINK,2,False,0.0,0.0
rec_8c70f0da8be765,cust_8f3dc97fe6b0,pay_6fe3b95a24bb37,6,0.809,1,2458.32,INR,upi,bank_timeout,1,1.99,RETRY,,0,False,0.0,0.0
rec_097f7eee4aade5,cust_8f3dc97fe6b0,pay_6fe3b95a24bb37,6,0.809,1,2458.32,INR,upi,bank_timeout,2,14.57,REMINDER,RETRY,1,True,2458.32,14.64
rec_fbac94bdf39ea0,cust_f8ded777bb1e,pay_8e5e53c4cf0995,5,0.917,0,3515.34,INR,netbanking,insufficient_funds,1,0.73,PAYMENT_LINK,,0,False,0.0,0.0
rec_9d50271aef7992,cust_f8ded777bb1e,pay_8e5e53c4cf0995,5,0.917,0,3515.34,INR,netbanking,insufficient_funds,2,8.78,PAYMENT_LINK,PAYMENT_LINK,1,False,0.0,0.0
rec_914073d8447b68,cust_f8ded777bb1e,pay_8e5e53c4cf0995,5,0.917,0,3515.34,INR,netbanking,insufficient_funds,3,26.39,REMINDER,PAYMENT_LINK,2,False,0.0,0.0
rec_e7a85c8f902680,cust_f8ded777bb1e,pay_8e5e53c4cf0995,5,0.917,0,3515.34,INR,netbanking,insufficient_funds,4,39.27,ESCALATE,REMINDER,3,False,0.0,0.0
rec_7b1c7842de6af8,cust_3f76be1d1efa,pay_8eba7a8885e3fb,64,0.823,11,342.97,INR,netbanking,bank_timeout,1,0.98,RETRY,,0,False,0.0,0.0
rec_7ca495a8089476,cust_2620f9a974fd,pay_5d4ca1ee20ee37,1,0.793,0,2780.9,INR,card,authentication_failed,1,0.87,ESCALATE,,0,False,0.0,0.0
rec_9df3fdd897bca4,cust_781799ffb49e,pay_da713c69033344,5,0.556,2,327.08,INR,card,payment_method_issue,1,1.07,PAYMENT_LINK,,0,False,0.0,0.0
rec_74a3950d707043,cust_5738811d70c2,pay_55989ee1e0b07c,9,0.503,4,1613.33,INR,upi,authentication_failed,1,0.62,PAYMENT_LINK,,0,True,1613.33,1.84
rec_b5902d581f5d27,cust_26a4cbefa437,pay_e3ad54937b1469,3,0.913,0,4708.31,INR,upi,insufficient_funds,1,1.0,RETRY,,0,False,0.0,0.0
rec_bd53a0b99c9c28,cust_15661feb05c5,pay_67761eb8af310c,11,0.962,0,10433.5,INR,card,bank_timeout,1,0.74,REMINDER,,0,True,10433.5,2.3
rec_a23ee239eeb3da,cust_6e6981a35d3d,pay_4e5b2424385c9e,10,0.908,1,623.89,INR,card,insufficient_funds,1,0.54,PAYMENT_LINK,,0,True,623.89,1.75
rec_960cb0c10fd5b7,cust_913767ab4dd8,pay_1f152152468d1b,11,0.936,1,835.79,INR,upi,network_error,1,1.13,REMINDER,,0,False,0.0,0.0
rec_b97eb5b74ad953,cust_913767ab4dd8,pay_1f152152468d1b,11,0.936,1,835.79,INR,upi,network_error,2,15.3,PAYMENT_LINK,REMINDER,1,False,0.0,0.0
rec_5adc8876d3af36,cust_913767ab4dd8,pay_1f152152468d1b,11,0.936,1,835.79,INR,upi,network_error,3,25.73,STOP,PAYMENT_LINK,2,False,0.0,0.0
rec_8b49c0170d0051,cust_9feefdffc566,pay_b5a51112d5bdc8,2,0.745,1,2902.02,INR,upi,network_error,1,1.89,REMINDER,,0,True,2902.02,2.01
rec_ca9e39eee22373,cust_6c778135fad7,pay_f7b567fc334dec,1,0.85,0,10822.13,INR,card,bank_timeout,1,1.93,REMINDER,,0,False,0.0,0.0
rec_a11fbb68359b1c,cust_6c778135fad7,pay_f7b567fc334dec,1,0.85,0,10822.13,INR,card,bank_timeout,2,5.75,REMINDER,REMINDER,1,False,0.0,0.0
rec_9e8e9235af56b5,cust_17e8392a55ce,pay_9fbd994addf99f,3,0.844,0,2507.06,INR,upi,technical_error,1,0.98,REMINDER,,0,False,0.0,0.0
rec_fa0fd3f876f831,cust_ac0f680115b2,pay_bc5ab867232f0d,21,0.783,5,2015.75,INR,netbanking,insufficient_funds,1,1.83,RETRY,,0,True,2015.75,3.33
rec_72b30e236808ed,cust_9d2ce51b37e8,pay_03429bdd845e89,3,0.74,1,6508.27,INR,upi,network_error,1,0.24,RETRY,,0,True,6508.27,2.17
rec_c1e8915db0a48c,cust_d0713f73582a,pay_641c3afc40bd82,16,0.878,2,7934.59,INR,upi,bank_timeout,1,1.95,PAYMENT_LINK,,0,True,7934.59,4.38
rec_251deaf6b7a8c8,cust_b3edd6edb089,pay_41cda75f99f03e,16,0.748,4,7240.65,INR,card,technical_error,1,1.91,RETRY,,0,True,7240.65,4.14
rec_1c2084f43c94fe,cust_5780be1712fe,pay_f48ff43b48e233,23,0.789,5,7696.01,INR,upi,insufficient_funds,1,1.71,RETRY,,0,False,0.0,0.0
rec_16198e74f937fe,cust_55c551fcfba5,pay_3c10f3b508e8ca,26,0.859,4,2777.65,INR,upi,authentication_failed,1,1.75,PAYMENT_LINK,,0,True,2777.65,3.58
rec_08baea08df6d2d,cust_ced7cd177e14,pay_25abfb655dfc64,2,0.846,0,13314.43,INR,card,insufficient_funds,1,1.75,RETRY,,0,False,0.0,0.0
rec_6a640b5527bec8,cust_ced7cd177e14,pay_25abfb655dfc64,2,0.846,0,13314.43,INR,card,insufficient_funds,2,17.41,PAYMENT_LINK,RETRY,1,False,0.0,0.0
rec_19daac66671958,cust_32f9b7710799,pay_34adeae8f7f17b,3,0.914,0,1612.54,INR,upi,authentication_failed,1,0.23,REMINDER,,0,True,1612.54,1.77
rec_b686cb748a12d2,cust_9532caba7af9,pay_9c2806c47d0be8,15,0.732,4,8972.42,INR,card,network_error,1,0.46,RETRY,,0,True,8972.42,0.58
rec_03c677dcce5c3c,cust_b3b263376a74,pay_5f2fea66ac896a,2,0.909,0,2700.1,INR,card,bank_timeout,1,1.82,RETRY,,0,True,2700.1,4.3
rec_2335726f41aedc,cust_75b17a55d426,pay_69ab9b4cd7d6ee,21,0.969,1,2696.84,INR,upi,bank_timeout,1,1.67,RETRY,,0,True,2696.84,2.26
rec_a6c4ca015cf2d9,cust_aa03081bd498,pay_a8ffc0d5ab57eb,14,0.947,1,1535.9,INR,upi,bank_timeout,1,0.84,RETRY,,0,False,0.0,0.0
rec_e1d2eab241265b,cust_aa03081bd498,pay_a8ffc0d5ab57eb,14,0.947,1,1535.9,INR,upi,bank_timeout,2,9.75,PAYMENT_LINK,RETRY,1,True,1535.9,10.84
rec_487a7ae7f55361,cust_8f3dc97fe6b0,pay_ada971650e15c1,6,0.809,1,993.65,INR,card,bank_timeout,1,1.34,RETRY,,0,True,993.65,1.5
rec_76f86881c86e49,cust_ec3b9258f943,pay_aed2f8b2065a1e,21,0.888,2,2317.25,INR,upi,network_error,1,0.58,RETRY,,0,True,2317.25,2.63
rec_70e830d6f98bbd,cust_fba6abf7cdbc,pay_ab21df6482f750,19,0.855,3,2466.74,INR,netbanking,technical_error,1,0.45,PAYMENT_LINK,,0,False,0.0,0.0
rec_da94a440889553,cust_902059e4ff9a,pay_d1dde1b5917a96,5,0.72,1,2626.51,INR,wallet,insufficient_funds,1,1.57,PAYMENT_LINK,,0,False,0.0,0.0
rec_227cf16aff0efe,cust_902059e4ff9a,pay_d1dde1b5917a96,5,0.72,1,2626.51,INR,wallet,insufficient_funds,2,5.03,PAYMENT_LINK,PAYMENT_LINK,1,True,2626.51,7.34
rec_c11234bff163fe,cust_31f55560a42d,pay_005f4f30dc6b64,23,0.726,6,7546.02,INR,card,bank_timeout,1,0.29,RETRY,,0,False,0.0,0.0
rec_c70ad761924f47,cust_204e178c10d0,pay_e318baf52e6d26,29,0.723,8,8945.21,INR,upi,bank_timeout,1,1.37,RETRY,,0,True,8945.21,3.15
rec_4dce7f42d6d1be,cust_7800e27a9ace,pay_dc31706f6b1c60,6,0.833,1,7226.86,INR,upi,bank_timeout,1,1.19,RETRY,,0,True,7226.86,2.7
rec_3c55f8e040b20a,cust_b784ae08758f,pay_938208ca4fdee8,13,0.579,5,1155.54,INR,card,payment_method_issue,1,0.26,PAYMENT_LINK,,0,True,1155.54,1.59
rec_a19c3c9da5316e,cust_e14e21f714f1,pay_96555f206462db,7,0.701,2,498.12,INR,upi,authentication_failed,1,0.72,REMINDER,,0,True,498.12,2.28
rec_8a2816f9351566,cust_0bb401e769f7,pay_995e2d900d5184,8,0.652,3,639.93,INR,netbanking,authentication_failed,1,0.58,RETRY,,0,False,0.0,0.0
rec_95dfb7bedd9bc5,cust_ca8f3653c9af,pay_9d505d72d1edd0,15,0.892,2,21061.06,INR,card,authentication_failed,1,0.64,PAYMENT_LINK,,0,True,21061.06,2.05
rec_c62c8fa18a1a1b,cust_78460474927c,pay_c46a71c766069d,2,0.885,0,2514.78,INR,upi,bank_timeout,1,1.53,PAYMENT_LINK,,0,False,0.0,0.0
rec_3de699fd750084,cust_78460474927c,pay_c46a71c766069d,2,0.885,0,2514.78,INR,upi,bank_timeout,2,15.94,PAYMENT_LINK,PAYMENT_LINK,1,False,0.0,0.0
rec_e0f914a6840357,cust_d9cb3540643f,pay_053a561e9257f9,2,0.966,0,41893.72,INR,upi,authentication_failed,1,1.43,REMINDER,,0,False,0.0,0.0
rec_7e3c831ea0d2f4,cust_ae38cf4647f8,pay_8cc969deaf4e7d,34,0.762,8,7263.77,INR,card,insufficient_funds,1,1.42,PAYMENT_LINK,,0,False,0.0,0.0
rec_c713b750b875a3,cust_f9fc9c3f3206,pay_79c246805fcfd9,9,0.628,3,2023.31,INR,netbanking,bank_timeout,1,1.73,RETRY,,0,True,2023.31,3.69
rec_92543531c8fbbb,cust_3756999b251a,pay_387f8b7d45fd35,3,0.836,0,2199.79,INR,wallet,technical_error,1,0.43,RETRY,,0,True,2199.79,2.19
rec_666e5d7062bdc5,cust_2fb504019d26,pay_13b8e4ecbac396,10,0.912,1,6332.15,INR,upi,unknown,1,0.3,PAYMENT_LINK,,0,False,0.0,0.0
rec_26bebae5e3060c,cust_2fb504019d26,pay_13b8e4ecbac396,10,0.912,1,6332.15,INR,upi,unknown,2,5.16,STOP,PAYMENT_LINK,1,False,0.0,0.0
rec_27b7f8c09741ed,cust_dfb68a5fbb81,pay_e3b885d5f51841,8,0.753,2,2806.46,INR,netbanking,authentication_failed,1,1.55,PAYMENT_LINK,,0,True,2806.46,1.76
rec_da495c4cd69381,cust_0dc5fb068d58,pay_58e72614ad15da,6,0.679,2,6280.62,INR,upi,insufficient_funds,1,0.74,RETRY,,0,False,0.0,0.0
rec_efb10ed7588f6e,cust_0dc5fb068d58,pay_58e72614ad15da,6,0.679,2,6280.62,INR,upi,insufficient_funds,2,16.13,PAYMENT_LINK,RETRY,1,True,6280.62,18.24
rec_5c884d5de76e6d,cust_a8b97820e92c,pay_7b6f9b63053971,4,0.573,2,5503.32,INR,upi,authentication_failed,1,1.11,REMINDER,,0,False,0.0,0.0
rec_10008d0c78b345,cust_f80b2cea658e,pay_a7479c0d9e84cf,22,0.915,2,5574.13,INR,card,insufficient_funds,1,1.15,PAYMENT_LINK,,0,True,5574.13,2.64
rec_57f3224dba6b20,cust_4ef4c34d5bf8,pay_135f0b2cf0b5ab,10,0.807,2,11580.7,INR,upi,authentication_failed,1,1.22,PAYMENT_LINK,,0,False,0.0,0.0
rec_87a2ad96e0ba63,cust_fa8dae42ba54,pay_f0f80adb554c95,6,0.85,1,9256.88,INR,card,technical_error,1,0.64,PAYMENT_LINK,,0,True,9256.88,0.84
rec_9d8a168d0d46cc,cust_10f1bc81448a,pay_bc3f3acb9d0281,18,0.709,5,15520.45,INR,card,bank_timeout,1,1.34,RETRY,,0,True,15520.45,1.64
rec_3c0825bd8b445c,cust_a48e40f1d042,pay_4e00af933f1445,16,0.712,5,2089.14,INR,wallet,network_error,1,1.18,RETRY,,0,True,2089.14,3.37
rec_9a2ff26487eb85,cust_86433603c92a,pay_8570a421adf56e,9,0.664,3,2070.96,INR,card,network_error,1,0.21,RETRY,,0,True,2070.96,2.3
rec_766d262f2ed4f0,cust_057fdd20a50a,pay_487b4a61115c88,10,0.797,2,32377.52,INR,card,authentication_failed,1,0.23,PAYMENT_LINK,,0,True,32377.52,0.61
rec_e5d060008a76b7,cust_b27c40266703,pay_4b046f856437f5,16,0.787,3,977.07,INR,upi,bank_timeout,1,1.69,RETRY,,0,False,0.0,0.0
rec_6c084a717162f8,cust_b27c40266703,pay_4b046f856437f5,16,0.787,3,977.07,INR,upi,bank_timeout,2,19.23,PAYMENT_LINK,RETRY,1,True,977.07,19.99
rec_6e0a614e7424fb,cust_d03bcbfcdca7,pay_c5a824697d14dd,14,0.9,1,10946.23,INR,upi,payment_method_issue,1,1.58,PAYMENT_LINK,,0,False,0.0,0.0
rec_bcc3e799191c9b,cust_d03bcbfcdca7,pay_c5a824697d14dd,14,0.9,1,10946.23,INR,upi,payment_method_issue,2,17.36,STOP,PAYMENT_LINK,1,False,0.0,0.0
rec_6c128b4bf386c2,cust_90a014ab4ca1,pay_0576e22477cb2a,19,0.908,2,7096.86,INR,netbanking,network_error,1,0.51,RETRY,,0,True,7096.86,2.38
rec_a403545b9dc15a,cust_fb4fb88a2f4d,pay_7c7560d35e1388,22,0.724,6,400.15,INR,upi,bank_timeout,1,0.34,RETRY,,0,False,0.0,0.0
rec_ec8c40ab16b67e,cust_398d1ca68b68,pay_dd7c347f6ef185,12,0.961,0,1521.34,INR,upi,insufficient_funds,1,1.41,ESCALATE,,0,False,0.0,0.0
rec_cb9aa74bb2a037,cust_398d1ca68b68,pay_dd7c347f6ef185,12,0.961,0,1521.34,INR,upi,insufficient_funds,2,9.99,PAYMENT_LINK,ESCALATE,1,True,1521.34,11.66
rec_d2d6ad6de5b8c1,cust_2d6b8a4e18a7,pay_fa467b4282318e,24,0.818,4,8633.0,INR,wallet,insufficient_funds,1,1.49,PAYMENT_LINK,,0,True,8633.0,3.6
rec_06c15db5aa92aa,cust_899a5349cb93,pay_afeb89240aa63d,11,0.718,3,2351.95,INR,upi,authentication_failed,1,1.81,PAYMENT_LINK,,0,True,2351.95,2.04
rec_d7ada1018cdb84,cust_7dffe27d9b12,pay_d48887a67468bf,17,0.736,4,2058.29,INR,card,bank_timeout,1,0.53,RETRY,,0,True,2058.29,1.96
rec_6c139dadf3771c,cust_a0135044a041,pay_19327f7f7b19fb,1,0.746,0,2641.23,INR,upi,authentication_failed,1,1.73,PAYMENT_LINK,,0,True,2641.23,3.99
rec_fb4cd442a4d2a2,cust_e8b45c6afee5,pay_10328a498fe345,5,0.847,1,2954.58,INR,netbanking,insufficient_funds,1,0.3,PAYMENT_LINK,,0,False,0.0,0.0
rec_2d8dac3e4f8862,cust_e8b45c6afee5,pay_10328a498fe345,5,0.847,1,2954.58,INR,netbanking,insufficient_funds,2,7.43,PAYMENT_LINK,PAYMENT_LINK,1,True,2954.58,9.06
rec_9594e26c752dd5,cust_2bffe17b5324,pay_3339f168dfe52c,15,0.732,4,8864.59,INR,upi,insufficient_funds,1,1.61,RETRY,,0,False,0.0,0.0
rec_c368437b5e96d0,cust_8add397642fc,pay_1531934638785f,19,0.885,2,4542.62,INR,upi,payment_method_issue,1,0.26,PAYMENT_LINK,,0,True,4542.62,1.15
rec_e2b9d7c725eac1,cust_f143262fdc5c,pay_ddcb1ca2f22e35,6,0.483,3,1384.89,INR,upi,network_error,1,1.34,RETRY,,0,True,1384.89,1.44
rec_0daca2e3b8e2c6,cust_f143262fdc5c,pay_f02a7ca9859df4,6,0.483,3,23253.17,INR,wallet,bank_timeout,1,0.24,RETRY,,0,True,23253.17,1.66
rec_050582e9195957,cust_cd649aff445f,pay_b0767aa8bdd3d4,7,0.628,3,2504.76,INR,upi,bank_timeout,1,1.77,RETRY,,0,True,2504.76,3.44
rec_e3cbaaf7785e1e,cust_6788420992ca,pay_22788854ed2cb0,1,0.629,0,1569.25,INR,upi,payment_method_issue,1,0.51,PAYMENT_LINK,,0,False,0.0,0.0
rec_9fe5d47e80b6df,cust_6f5aad529061,pay_bd91ca4685599f,3,0.877,0,1478.78,INR,upi,authentication_failed,1,0.58,PAYMENT_LINK,,0,True,1478.78,1.84
rec_1f5fbafa83df63,cust_8bae295e902a,pay_7751c7231866a6,18,0.903,2,976.64,INR,netbanking,bank_timeout,1,1.32,PAYMENT_LINK,,0,False,0.0,0.0
rec_fd743b5eab609c,cust_8bae295e902a,pay_7751c7231866a6,18,0.903,2,976.64,INR,netbanking,bank_timeout,2,9.04,PAYMENT_LINK,PAYMENT_LINK,1,False,0.0,0.0
rec_054d32b890f3c6,cust_8bae295e902a,pay_7751c7231866a6,18,0.903,2,976.64,INR,netbanking,bank_timeout,3,20.78,REMINDER,PAYMENT_LINK,2,True,976.64,21.26
rec_8a536d738f0324,cust_407c43704886,pay_b3b8ada81f3c42,2,0.825,0,2240.99,INR,upi,insufficient_funds,1,0.74,PAYMENT_LINK,,0,False,0.0,0.0
rec_cc76893beab15e,cust_407c43704886,pay_b3b8ada81f3c42,2,0.825,0,2240.99,INR,upi,insufficient_funds,2,11.64,PAYMENT_LINK,PAYMENT_LINK,1,True,2240.99,13.66
rec_3b6082297fd43d,cust_35ebd32d9ad6,pay_8e282dbd1784e7,2,0.855,0,7679.88,INR,card,bank_timeout,1,1.56,RETRY,,0,True,7679.88,1.75
rec_d298eec420dd38,cust_e0bda1ee5807,pay_1986c32b2afed1,10,0.78,2,1294.48,INR,upi,insufficient_funds,1,0.48,REMINDER,,0,True,1294.48,1.76
rec_5cc19bcc3aa899,cust_1dba12677e1c,pay_79298621481ac3,7,0.965,0,786.12,INR,card,authentication_failed,1,1.24,REMINDER,,0,True,786.12,1.87
rec_00aca6f6c5a239,cust_54fc286f7457,pay_12690da040a1d5,37,0.715,11,1808.47,INR,card,payment_method_issue,1,1.32,PAYMENT_LINK,,0,True,1808.47,2.56
rec_806408648679f3,cust_a832a2288c65,pay_2f810a22ef9158,5,0.836,1,603.59,INR,upi,insufficient_funds,1,1.35,PAYMENT_LINK,,0,False,0.0,0.0
rec_bcb93301acd25e,cust_a832a2288c65,pay_2f810a22ef9158,5,0.836,1,603.59,INR,upi,insufficient_funds,2,18.93,REMINDER,PAYMENT_LINK,1,True,603.59,19.13
rec_b0f85cfda88e74,cust_4797b2c95720,pay_0fa633642391d0,23,0.759,6,2329.22,INR,card,technical_error,1,0.65,PAYMENT_LINK,,0,False,0.0,0.0
rec_3e0291a523b618,cust_4797b2c95720,pay_0fa633642391d0,23,0.759,6,2329.22,INR,card,technical_error,2,10.58,REMINDER,PAYMENT_LINK,1,False,0.0,0.0
rec_6732181cec9630,cust_4797b2c95720,pay_0fa633642391d0,23,0.759,6,2329.22,INR,card,technical_error,3,21.37,PAYMENT_LINK,REMINDER,2,False,0.0,0.0
rec_393412dfb22edc,cust_ba1082170ad7,pay_55aa17bc8be258,12,0.893,1,10857.53,INR,upi,bank_timeout,1,0.42,REMINDER,,0,False,0.0,0.0
rec_2fec3a93d53751,cust_ba1082170ad7,pay_55aa17bc8be258,12,0.893,1,10857.53,INR,upi,bank_timeout,2,8.76,PAYMENT_LINK,REMINDER,1,False,0.0,0.0
rec_5440e27651b189,cust_31b42308b846,pay_f3e49076c22636,32,0.808,6,6922.31,INR,netbanking,authentication_failed,1,0.26,RETRY,,0,False,0.0,0.0
rec_4952940960d29c,cust_a0135044a041,pay_a358d3b551eed8,1,0.746,0,2607.82,INR,netbanking,bank_timeout,1,0.31,RETRY,,0,True,2607.82,1.31
rec_6d680b79f7d145,cust_cae9b4a72a79,pay_203b16f79a9c15,13,0.614,5,2024.45,INR,card,authentication_failed,1,0.54,REMINDER,,0,False,0.0,0.0
rec_7351c8c153ce8a,cust_cae9b4a72a79,pay_203b16f79a9c15,13,0.614,5,2024.45,INR,card,authentication_failed,2,13.03,REMINDER,REMINDER,1,False,0.0,0.0
rec_49565e624269a6,cust_d82010d1f4c8,pay_25cf772b7d4844,14,0.957,1,819.29,INR,upi,bank_timeout,1,1.84,REMINDER,,0,True,819.29,2.81
rec_2ebd9ffb9ccc30,cust_675dd5af3c36,pay_8e2671e0e55992,2,0.867,0,2710.31,INR,card,technical_error,1,1.02,REMINDER,,0,False,0.0,0.0
rec_32e46e4b257b03,cust_675dd5af3c36,pay_8e2671e0e55992,2,0.867,0,2710.31,INR,card,technical_error,2,6.92,REMINDER,REMINDER,1,True,2710.31,9.15
rec_b788a4fb887b79,cust_82f738611adb,pay_26a3a61e66bb2e,4,0.738,1,42304.34,INR,card,technical_error,1,0.42,PAYMENT_LINK,,0,False,0.0,0.0
rec_19eecdafa69579,cust_82f738611adb,pay_26a3a61e66bb2e,4,0.738,1,42304.34,INR,card,technical_error,2,8.27,REMINDER,PAYMENT_LINK,1,False,0.0,0.0
rec_63d23e7eed975e,cust_82f738611adb,pay_26a3a61e66bb2e,4,0.738,1,42304.34,INR,card,technical_error,3,25.31,REMINDER,REMINDER,2,False,0.0,0.0
rec_c4742f84c143be,cust_00a854738242,pay_7df3a6798990a1,2,0.902,0,573.56,INR,card,insufficient_funds,1,0.21,RETRY,,0,False,0.0,0.0
rec_35d5fb1d8f9e0f,cust_00a854738242,pay_7df3a6798990a1,2,0.902,0,573.56,INR,card,insufficient_funds,2,11.57,PAYMENT_LINK,RETRY,1,True,573.56,13.86
rec_2b48b49be044a2,cust_4fc777685ebb,pay_5edc808ed8d21e,17,0.818,3,24817.27,INR,netbanking,payment_method_issue,1,1.26,PAYMENT_LINK,,0,False,0.0,0.0
rec_1ac2b7be76d0c7,cust_35b8726ce462,pay_6f1a5e33c154bb,13,0.862,2,1703.47,INR,card,authentication_failed,1,0.69,REMINDER,,0,False,0.0,0.0
rec_2c0686890997fc,cust_35b8726ce462,pay_6f1a5e33c154bb,13,0.862,2,1703.47,INR,card,authentication_failed,2,10.02,PAYMENT_LINK,REMINDER,1,False,0.0,0.0
rec_650a677ff52412,cust_2a9edda7761a,pay_13a8573a33a14d,5,0.785,1,1352.96,INR,card,bank_timeout,1,0.39,RETRY,,0,False,0.0,0.0
rec_b1734d0c4bd8cf,cust_2a9edda7761a,pay_13a8573a33a14d,5,0.785,1,1352.96,INR,card,bank_timeout,2,14.48,PAYMENT_LINK,RETRY,1,True,1352.96,15.04
rec_015699ebf4573c,cust_a449d64f922d,pay_bf2ec4c36151a3,25,0.836,4,1309.86,INR,upi,insufficient_funds,1,1.38,RETRY,,0,False,0.0,0.0
rec_68f8aa2dc61013,cust_a449d64f922d,pay_bf2ec4c36151a3,25,0.836,4,1309.86,INR,upi,insufficient_funds,2,16.81,STOP,RETRY,1,False,0.0,0.0
rec_bfd60fc415c78e,cust_7f6485de7569,pay_f8358c78a44e33,2,0.874,0,3513.19,INR,upi,payment_method_issue,1,0.16,RETRY,,0,False,0.0,0.0
rec_5f837ce0a90879,cust_7f6485de7569,pay_f8358c78a44e33,2,0.874,0,3513.19,INR,upi,payment_method_issue,2,17.23,RETRY,RETRY,1,False,0.0,0.0
rec_24090165dc28ac,cust_7f6485de7569,pay_f8358c78a44e33,2,0.874,0,3513.19,INR,upi,payment_method_issue,3,26.09,STOP,RETRY,2,False,0.0,0.0
rec_56f492339544f2,cust_4336ffe56631,pay_a156567d1fdc09,2,0.86,0,601.57,INR,upi,bank_timeout,1,1.44,RETRY,,0,True,601.57,3.7
rec_08b74593f80887,cust_af2b99b4d9ac,pay_76bb32c2f2f6e3,15,0.729,4,2889.67,INR,wallet,network_error,1,0.83,PAYMENT_LINK,,0,True,2889.67,1.1
rec_8b6579266af361,cust_714b5c036057,pay_d8bfa2fff92f51,7,0.419,4,1038.35,INR,card,bank_timeout,1,1.81,RETRY,,0,True,1038.35,4.19
rec_c4ab05bf7a4ad1,cust_e0354d75a90d,pay_c4ef6b6bee9770,28,0.877,3,5790.62,INR,wallet,insufficient_funds,1,0.32,REMINDER,,0,False,0.0,0.0
rec_b394786f60d047,cust_032a461adf9b,pay_1c746ebc84f51d,7,0.777,2,372.96,INR,netbanking,bank_timeout,1,0.6,RETRY,,0,False,0.0,0.0
rec_5a74ad5d4a2647,cust_032a461adf9b,pay_1c746ebc84f51d,7,0.777,2,372.96,INR,netbanking,bank_timeout,2,15.21,REMINDER,RETRY,1,False,0.0,0.0
rec_3f1c184d5e12cd,cust_01e6ee9a9ac5,pay_343dae363a1f8d,10,0.799,2,2453.25,INR,netbanking,technical_error,1,0.93,RETRY,,0,True,2453.25,2.07
rec_d8c142399bfe64,cust_c00b19de38db,pay_e75c1e5f4524b0,9,0.653,3,660.26,INR,upi,insufficient_funds,1,1.65,REMINDER,,0,True,660.26,3.55
rec_49446c4d02af11,cust_9be78aec32da,pay_1263ead35d4263,16,0.732,4,2871.13,INR,upi,unknown,1,0.78,PAYMENT_LINK,,0,False,0.0,0.0
rec_89f00d93323727,cust_1af026df3f64,pay_d1eb39450b1799,16,0.9,2,49777.68,INR,upi,authentication_failed,1,1.97,PAYMENT_LINK,,0,True,49777.68,4.46
rec_e4a254646896e3,cust_e645f129629c,pay_333682f787a755,16,0.87,2,1239.14,INR,card,payment_method_issue,1,1.31,PAYMENT_LINK,,0,True,1239.14,1.47
rec_4815a8e7704568,cust_46fc4ff212f1,pay_8ecd11a7c94e79,29,0.791,6,42418.77,INR,card,payment_method_issue,1,0.37,REMINDER,,0,False,0.0,0.0
rec_bb577197a9a104,cust_46fc4ff212f1,pay_8ecd11a7c94e79,29,0.791,6,42418.77,INR,card,payment_method_issue,2,8.59,PAYMENT_LINK,REMINDER,1,True,42418.77,10.06
rec_152da48958cb1c,cust_bc4716ad0970,pay_7b1a79525293c0,25,0.862,3,1708.39,INR,netbanking,bank_timeout,1,1.25,RETRY,,0,False,0.0,0.0
rec_b19a17b4e2fc08,cust_e098d2e3bd3f,pay_19632c983c188c,1,0.513,0,1829.81,INR,card,authentication_failed,1,1.28,PAYMENT_LINK,,0,True,1829.81,3.1
rec_594fc4896fbc7e,cust_0bb401e769f7,pay_ba77f53298b8d8,8,0.652,3,6262.29,INR,upi,technical_error,1,1.49,RETRY,,0,False,0.0,0.0
rec_a3d5552ab02a90,cust_0bb401e769f7,pay_ba77f53298b8d8,8,0.652,3,6262.29,INR,upi,technical_error,2,5.78,RETRY,RETRY,1,False,0.0,0.0
rec_ecf8c47dccd2eb,cust_76c9aeb22ae7,pay_d15b4b17fd9466,6,0.912,1,952.05,INR,netbanking,technical_error,1,0.15,REMINDER,,0,False,0.0,0.0
rec_8d8630c5c594e4,cust_4a85e4433ba8,pay_4dedee48ec4b27,3,0.97,0,212.45,INR,card,payment_method_issue,1,0.79,PAYMENT_LINK,,0,False,0.0,0.0
rec_74b410d6b1c99d,cust_2ec3641124df,pay_22524bc658aecc,4,0.728,1,683.56,INR,wallet,bank_timeout,1,1.85,RETRY,,0,True,683.56,3.93
rec_9bea2b800fa743,cust_ba1082170ad7,pay_ee1497d1012405,12,0.893,1,10874.46,INR,upi,authentication_failed,1,0.42,PAYMENT_LINK,,0,True,10874.46,2.2
rec_f3b96ed7b8adb5,cust_0a1bebd3e60e,pay_6053c8bac98158,3,0.8,1,8485.04,INR,upi,bank_timeout,1,1.5,RETRY,,0,True,8485.04,3.26
rec_4b9d196c7d0f14,cust_43d88870f81d,pay_bb797537fdc82a,7,0.743,2,533.1,INR,card,bank_timeout,1,1.7,RETRY,,0,True,533.1,2.72
rec_3e91a95865207f,cust_71414f58db8e,pay_d9f98a9898192e,6,0.304,4,1732.61,INR,card,insufficient_funds,1,0.53,RETRY,,0,False,0.0,0.0
rec_605ef40af8c0e9,cust_bbb24366704f,pay_c8344fbf3fe5ac,48,0.912,4,2385.54,INR,netbanking,bank_timeout,1,0.39,ESCALATE,,0,False,0.0,0.0
rec_a97629e421b04c,cust_bbb24366704f,pay_c8344fbf3fe5ac,48,0.912,4,2385.54,INR,netbanking,bank_timeout,2,15.5,REMINDER,ESCALATE,1,False,0.0,0.0
rec_ddc7c8cfbac819,cust_c36b9a0a41e0,pay_a0bf96f9ed3adb,22,0.883,3,4569.57,INR,upi,unknown,1,0.12,PAYMENT_LINK,,0,True,4569.57,2.07
rec_8c48c12b174780,cust_8bb5f2425105,pay_e2d343dbfbfd6c,11,0.805,2,4759.42,INR,card,insufficient_funds,1,0.57,PAYMENT_LINK,,0,True,4759.42,2.06
rec_707bf53a932f02,cust_f692641a9aad,pay_aaf022ad479963,7,0.7,2,8247.96,INR,upi,technical_error,1,1.41,RETRY,,0,True,8247.96,2.76
rec_04228cd094512d,cust_37bb3eec4bf5,pay_e3eefbebc5ee8f,65,0.901,6,2191.1,INR,card,bank_timeout,1,1.4,PAYMENT_LINK,,0,False,0.0,0.0
rec_f918d07dd6de9d,cust_1d4a3d81b3a7,pay_6439fc5fedceb1,10,0.87,1,2759.34,INR,upi,network_error,1,0.73,RETRY,,0,False,0.0,0.0
rec_d2d727ce0a04e0,cust_1d4a3d81b3a7,pay_6439fc5fedceb1,10,0.87,1,2759.34,INR,upi,network_error,2,17.69,REMINDER,RETRY,1,False,0.0,0.0
rec_a6f1e2b14eef2d,cust_1d4a3d81b3a7,pay_6439fc5fedceb1,10,0.87,1,2759.34,INR,upi,network_error,3,29.5,PAYMENT_LINK,REMINDER,2,False,0.0,0.0
rec_97b302ec934939,cust_f95f17e6d8ea,pay_4cb66b8c6332f6,12,0.822,2,2631.63,INR,card,technical_error,1,1.38,RETRY,,0,False,0.0,0.0
rec_a0be1e4c61b4ab,cust_f95f17e6d8ea,pay_4cb66b8c6332f6,12,0.822,2,2631.63,INR,card,technical_error,2,4.47,RETRY,RETRY,1,True,2631.63,5.52
rec_8be56f778a188a,cust_01b062c19aad,pay_250d5a8510883e,6,0.464,3,2748.6,INR,netbanking,insufficient_funds,1,2.0,PAYMENT_LINK,,0,False,0.0,0.0
rec_a3f43ad8fcee8c,cust_01b062c19aad,pay_250d5a8510883e,6,0.464,3,2748.6,INR,netbanking,insufficient_funds,2,18.7,REMINDER,PAYMENT_LINK,1,True,2748.6,20.65
rec_82a8b9afc1d10a,cust_edb68b81cec6,pay_b08dddce985eca,5,0.741,1,353.89,INR,upi,technical_error,1,0.67,RETRY,,0,False,0.0,0.0
rec_e2436a0f228143,cust_edb68b81cec6,pay_b08dddce985eca,5,0.741,1,353.89,INR,upi,technical_error,2,12.49,RETRY,RETRY,1,True,353.89,14.8
rec_f6574d8505e211,cust_026f05f619ce,pay_9393e2d97f972c,6,0.834,1,34510.33,INR,card,unknown,1,0.67,REMINDER,,0,False,0.0,0.0
rec_51326dda73510a,cust_026f05f619ce,pay_9393e2d97f972c,6,0.834,1,34510.33,INR,card,unknown,2,9.97,STOP,REMINDER,1,False,0.0,0.0
rec_043a6cbcd0323d,cust_9f8acdeb2e8f,pay_9f0c64dd2d2cb0,22,0.922,2,44263.05,INR,upi,authentication_failed,1,0.11,ESCALATE,,0,True,44263.05,0.64
rec_7826ef67befab9,cust_71414f58db8e,pay_ee885dc0a1fc2f,6,0.304,4,2252.16,INR,card,payment_method_issue,1,0.28,REMINDER,,0,True,2252.16,1.86
rec_d616cdb75555f7,cust_a995ecc36f5b,pay_731e45fe24b4c7,2,0.283,1,2727.37,INR,card,bank_timeout,1,0.12,REMINDER,,0,False,0.0,0.0
rec_7ef36bc694419d,cust_a995ecc36f5b,pay_731e45fe24b4c7,2,0.283,1,2727.37,INR,card,bank_timeout,2,6.32,PAYMENT_LINK,REMINDER,1,False,0.0,0.0
rec_53743050fdd5d7,cust_4c9bff5ce188,pay_4877c267fe32c2,6,0.729,2,1109.96,INR,upi,authentication_failed,1,1.2,RETRY,,0,False,0.0,0.0
rec_88ebca7cabc811,cust_b1356d676d4e,pay_d2e4a3baae67a3,34,0.958,1,790.5,INR,upi,network_error,1,0.16,RETRY,,0,True,790.5,1.46
rec_add58f1b02aa40,cust_084d7822da94,pay_9c96ae70f50f56,1,0.883,0,2142.14,INR,netbanking,bank_timeout,1,1.55,RETRY,,0,True,2142.14,1.94
rec_84445979d91aa7,cust_ef0a573d53d2,pay_4fe010a318efa7,12,0.942,1,2053.05,INR,upi,network_error,1,0.39,RETRY,,0,True,2053.05,2.78
rec_811ca927a93d60,cust_cf0df860ebc9,pay_92ead94d6a194a,62,0.264,46,3408.43,INR,upi,bank_timeout,1,0.7,RETRY,,0,True,3408.43,2.18
rec_b7ca739eac60f4,cust_a5accd5a48f1,pay_1219ee286f7bc1,2,0.322,1,896.79,INR,upi,payment_method_issue,1,0.97,REMINDER,,0,False,0.0,0.0
rec_79f85fff820ca3,cust_a5accd5a48f1,pay_1219ee286f7bc1,2,0.322,1,896.79,INR,upi,payment_method_issue,2,13.0,REMINDER,REMINDER,1,True,896.79,14.08
rec_51220445f54c0d,cust_94f79dbac581,pay_e08aded83c86a1,19,0.905,2,20650.42,INR,wallet,payment_method_issue,1,1.95,PAYMENT_LINK,,0,True,20650.42,3.13
rec_5d0803d61233ee,cust_d8f8001856fe,pay_75566a1cbea354,3,0.948,0,9124.16,INR,netbanking,insufficient_funds,1,0.12,PAYMENT_LINK,,0,False,0.0,0.0
rec_a4440e69aa3acf,cust_d8f8001856fe,pay_75566a1cbea354,3,0.948,0,9124.16,INR,netbanking,insufficient_funds,2,17.04,PAYMENT_LINK,PAYMENT_LINK,1,True,9124.16,17.91
rec_64a71e8c5c0a1c,cust_dec56dc3ad96,pay_12f773c237eb53,2,0.544,1,20711.71,INR,card,network_error,1,0.31,RETRY,,0,True,20711.71,2.38
rec_0e82b45febabc2,cust_1b3dbd5ce9a1,pay_7c90b3d4eca1a6,26,0.84,4,372.33,INR,netbanking,authentication_failed,1,1.77,RETRY,,0,False,0.0,0.0
rec_fe2e7cee2bdcce,cust_88fc3da1781d,pay_e0c6043dff7d7d,1,0.623,0,1742.41,INR,netbanking,unknown,1,0.65,RETRY,,0,False,0.0,0.0
rec_abb53a2b298ba4,cust_94f79dbac581,pay_28ec1167cb1487,19,0.905,2,8589.58,INR,card,technical_error,1,1.89,PAYMENT_LINK,,0,False,0.0,0.0
rec_525751cf99deee,cust_94f79dbac581,pay_28ec1167cb1487,19,0.905,2,8589.58,INR,card,technical_error,2,8.21,REMINDER,PAYMENT_LINK,1,False,0.0,0.0
rec_8c5dcee53508e1,cust_a6cc0a578e01,pay_1bc992519f3114,4,0.547,2,11770.24,INR,card,authentication_failed,1,1.2,PAYMENT_LINK,,0,True,11770.24,2.6
rec_4f588a792e8030,cust_e42aa836989b,pay_974e767065b5b3,2,0.819,0,2286.06,INR,upi,insufficient_funds,1,1.78,REMINDER,,0,False,0.0,0.0
rec_780498b7546c95,cust_e42aa836989b,pay_974e767065b5b3,2,0.819,0,2286.06,INR,upi,insufficient_funds,2,14.13,REMINDER,REMINDER,1,False,0.0,0.0
rec_9db467cf25c5ab,cust_a7df30b2356f,pay_12a25977a1e9d5,6,0.72,2,1105.49,INR,card,bank_timeout,1,1.05,RETRY,,0,True,1105.49,2.16
rec_113cd0635002f5,cust_ae38cf4647f8,pay_443ddde5ef5f2a,34,0.762,8,2860.61,INR,upi,bank_timeout,1,0.77,RETRY,,0,True,2860.61,2.13
rec_f118178d4fd891,cust_54ec84ce002c,pay_3fe542c5dbf19d,2,0.761,0,9458.16,INR,upi,payment_method_issue,1,0.5,RETRY,,0,False,0.0,0.0
rec_afc91a2092d2ba,cust_54ec84ce002c,pay_3fe542c5dbf19d,2,0.761,0,9458.16,INR,upi,payment_method_issue,2,6.85,PAYMENT_LINK,RETRY,1,False,0.0,0.0
rec_d15e64ed742596,cust_d029733c9e55,pay_42307605934c4a,25,0.515,12,22383.9,INR,upi,unknown,1,1.27,RETRY,,0,False,0.0,0.0
rec_67db7392766a2e,cust_2c4f54163c74,pay_e57a4e6ed453bd,19,0.92,2,1264.21,INR,netbanking,insufficient_funds,1,1.8,PAYMENT_LINK,,0,True,1264.21,3.91
rec_1390081a9e3633,cust_d1fcdedd6102,pay_0f1a3b47a845f3,33,0.784,7,1472.71,INR,card,insufficient_funds,1,0.74,REMINDER,,0,True,1472.71,1.86
rec_dbb70c2c4397b1,cust_0bd18d4a4cf4,pay_38d633cf909cca,10,0.965,0,8489.19,INR,card,bank_timeout,1,0.95,PAYMENT_LINK,,0,True,8489.19,1.03
rec_d0ff273c065faa,cust_75b17a55d426,pay_ed268b5a6a7f62,21,0.969,1,40718.61,INR,upi,unknown,1,1.62,RETRY,,0,False,0.0,0.0
rec_8cba4f7c8ec9ed,cust_5f06bc767b77,pay_eb7926ee3b88f1,12,0.852,2,924.24,INR,upi,insufficient_funds,1,0.38,PAYMENT_LINK,,0,True,924.24,2.05
rec_eeb6ed8e89fb52,cust_0c754a170131,pay_3ea5c32869007c,28,0.786,6,2248.66,INR,upi,authentication_failed,1,1.82,ESCALATE,,0,True,2248.66,3.08
rec_1cf502c737ca0c,cust_407c43704886,pay_12cbffe1d83b52,2,0.825,0,45870.64,INR,upi,authentication_failed,1,1.87,PAYMENT_LINK,,0,True,45870.64,2.25
rec_76135341237924,cust_712ab8eb3756,pay_e0655ad4adcded,6,0.71,2,10809.75,INR,upi,authentication_failed,1,1.96,PAYMENT_LINK,,0,True,10809.75,3.38
rec_5fb1a7530c2645,cust_1bf43b9f9fda,pay_b18dd4f5066752,4,0.43,2,2530.38,INR,upi,authentication_failed,1,1.67,REMINDER,,0,True,2530.38,2.77
rec_60464e2d584b36,cust_054edd713977,pay_8e239b32cab240,3,0.666,1,7195.81,INR,card,insufficient_funds,1,1.02,RETRY,,0,False,0.0,0.0
rec_fe4c3f18d7b2aa,cust_054edd713977,pay_8e239b32cab240,3,0.666,1,7195.81,INR,card,insufficient_funds,2,16.21,REMINDER,RETRY,1,False,0.0,0.0
rec_5bd2de0b751caf,cust_7808a00402a4,pay_d64ca2c1164d99,29,0.892,3,13345.97,INR,card,payment_method_issue,1,1.68,PAYMENT_LINK,,0,True,13345.97,2.36
rec_8662d597dd2853,cust_2c691f0442bb,pay_3f7389c8e15be8,19,0.834,3,1438.58,INR,upi,insufficient_funds,1,1.15,PAYMENT_LINK,,0,True,1438.58,2.53
rec_73b64e2a47f8fa,cust_b2d7692aeb70,pay_2408f883e44f1e,17,0.737,4,9212.76,INR,card,network_error,1,0.29,RETRY,,0,False,0.0,0.0
rec_5b29d8813e5997,cust_b2d7692aeb70,pay_2408f883e44f1e,17,0.737,4,9212.76,INR,card,network_error,2,7.34,REMINDER,RETRY,1,False,0.0,0.0
rec_3c76324f7c5848,cust_65d0b51788d0,pay_e644df29abcd3b,8,0.8,2,4497.39,INR,upi,bank_timeout,1,0.12,RETRY,,0,True,4497.39,2.39
rec_dea6383f425d69,cust_38aa76dfdb6b,pay_c9052acf943b12,6,0.86,1,2741.09,INR,upi,insufficient_funds,1,1.31,REMINDER,,0,False,0.0,0.0
rec_bbde3667174900,cust_76492e64f55d,pay_2436df333e9384,4,0.745,1,3790.11,INR,netbanking,technical_error,1,0.81,RETRY,,0,False,0.0,0.0
rec_2628918cf5472b,cust_fb4fb88a2f4d,pay_a29455bca728b8,22,0.724,6,1449.11,INR,card,authentication_failed,1,1.49,REMINDER,,0,False,0.0,0.0
rec_8814a10e1e3c14,cust_fb4fb88a2f4d,pay_a29455bca728b8,22,0.724,6,1449.11,INR,card,authentication_failed,2,13.8,STOP,REMINDER,1,False,0.0,0.0
rec_035972238bc1a6,cust_9be78aec32da,pay_8101bbbaf4ffb7,16,0.732,4,694.8,INR,card,bank_timeout,1,0.72,RETRY,,0,False,0.0,0.0
rec_1cb8fd55f3ea26,cust_9be78aec32da,pay_8101bbbaf4ffb7,16,0.732,4,694.8,INR,card,bank_timeout,2,11.83,PAYMENT_LINK,RETRY,1,True,694.8,14.14
rec_1a78cafb0c3935,cust_096765693cb2,pay_3b3dabffbe487c,10,0.728,3,2214.61,INR,upi,bank_timeout,1,1.57,RETRY,,0,True,2214.61,2.8
rec_5225cbb8c0aa3d,cust_e44a913af933,pay_5c870128d9dbc8,6,0.892,1,709.55,INR,card,insufficient_funds,1,1.51,PAYMENT_LINK,,0,True,709.55,2.36
rec_b8f631643a11e1,cust_dc713d960c0f,pay_f87acb6285451d,3,0.474,2,9158.61,INR,card,network_error,1,0.45,RETRY,,0,False,0.0,0.0
rec_45ac7b384d0443,cust_dc713d960c0f,pay_f87acb6285451d,3,0.474,2,9158.61,INR,card,network_error,2,13.28,REMINDER,RETRY,1,False,0.0,0.0
rec_71aa0cada8b54f,cust_dc713d960c0f,pay_f87acb6285451d,3,0.474,2,9158.61,INR,card,network_error,3,21.95,ESCALATE,REMINDER,2,True,9158.61,23.11
rec_a5bb2518df5e64,cust_81dec9db0abe,pay_624d1294b46c0a,12,0.965,0,2029.53,INR,upi,payment_method_issue,1,0.29,RETRY,,0,False,0.0,0.0
rec_6031f93c92642b,cust_81dec9db0abe,pay_624d1294b46c0a,12,0.965,0,2029.53,INR,upi,payment_method_issue,2,9.11,PAYMENT_LINK,RETRY,1,True,2029.53,10.99
rec_2f3645da2c93fb,cust_4bbe4aff9326,pay_ef4ec715e71684,6,0.766,1,14031.96,INR,wallet,network_error,1,0.83,PAYMENT_LINK,,0,False,0.0,0.0
rec_c8d19090fd049f,cust_4bbe4aff9326,pay_ef4ec715e71684,6,0.766,1,14031.96,INR,wallet,network_error,2,13.81,ESCALATE,PAYMENT_LINK,1,True,14031.96,14.01
rec_f23e868ee012c1,cust_054f92fff366,pay_4a789eeed71aea,2,0.618,1,5153.44,INR,card,payment_method_issue,1,1.46,PAYMENT_LINK,,0,True,5153.44,2.96
rec_803a1f96d9d50f,cust_25e4240364f2,pay_b116fe4375ad62,11,0.762,3,7086.3,INR,upi,payment_method_issue,1,0.41,PAYMENT_LINK,,0,True,7086.3,1.67
rec_e91efba7e11c80,cust_031eef965f71,pay_b4fa2e1202e5af,6,0.939,0,6589.4,INR,upi,unknown,1,1.63,ESCALATE,,0,True,6589.4,3.81
rec_1cc654ee8d5a51,cust_47c68688ecf3,pay_db3bbdb08c0fc8,27,0.713,8,2927.91,INR,card,payment_method_issue,1,1.8,PAYMENT_LINK,,0,True,2927.91,2.2
rec_9820963fd9be45,cust_7875b1c77724,pay_ac901d63417004,8,0.892,1,1050.96,INR,upi,bank_timeout,1,1.59,RETRY,,0,True,1050.96,3.51
rec_1648c5029420b8,cust_7010f7197e69,pay_ada3fc72765534,15,0.964,1,2659.29,INR,upi,network_error,1,0.24,REMINDER,,0,True,2659.29,2.46
rec_12b5cda0d5098a,cust_bd20c36a2705,pay_e5316f5a6de0e9,8,0.706,2,605.41,INR,upi,payment_method_issue,1,1.36,REMINDER,,0,False,0.0,0.0
rec_7d72b3616f19da,cust_bd20c36a2705,pay_e5316f5a6de0e9,8,0.706,2,605.41,INR,upi,payment_method_issue,2,6.76,PAYMENT_LINK,REMINDER,1,True,605.41,8.84
rec_7b21022e2c4f67,cust_d757ad381498,pay_6327df196c060d,39,0.85,6,388.04,INR,upi,bank_timeout,1,1.65,ESCALATE,,0,True,388.04,3.23
rec_6034fc7bd371d6,cust_011bb3488981,pay_f07251d13b51eb,3,0.779,1,1926.52,INR,upi,insufficient_funds,1,0.1,PAYMENT_LINK,,0,False,0.0,0.0
rec_d5747427d5e466,cust_011bb3488981,pay_f07251d13b51eb,3,0.779,1,1926.52,INR,upi,insufficient_funds,2,14.29,ESCALATE,PAYMENT_LINK,1,True,1926.52,14.59
rec_8177951cb8d6e9,cust_27d415b60d77,pay_f51805e71536f9,16,0.859,2,9089.97,INR,upi,payment_method_issue,1,0.45,PAYMENT_LINK,,0,False,0.0,0.0
rec_5e81cfe9582543,cust_27d415b60d77,pay_f51805e71536f9,16,0.859,2,9089.97,INR,upi,payment_method_issue,2,12.24,PAYMENT_LINK,PAYMENT_LINK,1,True,9089.97,14.46
rec_2837746bea6e10,cust_2dc091587b83,pay_ebc2fabaff9c1f,14,0.816,3,8127.34,INR,card,authentication_failed,1,1.18,PAYMENT_LINK,,0,True,8127.34,3.3
rec_7bedf00d508dcf,cust_481186e91625,pay_d459bb16e75bf3,32,0.92,3,719.75,INR,card,network_error,1,1.62,RETRY,,0,True,719.75,2.59
rec_873e1bfe0d8875,cust_333822d16691,pay_797aae983efcc4,13,0.921,1,2800.05,INR,upi,authentication_failed,1,0.71,PAYMENT_LINK,,0,True,2800.05,2.99
rec_cd9306df3d85a5,cust_8e867f3ca487,pay_cd60b7ae342f2b,23,0.61,9,6954.77,INR,card,insufficient_funds,1,0.65,PAYMENT_LINK,,0,False,0.0,0.0
rec_a532fa2ccfb7fd,cust_8e867f3ca487,pay_cd60b7ae342f2b,23,0.61,9,6954.77,INR,card,insufficient_funds,2,13.88,REMINDER,PAYMENT_LINK,1,True,6954.77,14.66
rec_84993a0af90a7b,cust_466534972fe9,pay_701b86a5dda4b5,1,0.748,0,766.8,INR,upi,authentication_failed,1,0.95,REMINDER,,0,True,766.8,1.08
rec_068ad0056adfba,cust_2aa814da56ec,pay_7bb3a0cff70af7,14,0.841,2,10471.96,INR,card,network_error,1,1.49,RETRY,,0,True,10471.96,3.17
rec_ac7b45b90e4d3d,cust_a34db7c5760d,pay_86ade6a1563538,12,0.956,1,27154.12,INR,card,insufficient_funds,1,1.84,PAYMENT_LINK,,0,True,27154.12,3.85
rec_cb6c39b9899d71,cust_a12301935c53,pay_665ee4166a7f02,9,0.804,2,6199.47,INR,netbanking,unknown,1,1.02,RETRY,,0,True,6199.47,3.43
rec_b3ab881595c623,cust_20afaf9e0f7c,pay_08ced9f48a3986,16,0.768,4,46365.4,INR,upi,bank_timeout,1,1.26,RETRY,,0,True,46365.4,3.63
rec_9d135461c28080,cust_a8e56e0c20de,pay_b9b1268b9ec499,8,0.913,1,8962.57,INR,upi,technical_error,1,0.22,RETRY,,0,False,0.0,0.0
rec_14962658e05ae2,cust_fe99df69bcd4,pay_8b2750e06b4308,18,0.916,2,954.44,INR,upi,bank_timeout,1,0.48,RETRY,,0,True,954.44,1.04
rec_0e953e25fed2cc,cust_79e13ceab0cb,pay_0d77f547028856,2,0.837,0,6162.15,INR,card,network_error,1,0.13,RETRY,,0,True,6162.15,1.48
rec_15719151c86dec,cust_720b274b82a7,pay_43755facc414a3,2,0.863,0,566.03,INR,card,insufficient_funds,1,1.63,PAYMENT_LINK,,0,True,566.03,3.58
rec_bbe7d16e6c2c3a,cust_dfa0bc178db9,pay_01dc1f56cb9b4f,9,0.813,2,1642.0,INR,upi,bank_timeout,1,1.42,RETRY,,0,True,1642.0,1.81
rec_d6f898f907d9ba,cust_9b5f8f39848b,pay_b2bca17cac79fa,15,0.54,7,2032.92,INR,card,payment_method_issue,1,1.75,REMINDER,,0,False,0.0,0.0
